

Microchip MPLAB XC8 Assembler V2.41 build 20230208172133 
                                                                                               Thu Sep 10 12:34:24 2026

Microchip MPLAB XC8 C Compiler v2.41 (Free license) build 20230208172133 Og1 
     1                           	processor	16F887
     2                           	pagewidth 120
     3                           	opt	flic
     4                           	psect	idataBANK1,global,class=CODE,delta=2,noexec
     5                           	psect	strings,global,class=STRING,delta=2,noexec
     6                           	psect	cinit,global,class=CODE,merge=1,delta=2
     7                           	psect	bssCOMMON,global,class=COMMON,space=1,delta=1,noexec
     8                           	psect	bssBANK1,global,class=BANK1,space=1,delta=1,noexec
     9                           	psect	dataBANK1,global,class=BANK1,space=1,delta=1,noexec
    10                           	psect	cstackBANK1,global,class=BANK1,space=1,delta=1,noexec
    11                           	psect	cstackCOMMON,global,class=COMMON,space=1,delta=1,noexec
    12                           	psect	cstackBANK0,global,class=BANK0,space=1,delta=1,noexec
    13                           	psect	maintext,global,class=CODE,split=1,delta=2
    14                           	psect	text1,local,class=CODE,merge=1,delta=2
    15                           	psect	text2,local,class=CODE,merge=1,delta=2,group=1
    16                           	psect	text3,local,class=CODE,merge=1,delta=2
    17                           	psect	text4,local,class=CODE,merge=1,delta=2,group=2
    18                           	psect	text5,local,class=CODE,merge=1,delta=2,group=2
    19                           	psect	text6,local,class=CODE,merge=1,delta=2,group=2
    20                           	psect	text7,local,class=CODE,merge=1,delta=2,group=1
    21                           	psect	text8,local,class=CODE,merge=1,delta=2,group=1
    22                           	psect	text9,local,class=CODE,merge=1,delta=2,group=1
    23                           	psect	text10,local,class=CODE,merge=1,delta=2,group=1
    24                           	psect	text11,local,class=CODE,merge=1,delta=2,group=2
    25                           	psect	text12,local,class=CODE,merge=1,delta=2,group=1
    26                           	psect	text13,local,class=CODE,merge=1,delta=2,group=1
    27                           	psect	text14,local,class=CODE,merge=1,delta=2,group=1
    28                           	psect	text15,local,class=CODE,merge=1,delta=2,group=1
    29                           	psect	text16,local,class=CODE,merge=1,delta=2,group=1
    30                           	psect	text17,local,class=CODE,merge=1,delta=2,group=1
    31                           	psect	text18,local,class=CODE,merge=1,delta=2
    32                           	psect	text19,local,class=CODE,merge=1,delta=2
    33                           	psect	text20,local,class=CODE,merge=1,delta=2
    34                           	psect	text21,local,class=CODE,merge=1,delta=2
    35                           	psect	text22,local,class=CODE,merge=1,delta=2
    36                           	psect	text23,local,class=CODE,merge=1,delta=2
    37                           	psect	text24,local,class=CODE,merge=1,delta=2
    38                           	psect	text25,local,class=CODE,merge=1,delta=2
    39                           	psect	intentry,global,class=CODE,delta=2
    40                           	psect	idloc,global,abs,ovrld,class=IDLOC,space=5,delta=2,noexec
    41                           	psect	config,global,abs,ovrld,class=CONFIG,space=4,delta=2,noexec
    42                           	dabs	1,0x7E,2
    43     0000                     
    44                           ; Version 2.40
    45                           ; Generated 17/11/2021 GMT
    46                           ; 
    47                           ; Copyright © 2021, Microchip Technology Inc. and its subsidiaries ("Microchip")
    48                           ; All rights reserved.
    49                           ; 
    50                           ; This software is developed by Microchip Technology Inc. and its subsidiaries ("Microch
      +                          ip").
    51                           ; 
    52                           ; Redistribution and use in source and binary forms, with or without modification, are
    53                           ; permitted provided that the following conditions are met:
    54                           ; 
    55                           ;     1. Redistributions of source code must retain the above copyright notice, this lis
      +                          t of
    56                           ;        conditions and the following disclaimer.
    57                           ; 
    58                           ;     2. Redistributions in binary form must reproduce the above copyright notice, this 
      +                          list
    59                           ;        of conditions and the following disclaimer in the documentation and/or other
    60                           ;        materials provided with the distribution. Publication is not required when
    61                           ;        this file is used in an embedded application.
    62                           ; 
    63                           ;     3. Microchip's name may not be used to endorse or promote products derived from th
      +                          is
    64                           ;        software without specific prior written permission.
    65                           ; 
    66                           ; THIS SOFTWARE IS PROVIDED BY MICROCHIP "AS IS" AND ANY EXPRESS OR IMPLIED WARRANTIES,
    67                           ; INCLUDING, BUT NOT LIMITED TO, THE IMPLIED WARRANTIES OF MERCHANTABILITY AND FITNESS F
      +                          OR
    68                           ; PURPOSE ARE DISCLAIMED.  IN NO EVENT SHALL MICROCHIP BE LIABLE FOR ANY DIRECT, INDIREC
      +                          T,
    69                           ; INCIDENTAL, SPECIAL, EXEMPLARY, OR CONSEQUENTIAL DAMAGES (INCLUDING BUT NOT LIMITED TO
    70                           ; PROCUREMENT OF SUBSTITUTE GOODS OR SERVICES; LOSS OF USE, DATA OR PROFITS; OR BUSINESS
    71                           ; INTERRUPTION) HOWSOEVER CAUSED AND ON ANY THEORY OF LIABILITY, WHETHER IN CONTRACT, ST
      +                          RICT
    72                           ; LIABILITY, OR TORT (INCLUDING NEGLIGENCE OR OTHERWISE) ARISING IN ANY WAY OUT OF THE U
      +                          SE OF
    73                           ; THIS SOFTWARE, EVEN IF ADVISED OF THE POSSIBILITY OF SUCH DAMAGE.
    74                           ; 
    75                           ; 
    76                           ; Code-generator required, PIC16F887 Definitions
    77                           ; 
    78                           ; SFR Addresses
    79     0000                     	;# 
    80     0001                     	;# 
    81     0002                     	;# 
    82     0003                     	;# 
    83     0004                     	;# 
    84     0005                     	;# 
    85     0006                     	;# 
    86     0007                     	;# 
    87     0008                     	;# 
    88     0009                     	;# 
    89     000A                     	;# 
    90     000B                     	;# 
    91     000C                     	;# 
    92     000D                     	;# 
    93     000E                     	;# 
    94     000E                     	;# 
    95     000F                     	;# 
    96     0010                     	;# 
    97     0011                     	;# 
    98     0012                     	;# 
    99     0013                     	;# 
   100     0014                     	;# 
   101     0015                     	;# 
   102     0015                     	;# 
   103     0016                     	;# 
   104     0017                     	;# 
   105     0018                     	;# 
   106     0019                     	;# 
   107     001A                     	;# 
   108     001B                     	;# 
   109     001B                     	;# 
   110     001C                     	;# 
   111     001D                     	;# 
   112     001E                     	;# 
   113     001F                     	;# 
   114     0081                     	;# 
   115     0085                     	;# 
   116     0086                     	;# 
   117     0087                     	;# 
   118     0088                     	;# 
   119     0089                     	;# 
   120     008C                     	;# 
   121     008D                     	;# 
   122     008E                     	;# 
   123     008F                     	;# 
   124     0090                     	;# 
   125     0091                     	;# 
   126     0092                     	;# 
   127     0093                     	;# 
   128     0093                     	;# 
   129     0093                     	;# 
   130     0094                     	;# 
   131     0095                     	;# 
   132     0096                     	;# 
   133     0097                     	;# 
   134     0098                     	;# 
   135     0099                     	;# 
   136     009A                     	;# 
   137     009B                     	;# 
   138     009C                     	;# 
   139     009D                     	;# 
   140     009E                     	;# 
   141     009F                     	;# 
   142     0105                     	;# 
   143     0107                     	;# 
   144     0108                     	;# 
   145     0109                     	;# 
   146     010C                     	;# 
   147     010C                     	;# 
   148     010D                     	;# 
   149     010E                     	;# 
   150     010F                     	;# 
   151     0185                     	;# 
   152     0187                     	;# 
   153     0188                     	;# 
   154     0189                     	;# 
   155     018C                     	;# 
   156     018D                     	;# 
   157     0000                     	;# 
   158     0001                     	;# 
   159     0002                     	;# 
   160     0003                     	;# 
   161     0004                     	;# 
   162     0005                     	;# 
   163     0006                     	;# 
   164     0007                     	;# 
   165     0008                     	;# 
   166     0009                     	;# 
   167     000A                     	;# 
   168     000B                     	;# 
   169     000C                     	;# 
   170     000D                     	;# 
   171     000E                     	;# 
   172     000E                     	;# 
   173     000F                     	;# 
   174     0010                     	;# 
   175     0011                     	;# 
   176     0012                     	;# 
   177     0013                     	;# 
   178     0014                     	;# 
   179     0015                     	;# 
   180     0015                     	;# 
   181     0016                     	;# 
   182     0017                     	;# 
   183     0018                     	;# 
   184     0019                     	;# 
   185     001A                     	;# 
   186     001B                     	;# 
   187     001B                     	;# 
   188     001C                     	;# 
   189     001D                     	;# 
   190     001E                     	;# 
   191     001F                     	;# 
   192     0081                     	;# 
   193     0085                     	;# 
   194     0086                     	;# 
   195     0087                     	;# 
   196     0088                     	;# 
   197     0089                     	;# 
   198     008C                     	;# 
   199     008D                     	;# 
   200     008E                     	;# 
   201     008F                     	;# 
   202     0090                     	;# 
   203     0091                     	;# 
   204     0092                     	;# 
   205     0093                     	;# 
   206     0093                     	;# 
   207     0093                     	;# 
   208     0094                     	;# 
   209     0095                     	;# 
   210     0096                     	;# 
   211     0097                     	;# 
   212     0098                     	;# 
   213     0099                     	;# 
   214     009A                     	;# 
   215     009B                     	;# 
   216     009C                     	;# 
   217     009D                     	;# 
   218     009E                     	;# 
   219     009F                     	;# 
   220     0105                     	;# 
   221     0107                     	;# 
   222     0108                     	;# 
   223     0109                     	;# 
   224     010C                     	;# 
   225     010C                     	;# 
   226     010D                     	;# 
   227     010E                     	;# 
   228     010F                     	;# 
   229     0185                     	;# 
   230     0187                     	;# 
   231     0188                     	;# 
   232     0189                     	;# 
   233     018C                     	;# 
   234     018D                     	;# 
   235     0000                     	;# 
   236     0001                     	;# 
   237     0002                     	;# 
   238     0003                     	;# 
   239     0004                     	;# 
   240     0005                     	;# 
   241     0006                     	;# 
   242     0007                     	;# 
   243     0008                     	;# 
   244     0009                     	;# 
   245     000A                     	;# 
   246     000B                     	;# 
   247     000C                     	;# 
   248     000D                     	;# 
   249     000E                     	;# 
   250     000E                     	;# 
   251     000F                     	;# 
   252     0010                     	;# 
   253     0011                     	;# 
   254     0012                     	;# 
   255     0013                     	;# 
   256     0014                     	;# 
   257     0015                     	;# 
   258     0015                     	;# 
   259     0016                     	;# 
   260     0017                     	;# 
   261     0018                     	;# 
   262     0019                     	;# 
   263     001A                     	;# 
   264     001B                     	;# 
   265     001B                     	;# 
   266     001C                     	;# 
   267     001D                     	;# 
   268     001E                     	;# 
   269     001F                     	;# 
   270     0081                     	;# 
   271     0085                     	;# 
   272     0086                     	;# 
   273     0087                     	;# 
   274     0088                     	;# 
   275     0089                     	;# 
   276     008C                     	;# 
   277     008D                     	;# 
   278     008E                     	;# 
   279     008F                     	;# 
   280     0090                     	;# 
   281     0091                     	;# 
   282     0092                     	;# 
   283     0093                     	;# 
   284     0093                     	;# 
   285     0093                     	;# 
   286     0094                     	;# 
   287     0095                     	;# 
   288     0096                     	;# 
   289     0097                     	;# 
   290     0098                     	;# 
   291     0099                     	;# 
   292     009A                     	;# 
   293     009B                     	;# 
   294     009C                     	;# 
   295     009D                     	;# 
   296     009E                     	;# 
   297     009F                     	;# 
   298     0105                     	;# 
   299     0107                     	;# 
   300     0108                     	;# 
   301     0109                     	;# 
   302     010C                     	;# 
   303     010C                     	;# 
   304     010D                     	;# 
   305     010E                     	;# 
   306     010F                     	;# 
   307     0185                     	;# 
   308     0187                     	;# 
   309     0188                     	;# 
   310     0189                     	;# 
   311     018C                     	;# 
   312     018D                     	;# 
   313     0000                     	;# 
   314     0001                     	;# 
   315     0002                     	;# 
   316     0003                     	;# 
   317     0004                     	;# 
   318     0005                     	;# 
   319     0006                     	;# 
   320     0007                     	;# 
   321     0008                     	;# 
   322     0009                     	;# 
   323     000A                     	;# 
   324     000B                     	;# 
   325     000C                     	;# 
   326     000D                     	;# 
   327     000E                     	;# 
   328     000E                     	;# 
   329     000F                     	;# 
   330     0010                     	;# 
   331     0011                     	;# 
   332     0012                     	;# 
   333     0013                     	;# 
   334     0014                     	;# 
   335     0015                     	;# 
   336     0015                     	;# 
   337     0016                     	;# 
   338     0017                     	;# 
   339     0018                     	;# 
   340     0019                     	;# 
   341     001A                     	;# 
   342     001B                     	;# 
   343     001B                     	;# 
   344     001C                     	;# 
   345     001D                     	;# 
   346     001E                     	;# 
   347     001F                     	;# 
   348     0081                     	;# 
   349     0085                     	;# 
   350     0086                     	;# 
   351     0087                     	;# 
   352     0088                     	;# 
   353     0089                     	;# 
   354     008C                     	;# 
   355     008D                     	;# 
   356     008E                     	;# 
   357     008F                     	;# 
   358     0090                     	;# 
   359     0091                     	;# 
   360     0092                     	;# 
   361     0093                     	;# 
   362     0093                     	;# 
   363     0093                     	;# 
   364     0094                     	;# 
   365     0095                     	;# 
   366     0096                     	;# 
   367     0097                     	;# 
   368     0098                     	;# 
   369     0099                     	;# 
   370     009A                     	;# 
   371     009B                     	;# 
   372     009C                     	;# 
   373     009D                     	;# 
   374     009E                     	;# 
   375     009F                     	;# 
   376     0105                     	;# 
   377     0107                     	;# 
   378     0108                     	;# 
   379     0109                     	;# 
   380     010C                     	;# 
   381     010C                     	;# 
   382     010D                     	;# 
   383     010E                     	;# 
   384     010F                     	;# 
   385     0185                     	;# 
   386     0187                     	;# 
   387     0188                     	;# 
   388     0189                     	;# 
   389     018C                     	;# 
   390     018D                     	;# 
   391                           
   392                           	psect	idataBANK1
   393     07F7                     __pidataBANK1:
   394                           
   395                           ;initializer for _ascii
   396     07F7  3430               	retlw	48
   397     07F8  3400               	retlw	0
   398                           
   399                           	psect	strings
   400     1000                     __pstrings:
   401     1000                     stringtab:
   402     1000                     __stringtab:
   403     1000                     stringcode:	
   404                           ;	String table - string pointers are 1 byte each
   405                           
   406     1000                     stringdir:
   407     1000  3010               	movlw	high stringdir
   408     1001  008A               	movwf	10
   409     1002  0804               	movf	4,w
   410     1003  0A84               	incf	4,f
   411     1004  0782               	addwf	2,f
   412     1005                     __stringbase:
   413     1005  3400               	retlw	0
   414     1006                     __end_of__stringtab:
   415     1006                     sin@coeff_a:
   416     1006  34EC               	retlw	236
   417     1007  34F3               	retlw	243
   418     1008  344A               	retlw	74
   419     1009  3448               	retlw	72
   420     100A  3435               	retlw	53
   421     100B  3495               	retlw	149
   422     100C  3495               	retlw	149
   423     100D  34C7               	retlw	199
   424     100E  3417               	retlw	23
   425     100F  34C1               	retlw	193
   426     1010  34DC               	retlw	220
   427     1011  3445               	retlw	69
   428     1012  34FD               	retlw	253
   429     1013  34DB               	retlw	219
   430     1014  346D               	retlw	109
   431     1015  34C3               	retlw	195
   432     1016  3472               	retlw	114
   433     1017  34B3               	retlw	179
   434     1018  3433               	retlw	51
   435     1019  3440               	retlw	64
   436     101A                     __end_ofsin@coeff_a:
   437     101A                     sin@coeff_b:
   438     101A  342B               	retlw	43
   439     101B  3434               	retlw	52
   440     101C  3401               	retlw	1
   441     101D  3448               	retlw	72
   442     101E  347F               	retlw	127
   443     101F  349D               	retlw	157
   444     1020  34B0               	retlw	176
   445     1021  3445               	retlw	69
   446     1022  34E7               	retlw	231
   447     1023  34FF               	retlw	255
   448     1024  34D9               	retlw	217
   449     1025  3442               	retlw	66
   450     1026  3400               	retlw	0
   451     1027  3400               	retlw	0
   452     1028  3480               	retlw	128
   453     1029  343F               	retlw	63
   454     102A                     __end_ofsin@coeff_b:
   455     102A                     _dl:
   456     102A  3401               	retlw	1
   457     102B  3400               	retlw	0
   458     102C                     __end_of_dl:
   459     0013                     _SSPBUF	set	19
   460     0014                     _SSPCON	set	20
   461     0019                     _TXREG	set	25
   462     001A                     _RCREG	set	26
   463     000C                     _PIR1bits	set	12
   464     000B                     _INTCON	set	11
   465     0018                     _RCSTAbits	set	24
   466     0091                     _SSPCON2bits	set	145
   467     0093                     _SSPADD	set	147
   468     0091                     _SSPCON2	set	145
   469     0094                     _SSPSTAT	set	148
   470     0087                     _TRISCbits	set	135
   471     008C                     _PIE1bits	set	140
   472     0098                     _TXSTAbits	set	152
   473     0099                     _SPBRG	set	153
   474     009A                     _SPBRGH	set	154
   475     0187                     _BAUDCTLbits	set	391
   476     0188                     _ANSEL	set	392
   477                           
   478                           	psect	cinit
   479     000F                     start_initialization:	
   480                           ; #config settings
   481                           
   482     000F                     __initialization:
   483                           
   484                           ; Initialize objects allocated to BANK1
   485     000F  1683               	bsf	3,5	;RP0=1, select bank1
   486     0010  1303               	bcf	3,6	;RP1=0, select bank1
   487     0011  120A  118A  27F7  120A  118A  	fcall	__pidataBANK1	;fetch initializer
   488     0016  00ED               	movwf	__pdataBANK1& (0+127)
   489     0017  120A  118A  27F8  120A  118A  	fcall	__pidataBANK1+1	;fetch initializer
   490     001C  00EE               	movwf	(__pdataBANK1+1)& (0+127)
   491                           
   492                           ; Clear objects allocated to BANK1
   493     001D  01E3               	clrf	__pbssBANK1& (0+127)
   494     001E  01E4               	clrf	(__pbssBANK1+1)& (0+127)
   495     001F  01E5               	clrf	(__pbssBANK1+2)& (0+127)
   496     0020  01E6               	clrf	(__pbssBANK1+3)& (0+127)
   497     0021  01E7               	clrf	(__pbssBANK1+4)& (0+127)
   498     0022  01E8               	clrf	(__pbssBANK1+5)& (0+127)
   499     0023  01E9               	clrf	(__pbssBANK1+6)& (0+127)
   500     0024  01EA               	clrf	(__pbssBANK1+7)& (0+127)
   501     0025  01EB               	clrf	(__pbssBANK1+8)& (0+127)
   502     0026  01EC               	clrf	(__pbssBANK1+9)& (0+127)
   503                           
   504                           ; Clear objects allocated to COMMON
   505     0027  01F7               	clrf	__pbssCOMMON& (0+127)
   506     0028  01F8               	clrf	(__pbssCOMMON+1)& (0+127)
   507     0029  01F9               	clrf	(__pbssCOMMON+2)& (0+127)
   508     002A                     end_of_initialization:	
   509                           ;End of C runtime variable initialization code
   510                           
   511     002A                     __end_of__initialization:
   512     002A  0183               	clrf	3
   513     002B  120A  158A  2A23   	ljmp	_main	;jump to C main() function
   514                           
   515                           	psect	bssCOMMON
   516     0077                     __pbssCOMMON:
   517     0077                     _t:
   518     0077                     	ds	2
   519     0079                     _dato:
   520     0079                     	ds	1
   521                           
   522                           	psect	bssBANK1
   523     00E3                     __pbssBANK1:
   524     00E3                     _errno:
   525     00E3                     	ds	2
   526     00E5                     _n:
   527     00E5                     	ds	2
   528     00E7                     _vsin:
   529     00E7                     	ds	2
   530     00E9                     _ampl:
   531     00E9                     	ds	2
   532     00EB                     _res:
   533     00EB                     	ds	2
   534                           
   535                           	psect	dataBANK1
   536     00ED                     __pdataBANK1:
   537     00ED                     _ascii:
   538     00ED                     	ds	2
   539                           
   540                           	psect	cstackBANK1
   541     00A0                     __pcstackBANK1:
   542     00A0                     ??___fladd:
   543                           
   544                           ; 1 bytes @ 0x0
   545     00A0                     	ds	8
   546     00A8                     ?_eval_poly:
   547     00A8                     ?___fltol:	
   548                           ; 4 bytes @ 0x8
   549                           
   550     00A8                     ___fltol@f1:	
   551                           ; 4 bytes @ 0x8
   552                           
   553     00A8                     eval_poly@x:	
   554                           ; 4 bytes @ 0x8
   555                           
   556                           
   557                           ; 4 bytes @ 0x8
   558     00A8                     	ds	4
   559     00AC                     ??___fltol:
   560     00AC                     eval_poly@d:	
   561                           ; 1 bytes @ 0xC
   562                           
   563                           
   564                           ; 1 bytes @ 0xC
   565     00AC                     	ds	1
   566     00AD                     eval_poly@n:
   567                           
   568                           ; 2 bytes @ 0xD
   569     00AD                     	ds	2
   570     00AF                     ??_eval_poly:
   571                           
   572                           ; 1 bytes @ 0xF
   573     00AF                     	ds	1
   574     00B0                     ?_floor:
   575     00B0                     floor@x:	
   576                           ; 4 bytes @ 0x10
   577                           
   578                           
   579                           ; 4 bytes @ 0x10
   580     00B0                     	ds	4
   581     00B4                     eval_poly@res:
   582     00B4                     floor@i:	
   583                           ; 4 bytes @ 0x14
   584                           
   585                           
   586                           ; 4 bytes @ 0x14
   587     00B4                     	ds	4
   588     00B8                     floor@expon:
   589                           
   590                           ; 2 bytes @ 0x18
   591     00B8                     	ds	2
   592     00BA                     ?___flsub:
   593     00BA                     ___flsub@a:	
   594                           ; 4 bytes @ 0x1A
   595                           
   596                           
   597                           ; 4 bytes @ 0x1A
   598     00BA                     	ds	4
   599     00BE                     ___flsub@b:
   600                           
   601                           ; 4 bytes @ 0x1E
   602     00BE                     	ds	4
   603     00C2                     ?_sin:
   604     00C2                     sin@f:	
   605                           ; 4 bytes @ 0x22
   606                           
   607                           
   608                           ; 4 bytes @ 0x22
   609     00C2                     	ds	4
   610     00C6                     sin@y:
   611                           
   612                           ; 4 bytes @ 0x26
   613     00C6                     	ds	4
   614     00CA                     _sin$1061:
   615                           
   616                           ; 4 bytes @ 0x2A
   617     00CA                     	ds	4
   618     00CE                     sin@x2:
   619                           
   620                           ; 4 bytes @ 0x2E
   621     00CE                     	ds	4
   622     00D2                     sin@sgn:
   623                           
   624                           ; 1 bytes @ 0x32
   625     00D2                     	ds	1
   626     00D3                     ?_sinu:
   627     00D3                     sinu@amplitud:	
   628                           ; 1 bytes @ 0x33
   629                           
   630                           
   631                           ; 2 bytes @ 0x33
   632     00D3                     	ds	2
   633     00D5                     sinu@resolucion:
   634                           
   635                           ; 2 bytes @ 0x35
   636     00D5                     	ds	2
   637     00D7                     ??_sinu:
   638                           
   639                           ; 1 bytes @ 0x37
   640     00D7                     	ds	2
   641     00D9                     _sinu$1059:
   642                           
   643                           ; 4 bytes @ 0x39
   644     00D9                     	ds	4
   645     00DD                     _sinu$1060:
   646                           
   647                           ; 4 bytes @ 0x3D
   648     00DD                     	ds	4
   649     00E1                     ??_main:
   650                           
   651                           ; 1 bytes @ 0x41
   652     00E1                     	ds	2
   653                           
   654                           	psect	cstackCOMMON
   655     0070                     __pcstackCOMMON:
   656     0070                     ?_I2C_Init_Master:
   657     0070                     ?_DAC_Init:	
   658                           ; 1 bytes @ 0x0
   659                           
   660     0070                     ?_main:	
   661                           ; 1 bytes @ 0x0
   662                           
   663     0070                     ?_int_usart:	
   664                           ; 1 bytes @ 0x0
   665                           
   666     0070                     ??_int_usart:	
   667                           ; 1 bytes @ 0x0
   668                           
   669     0070                     ?_I2C_Start:	
   670                           ; 1 bytes @ 0x0
   671                           
   672     0070                     ?_I2C_Stop:	
   673                           ; 1 bytes @ 0x0
   674                           
   675     0070                     ?_I2C_Write:	
   676                           ; 1 bytes @ 0x0
   677                           
   678                           
   679                           ; 2 bytes @ 0x0
   680     0070                     	ds	4
   681     0074                     ??_I2C_Init_Master:
   682     0074                     ??_frexp:	
   683                           ; 1 bytes @ 0x4
   684                           
   685     0074                     ??_I2C_Start:	
   686                           ; 1 bytes @ 0x4
   687                           
   688     0074                     ??_I2C_Stop:	
   689                           ; 1 bytes @ 0x4
   690                           
   691     0074                     ??_I2C_Write:	
   692                           ; 1 bytes @ 0x4
   693                           
   694     0074                     ??___awdiv:	
   695                           ; 1 bytes @ 0x4
   696                           
   697     0074                     ??___flneg:	
   698                           ; 1 bytes @ 0x4
   699                           
   700     0074                     ?__Umul8_16:	
   701                           ; 1 bytes @ 0x4
   702                           
   703     0074                     I2C_Init_Master@sp_i2c:	
   704                           ; 2 bytes @ 0x4
   705                           
   706     0074                     I2C_Write@data:	
   707                           ; 1 bytes @ 0x4
   708                           
   709     0074                     __Umul8_16@multiplicand:	
   710                           ; 1 bytes @ 0x4
   711                           
   712                           
   713                           ; 1 bytes @ 0x4
   714     0074                     	ds	1
   715     0075                     ??_DAC_Init:
   716     0075                     ?_DAC_Write_Value:	
   717                           ; 1 bytes @ 0x5
   718                           
   719     0075                     DAC_Init@add_device:	
   720                           ; 1 bytes @ 0x5
   721                           
   722     0075                     DAC_Write_Value@data:	
   723                           ; 1 bytes @ 0x5
   724                           
   725                           
   726                           ; 2 bytes @ 0x5
   727     0075                     	ds	1
   728     0076                     ??_sin:
   729     0076                     ??_floor:	
   730                           ; 1 bytes @ 0x6
   731                           
   732     0076                     ??___flsub:	
   733                           ; 1 bytes @ 0x6
   734                           
   735                           
   736                           ; 1 bytes @ 0x6
   737     0076                     	ds	1
   738                           
   739                           	psect	cstackBANK0
   740     0020                     __pcstackBANK0:
   741     0020                     ?___fleq:
   742     0020                     ?___flge:	
   743                           ; 1 bit 
   744                           
   745     0020                     ??_DAC_Write_Value:	
   746                           ; 1 bit 
   747                           
   748     0020                     ??__Umul8_16:	
   749                           ; 1 bytes @ 0x0
   750                           
   751     0020                     ?___awdiv:	
   752                           ; 1 bytes @ 0x0
   753                           
   754     0020                     ?___flneg:	
   755                           ; 2 bytes @ 0x0
   756                           
   757     0020                     ?___xxtofl:	
   758                           ; 4 bytes @ 0x0
   759                           
   760     0020                     ___awdiv@divisor:	
   761                           ; 4 bytes @ 0x0
   762                           
   763     0020                     ___fleq@ff1:	
   764                           ; 2 bytes @ 0x0
   765                           
   766     0020                     ___flge@ff1:	
   767                           ; 4 bytes @ 0x0
   768                           
   769     0020                     ___flneg@f1:	
   770                           ; 4 bytes @ 0x0
   771                           
   772     0020                     ___xxtofl@val:	
   773                           ; 4 bytes @ 0x0
   774                           
   775                           
   776                           ; 4 bytes @ 0x0
   777     0020                     	ds	2
   778     0022                     DAC_Write_Value@address:
   779     0022                     ___awdiv@dividend:	
   780                           ; 1 bytes @ 0x2
   781                           
   782     0022                     __Umul8_16@product:	
   783                           ; 2 bytes @ 0x2
   784                           
   785                           
   786                           ; 2 bytes @ 0x2
   787     0022                     	ds	1
   788     0023                     ?_sierra:
   789     0023                     sierra@amplitud3:	
   790                           ; 1 bytes @ 0x3
   791                           
   792                           
   793                           ; 2 bytes @ 0x3
   794     0023                     	ds	1
   795     0024                     ??___xxtofl:
   796     0024                     ___awdiv@counter:	
   797                           ; 1 bytes @ 0x4
   798                           
   799     0024                     __Umul8_16@word_mpld:	
   800                           ; 1 bytes @ 0x4
   801                           
   802     0024                     ___fleq@ff2:	
   803                           ; 2 bytes @ 0x4
   804                           
   805     0024                     ___flge@ff2:	
   806                           ; 4 bytes @ 0x4
   807                           
   808                           
   809                           ; 4 bytes @ 0x4
   810     0024                     	ds	1
   811     0025                     ___awdiv@sign:
   812     0025                     sierra@resolucion3:	
   813                           ; 1 bytes @ 0x5
   814                           
   815                           
   816                           ; 2 bytes @ 0x5
   817     0025                     	ds	1
   818     0026                     __Umul8_16@multiplier:
   819     0026                     ___awdiv@quotient:	
   820                           ; 1 bytes @ 0x6
   821                           
   822                           
   823                           ; 2 bytes @ 0x6
   824     0026                     	ds	1
   825     0027                     ??_sierra:
   826                           
   827                           ; 1 bytes @ 0x7
   828     0027                     	ds	1
   829     0028                     ?_triang:
   830     0028                     ??___fleq:	
   831                           ; 1 bytes @ 0x8
   832                           
   833     0028                     ??___flge:	
   834                           ; 1 bytes @ 0x8
   835                           
   836     0028                     ___xxtofl@sign:	
   837                           ; 1 bytes @ 0x8
   838                           
   839     0028                     triang@amplitud2:	
   840                           ; 1 bytes @ 0x8
   841                           
   842                           
   843                           ; 2 bytes @ 0x8
   844     0028                     	ds	1
   845     0029                     ___xxtofl@exp:
   846                           
   847                           ; 1 bytes @ 0x9
   848     0029                     	ds	1
   849     002A                     triang@resolucion2:
   850     002A                     ___xxtofl@arg:	
   851                           ; 2 bytes @ 0xA
   852                           
   853                           
   854                           ; 4 bytes @ 0xA
   855     002A                     	ds	2
   856     002C                     ??_triang:
   857     002C                     ?_frexp:	
   858                           ; 1 bytes @ 0xC
   859                           
   860     002C                     frexp@value:	
   861                           ; 4 bytes @ 0xC
   862                           
   863                           
   864                           ; 4 bytes @ 0xC
   865     002C                     	ds	2
   866     002E                     ?___flmul:
   867     002E                     ___flmul@b:	
   868                           ; 4 bytes @ 0xE
   869                           
   870                           
   871                           ; 4 bytes @ 0xE
   872     002E                     	ds	2
   873     0030                     frexp@eptr:
   874                           
   875                           ; 1 bytes @ 0x10
   876     0030                     	ds	2
   877     0032                     ___flmul@a:
   878                           
   879                           ; 4 bytes @ 0x12
   880     0032                     	ds	4
   881     0036                     ??___flmul:
   882                           
   883                           ; 1 bytes @ 0x16
   884     0036                     	ds	5
   885     003B                     ___flmul@sign:
   886                           
   887                           ; 1 bytes @ 0x1B
   888     003B                     	ds	1
   889     003C                     ___flmul@aexp:
   890                           
   891                           ; 1 bytes @ 0x1C
   892     003C                     	ds	1
   893     003D                     ___flmul@grs:
   894                           
   895                           ; 4 bytes @ 0x1D
   896     003D                     	ds	4
   897     0041                     ___flmul@bexp:
   898                           
   899                           ; 1 bytes @ 0x21
   900     0041                     	ds	1
   901     0042                     ___flmul@prod:
   902                           
   903                           ; 4 bytes @ 0x22
   904     0042                     	ds	4
   905     0046                     ___flmul@temp:
   906                           
   907                           ; 2 bytes @ 0x26
   908     0046                     	ds	2
   909     0048                     ?___fldiv:
   910     0048                     ___fldiv@a:	
   911                           ; 4 bytes @ 0x28
   912                           
   913                           
   914                           ; 4 bytes @ 0x28
   915     0048                     	ds	4
   916     004C                     ___fldiv@b:
   917                           
   918                           ; 4 bytes @ 0x2C
   919     004C                     	ds	4
   920     0050                     ??___fldiv:
   921                           
   922                           ; 1 bytes @ 0x30
   923     0050                     	ds	5
   924     0055                     ___fldiv@rem:
   925                           
   926                           ; 4 bytes @ 0x35
   927     0055                     	ds	4
   928     0059                     ___fldiv@sign:
   929                           
   930                           ; 1 bytes @ 0x39
   931     0059                     	ds	1
   932     005A                     ___fldiv@new_exp:
   933                           
   934                           ; 2 bytes @ 0x3A
   935     005A                     	ds	2
   936     005C                     ___fldiv@grs:
   937                           
   938                           ; 4 bytes @ 0x3C
   939     005C                     	ds	4
   940     0060                     ___fldiv@bexp:
   941                           
   942                           ; 1 bytes @ 0x40
   943     0060                     	ds	1
   944     0061                     ___fldiv@aexp:
   945                           
   946                           ; 1 bytes @ 0x41
   947     0061                     	ds	1
   948     0062                     ?___fladd:
   949     0062                     ___fladd@b:	
   950                           ; 4 bytes @ 0x42
   951                           
   952                           
   953                           ; 4 bytes @ 0x42
   954     0062                     	ds	4
   955     0066                     ___fladd@a:
   956                           
   957                           ; 4 bytes @ 0x46
   958     0066                     	ds	4
   959     006A                     ___fladd@signs:
   960                           
   961                           ; 1 bytes @ 0x4A
   962     006A                     	ds	1
   963     006B                     ___fladd@aexp:
   964                           
   965                           ; 1 bytes @ 0x4B
   966     006B                     	ds	1
   967     006C                     ___fladd@bexp:
   968                           
   969                           ; 1 bytes @ 0x4C
   970     006C                     	ds	1
   971     006D                     ___fladd@grs:
   972                           
   973                           ; 1 bytes @ 0x4D
   974     006D                     	ds	1
   975     006E                     ___fltol@sign1:
   976                           
   977                           ; 1 bytes @ 0x4E
   978     006E                     	ds	1
   979     006F                     ___fltol@exp1:
   980                           
   981                           ; 1 bytes @ 0x4F
   982     006F                     	ds	1
   983                           
   984                           	psect	maintext
   985     0A23                     __pmaintext:	
   986 ;;
   987 ;;Main: autosize = 0, tempsize = 2, incstack = 0, save=0
   988 ;;
   989 ;; *************** function _main *****************
   990 ;; Defined at:
   991 ;;		line 36 in file "Generador_senales.c"
   992 ;; Parameters:    Size  Location     Type
   993 ;;		None
   994 ;; Auto vars:     Size  Location     Type
   995 ;;		None
   996 ;; Return value:  Size  Location     Type
   997 ;;                  1    wreg      void 
   998 ;; Registers used:
   999 ;;		wreg, fsr0l, fsr0h, status,2, status,0, btemp+1, pclath, cstack
  1000 ;; Tracked objects:
  1001 ;;		On entry : B00/0
  1002 ;;		On exit  : 0/0
  1003 ;;		Unchanged: 0/0
  1004 ;; Data sizes:     COMMON   BANK0   BANK1   BANK3   BANK2
  1005 ;;      Params:         0       0       0       0       0
  1006 ;;      Locals:         0       0       0       0       0
  1007 ;;      Temps:          0       0       2       0       0
  1008 ;;      Totals:         0       0       2       0       0
  1009 ;;Total ram usage:        2 bytes
  1010 ;; Hardware stack levels required when called: 6
  1011 ;; This function calls:
  1012 ;;		_DAC_Init
  1013 ;;		_DAC_Write_Value
  1014 ;;		_I2C_Init_Master
  1015 ;;		_sierra
  1016 ;;		_sinu
  1017 ;;		_triang
  1018 ;; This function is called by:
  1019 ;;		Startup code after reset
  1020 ;; This function uses a non-reentrant model
  1021 ;;
  1022                           
  1023     0A23                     _main:	
  1024                           ;psect for function _main
  1025                           
  1026     0A23                     l3512:	
  1027                           ;incstack = 0
  1028                           ; Regs used in _main: [wreg-fsr0h+status,2+status,0+btemp+1+pclath+cstack]
  1029                           
  1030                           
  1031                           ;Generador_senales.c: 37:     ANSEL=0;
  1032     0A23  1683               	bsf	3,5	;RP0=1, select bank3
  1033     0A24  1703               	bsf	3,6	;RP1=1, select bank3
  1034     0A25  0188               	clrf	8	;volatile
  1035     0A26                     l3514:
  1036                           
  1037                           ;Generador_senales.c: 38:     I2C_Init_Master(0x80);
  1038     0A26  3080               	movlw	128
  1039     0A27  160A  118A  2359  120A  158A  	fcall	_I2C_Init_Master
  1040     0A2C                     l3516:
  1041                           
  1042                           ;Generador_senales.c: 39:     DAC_Init(0xC0);
  1043     0A2C  30C0               	movlw	192
  1044     0A2D  160A  118A  2378  120A  158A  	fcall	_DAC_Init
  1045     0A32                     l3518:
  1046                           
  1047                           ;Generador_senales.c: 40:     SPBRGH=0x02;
  1048     0A32  3002               	movlw	2
  1049     0A33  1683               	bsf	3,5	;RP0=1, select bank1
  1050     0A34  1303               	bcf	3,6	;RP1=0, select bank1
  1051     0A35  009A               	movwf	26	;volatile
  1052     0A36                     l3520:
  1053                           
  1054                           ;Generador_senales.c: 41:     SPBRG=0x08;
  1055     0A36  3008               	movlw	8
  1056     0A37  0099               	movwf	25	;volatile
  1057     0A38                     l3522:
  1058                           
  1059                           ;Generador_senales.c: 42:     BAUDCTLbits.BRG16=1;
  1060     0A38  1683               	bsf	3,5	;RP0=1, select bank3
  1061     0A39  1703               	bsf	3,6	;RP1=1, select bank3
  1062     0A3A  1587               	bsf	7,3	;volatile
  1063     0A3B                     l3524:
  1064                           
  1065                           ;Generador_senales.c: 43:     TXSTAbits.BRGH=1;
  1066     0A3B  1683               	bsf	3,5	;RP0=1, select bank1
  1067     0A3C  1303               	bcf	3,6	;RP1=0, select bank1
  1068     0A3D  1518               	bsf	24,2	;volatile
  1069     0A3E                     l3526:
  1070                           
  1071                           ;Generador_senales.c: 48:     TXSTAbits.SYNC=0;
  1072     0A3E  1218               	bcf	24,4	;volatile
  1073     0A3F                     l3528:
  1074                           
  1075                           ;Generador_senales.c: 49:     RCSTAbits.SPEN=1;
  1076     0A3F  1283               	bcf	3,5	;RP0=0, select bank0
  1077     0A40  1303               	bcf	3,6	;RP1=0, select bank0
  1078     0A41  1798               	bsf	24,7	;volatile
  1079     0A42                     l3530:
  1080                           
  1081                           ;Generador_senales.c: 50:     INTCON=0b11000000;
  1082     0A42  30C0               	movlw	192
  1083     0A43  008B               	movwf	11	;volatile
  1084     0A44                     l3532:
  1085                           
  1086                           ;Generador_senales.c: 51:     PIE1bits.RCIE=1;
  1087     0A44  1683               	bsf	3,5	;RP0=1, select bank1
  1088     0A45  1303               	bcf	3,6	;RP1=0, select bank1
  1089     0A46  168C               	bsf	12,5	;volatile
  1090     0A47                     l3534:
  1091                           
  1092                           ;Generador_senales.c: 52:     RCSTAbits.CREN=1;
  1093     0A47  1283               	bcf	3,5	;RP0=0, select bank0
  1094     0A48  1303               	bcf	3,6	;RP1=0, select bank0
  1095     0A49  1618               	bsf	24,4	;volatile
  1096     0A4A                     l3536:
  1097                           
  1098                           ;Generador_senales.c: 53:     TXSTAbits.TXEN=1;
  1099     0A4A  1683               	bsf	3,5	;RP0=1, select bank1
  1100     0A4B  1303               	bcf	3,6	;RP1=0, select bank1
  1101     0A4C  1698               	bsf	24,5	;volatile
  1102     0A4D  2B2D               	goto	l3570
  1103     0A4E                     l3538:
  1104                           
  1105                           ;Generador_senales.c: 58:                 DAC_Write_Value(0xC0, 1500);
  1106     0A4E  30DC               	movlw	220
  1107     0A4F  00F5               	movwf	DAC_Write_Value@data
  1108     0A50  3005               	movlw	5
  1109     0A51  00F6               	movwf	DAC_Write_Value@data+1
  1110     0A52  30C0               	movlw	192
  1111     0A53  160A  118A  23FB  120A  158A  	fcall	_DAC_Write_Value
  1112     0A58                     l3540:
  1113                           
  1114                           ;Generador_senales.c: 59:                 _delay((unsigned long)((dl)*(20000000/4000.0))
      +                          );
  1115     0A58  3007               	movlw	7
  1116     0A59  1683               	bsf	3,5	;RP0=1, select bank1
  1117     0A5A  1303               	bcf	3,6	;RP1=0, select bank1
  1118     0A5B  00E2               	movwf	(??_main^(0+128)+1)
  1119     0A5C  307C               	movlw	124
  1120     0A5D  00E1               	movwf	??_main^(0+128)
  1121     0A5E                     u5377:
  1122     0A5E  0BE1               	decfsz	??_main^(0+128),f
  1123     0A5F  2A5E               	goto	u5377
  1124     0A60  0BE2               	decfsz	(??_main^(0+128)+1),f
  1125     0A61  2A5E               	goto	u5377
  1126     0A62  0000               	nop
  1127     0A63                     l3542:
  1128                           
  1129                           ;Generador_senales.c: 60:                 DAC_Write_Value(0xC0, 3500);
  1130     0A63  30AC               	movlw	172
  1131     0A64  00F5               	movwf	DAC_Write_Value@data
  1132     0A65  300D               	movlw	13
  1133     0A66  00F6               	movwf	DAC_Write_Value@data+1
  1134     0A67  30C0               	movlw	192
  1135     0A68  160A  118A  23FB  120A  158A  	fcall	_DAC_Write_Value
  1136                           
  1137                           ;Generador_senales.c: 61:                 _delay((unsigned long)((dl)*(20000000/4000.0))
      +                          );
  1138     0A6D  3007               	movlw	7
  1139     0A6E  1683               	bsf	3,5	;RP0=1, select bank1
  1140     0A6F  1303               	bcf	3,6	;RP1=0, select bank1
  1141     0A70  00E2               	movwf	(??_main^(0+128)+1)
  1142     0A71  307C               	movlw	124
  1143     0A72  00E1               	movwf	??_main^(0+128)
  1144     0A73                     u5387:
  1145     0A73  0BE1               	decfsz	??_main^(0+128),f
  1146     0A74  2A73               	goto	u5387
  1147     0A75  0BE2               	decfsz	(??_main^(0+128)+1),f
  1148     0A76  2A73               	goto	u5387
  1149     0A77  0000               	nop
  1150     0A78                     l3544:
  1151                           
  1152                           ;Generador_senales.c: 62:                 DAC_Write_Value(0xC0, 500);
  1153     0A78  30F4               	movlw	244
  1154     0A79  00F5               	movwf	DAC_Write_Value@data
  1155     0A7A  3001               	movlw	1
  1156     0A7B  00F6               	movwf	DAC_Write_Value@data+1
  1157     0A7C  30C0               	movlw	192
  1158     0A7D  160A  118A  23FB  120A  158A  	fcall	_DAC_Write_Value
  1159     0A82                     l3546:
  1160                           
  1161                           ;Generador_senales.c: 63:                 _delay((unsigned long)((dl)*(20000000/4000.0))
      +                          );
  1162     0A82  3007               	movlw	7
  1163     0A83  1683               	bsf	3,5	;RP0=1, select bank1
  1164     0A84  1303               	bcf	3,6	;RP1=0, select bank1
  1165     0A85  00E2               	movwf	(??_main^(0+128)+1)
  1166     0A86  307C               	movlw	124
  1167     0A87  00E1               	movwf	??_main^(0+128)
  1168     0A88                     u5397:
  1169     0A88  0BE1               	decfsz	??_main^(0+128),f
  1170     0A89  2A88               	goto	u5397
  1171     0A8A  0BE2               	decfsz	(??_main^(0+128)+1),f
  1172     0A8B  2A88               	goto	u5397
  1173     0A8C  0000               	nop
  1174                           
  1175                           ;Generador_senales.c: 64:                 DAC_Write_Value(0xC0, 4000);
  1176     0A8D  30A0               	movlw	160
  1177     0A8E  00F5               	movwf	DAC_Write_Value@data
  1178     0A8F  300F               	movlw	15
  1179     0A90  00F6               	movwf	DAC_Write_Value@data+1
  1180     0A91  30C0               	movlw	192
  1181     0A92  160A  118A  23FB  120A  158A  	fcall	_DAC_Write_Value
  1182     0A97                     l3548:
  1183                           
  1184                           ;Generador_senales.c: 65:                 _delay((unsigned long)((dl)*(20000000/4000.0))
      +                          );
  1185     0A97  3007               	movlw	7
  1186     0A98  1683               	bsf	3,5	;RP0=1, select bank1
  1187     0A99  1303               	bcf	3,6	;RP1=0, select bank1
  1188     0A9A  00E2               	movwf	(??_main^(0+128)+1)
  1189     0A9B  307C               	movlw	124
  1190     0A9C  00E1               	movwf	??_main^(0+128)
  1191     0A9D                     u5407:
  1192     0A9D  0BE1               	decfsz	??_main^(0+128),f
  1193     0A9E  2A9D               	goto	u5407
  1194     0A9F  0BE2               	decfsz	(??_main^(0+128)+1),f
  1195     0AA0  2A9D               	goto	u5407
  1196     0AA1  0000               	nop
  1197                           
  1198                           ;Generador_senales.c: 66:                 break;
  1199     0AA2  2B2D               	goto	l3570
  1200     0AA3                     l3550:
  1201                           
  1202                           ;Generador_senales.c: 68:                 sinu(512,32);
  1203     0AA3  3000               	movlw	0
  1204     0AA4  00D3               	movwf	sinu@amplitud^(0+128)
  1205     0AA5  3002               	movlw	2
  1206     0AA6  00D4               	movwf	(sinu@amplitud^(0+128)+1)
  1207     0AA7  3020               	movlw	32
  1208     0AA8  00D5               	movwf	sinu@resolucion^(0+128)
  1209     0AA9  3000               	movlw	0
  1210     0AAA  00D6               	movwf	(sinu@resolucion^(0+128)+1)
  1211     0AAB  120A  118A  266F  120A  158A  	fcall	_sinu
  1212                           
  1213                           ;Generador_senales.c: 69:                 break;
  1214     0AB0  2B2D               	goto	l3570
  1215     0AB1                     l3552:
  1216                           
  1217                           ;Generador_senales.c: 71:                 sinu(1024,64);
  1218     0AB1  3000               	movlw	0
  1219     0AB2  00D3               	movwf	sinu@amplitud^(0+128)
  1220     0AB3  3004               	movlw	4
  1221     0AB4  00D4               	movwf	(sinu@amplitud^(0+128)+1)
  1222     0AB5  3040               	movlw	64
  1223     0AB6  00D5               	movwf	sinu@resolucion^(0+128)
  1224     0AB7  3000               	movlw	0
  1225     0AB8  00D6               	movwf	(sinu@resolucion^(0+128)+1)
  1226     0AB9  120A  118A  266F  120A  158A  	fcall	_sinu
  1227                           
  1228                           ;Generador_senales.c: 72:                 break;
  1229     0ABE  2B2D               	goto	l3570
  1230     0ABF                     l3554:
  1231                           
  1232                           ;Generador_senales.c: 74:                 sinu(2000,128);
  1233     0ABF  30D0               	movlw	208
  1234     0AC0  00D3               	movwf	sinu@amplitud^(0+128)
  1235     0AC1  3007               	movlw	7
  1236     0AC2  00D4               	movwf	(sinu@amplitud^(0+128)+1)
  1237     0AC3  3080               	movlw	128
  1238     0AC4  00D5               	movwf	sinu@resolucion^(0+128)
  1239     0AC5  3000               	movlw	0
  1240     0AC6  00D6               	movwf	(sinu@resolucion^(0+128)+1)
  1241     0AC7  120A  118A  266F  120A  158A  	fcall	_sinu
  1242                           
  1243                           ;Generador_senales.c: 75:                 break;
  1244     0ACC  2B2D               	goto	l3570
  1245     0ACD                     l3556:
  1246                           
  1247                           ;Generador_senales.c: 77:                 triang(4000,200);
  1248     0ACD  30A0               	movlw	160
  1249     0ACE  1283               	bcf	3,5	;RP0=0, select bank0
  1250     0ACF  1303               	bcf	3,6	;RP1=0, select bank0
  1251     0AD0  00A8               	movwf	triang@amplitud2
  1252     0AD1  300F               	movlw	15
  1253     0AD2  00A9               	movwf	triang@amplitud2+1
  1254     0AD3  30C8               	movlw	200
  1255     0AD4  00AA               	movwf	triang@resolucion2
  1256     0AD5  3000               	movlw	0
  1257     0AD6  00AB               	movwf	triang@resolucion2+1
  1258     0AD7  160A  118A  2599  120A  158A  	fcall	_triang
  1259                           
  1260                           ;Generador_senales.c: 78:                 break;
  1261     0ADC  2B2D               	goto	l3570
  1262     0ADD                     l3558:
  1263                           
  1264                           ;Generador_senales.c: 80:                 triang(2000,80);
  1265     0ADD  30D0               	movlw	208
  1266     0ADE  1283               	bcf	3,5	;RP0=0, select bank0
  1267     0ADF  1303               	bcf	3,6	;RP1=0, select bank0
  1268     0AE0  00A8               	movwf	triang@amplitud2
  1269     0AE1  3007               	movlw	7
  1270     0AE2  00A9               	movwf	triang@amplitud2+1
  1271     0AE3  3050               	movlw	80
  1272     0AE4  00AA               	movwf	triang@resolucion2
  1273     0AE5  3000               	movlw	0
  1274     0AE6  00AB               	movwf	triang@resolucion2+1
  1275     0AE7  160A  118A  2599  120A  158A  	fcall	_triang
  1276                           
  1277                           ;Generador_senales.c: 81:                 break;
  1278     0AEC  2B2D               	goto	l3570
  1279     0AED                     l3560:
  1280                           
  1281                           ;Generador_senales.c: 83:                 triang(1000,50);
  1282     0AED  30E8               	movlw	232
  1283     0AEE  1283               	bcf	3,5	;RP0=0, select bank0
  1284     0AEF  1303               	bcf	3,6	;RP1=0, select bank0
  1285     0AF0  00A8               	movwf	triang@amplitud2
  1286     0AF1  3003               	movlw	3
  1287     0AF2  00A9               	movwf	triang@amplitud2+1
  1288     0AF3  3032               	movlw	50
  1289     0AF4  00AA               	movwf	triang@resolucion2
  1290     0AF5  3000               	movlw	0
  1291     0AF6  00AB               	movwf	triang@resolucion2+1
  1292     0AF7  160A  118A  2599  120A  158A  	fcall	_triang
  1293                           
  1294                           ;Generador_senales.c: 84:                 break;
  1295     0AFC  2B2D               	goto	l3570
  1296     0AFD                     l3562:
  1297                           
  1298                           ;Generador_senales.c: 86:                 sierra(4095,256);
  1299     0AFD  30FF               	movlw	255
  1300     0AFE  1283               	bcf	3,5	;RP0=0, select bank0
  1301     0AFF  1303               	bcf	3,6	;RP1=0, select bank0
  1302     0B00  00A3               	movwf	sierra@amplitud3
  1303     0B01  300F               	movlw	15
  1304     0B02  00A4               	movwf	sierra@amplitud3+1
  1305     0B03  3000               	movlw	0
  1306     0B04  00A5               	movwf	sierra@resolucion3
  1307     0B05  3001               	movlw	1
  1308     0B06  00A6               	movwf	sierra@resolucion3+1
  1309     0B07  120A  118A  27B2  120A  158A  	fcall	_sierra
  1310                           
  1311                           ;Generador_senales.c: 87:                 break;
  1312     0B0C  2B2D               	goto	l3570
  1313     0B0D                     l3564:
  1314                           
  1315                           ;Generador_senales.c: 89:                 sierra(2048,128);
  1316     0B0D  3000               	movlw	0
  1317     0B0E  1283               	bcf	3,5	;RP0=0, select bank0
  1318     0B0F  1303               	bcf	3,6	;RP1=0, select bank0
  1319     0B10  00A3               	movwf	sierra@amplitud3
  1320     0B11  3008               	movlw	8
  1321     0B12  00A4               	movwf	sierra@amplitud3+1
  1322     0B13  3080               	movlw	128
  1323     0B14  00A5               	movwf	sierra@resolucion3
  1324     0B15  3000               	movlw	0
  1325     0B16  00A6               	movwf	sierra@resolucion3+1
  1326     0B17  120A  118A  27B2  120A  158A  	fcall	_sierra
  1327                           
  1328                           ;Generador_senales.c: 90:                 break;
  1329     0B1C  2B2D               	goto	l3570
  1330     0B1D                     l3566:
  1331                           
  1332                           ;Generador_senales.c: 92:                 sierra(1000,32);
  1333     0B1D  30E8               	movlw	232
  1334     0B1E  1283               	bcf	3,5	;RP0=0, select bank0
  1335     0B1F  1303               	bcf	3,6	;RP1=0, select bank0
  1336     0B20  00A3               	movwf	sierra@amplitud3
  1337     0B21  3003               	movlw	3
  1338     0B22  00A4               	movwf	sierra@amplitud3+1
  1339     0B23  3020               	movlw	32
  1340     0B24  00A5               	movwf	sierra@resolucion3
  1341     0B25  3000               	movlw	0
  1342     0B26  00A6               	movwf	sierra@resolucion3+1
  1343     0B27  120A  118A  27B2  120A  158A  	fcall	_sierra
  1344                           
  1345                           ;Generador_senales.c: 93:                 break;
  1346     0B2C  2B2D               	goto	l3570
  1347     0B2D                     l60:
  1348     0B2D                     l3570:
  1349                           
  1350                           ; Switch on 2 bytes has been partitioned into a top level switch of size 1, and 1 sub-sw
      +                          itches
  1351                           ; Switch size 1, requested type "simple"
  1352                           ; Number of cases is 1, Range of values is 0 to 0
  1353                           ; switch strategies available:
  1354                           ; Name         Instructions Cycles
  1355                           ; simple_byte            4     3 (average)
  1356                           ; direct_byte           11     8 (fixed)
  1357                           ; jumptable            260     6 (fixed)
  1358                           ;	Chosen strategy is simple_byte
  1359     0B2D  1683               	bsf	3,5	;RP0=1, select bank1
  1360     0B2E  1303               	bcf	3,6	;RP1=0, select bank1
  1361     0B2F  086E               	movf	(_ascii+1)^(0+128),w
  1362     0B30  3A00               	xorlw	0	; case 0
  1363     0B31  1903               	skipnz
  1364     0B32  2B34               	goto	l3608
  1365     0B33  2B2D               	goto	l60
  1366     0B34                     l3608:
  1367                           
  1368                           ; Switch size 1, requested type "simple"
  1369                           ; Number of cases is 10, Range of values is 48 to 57
  1370                           ; switch strategies available:
  1371                           ; Name         Instructions Cycles
  1372                           ; simple_byte           31    16 (average)
  1373                           ; direct_byte           41    11 (fixed)
  1374                           ; jumptable            263     9 (fixed)
  1375                           ;	Chosen strategy is simple_byte
  1376     0B34  086D               	movf	_ascii^(0+128),w
  1377     0B35  3A30               	xorlw	48	; case 48
  1378     0B36  1903               	skipnz
  1379     0B37  2A4E               	goto	l3538
  1380     0B38  3A01               	xorlw	1	; case 49
  1381     0B39  1903               	skipnz
  1382     0B3A  2AA3               	goto	l3550
  1383     0B3B  3A03               	xorlw	3	; case 50
  1384     0B3C  1903               	skipnz
  1385     0B3D  2AB1               	goto	l3552
  1386     0B3E  3A01               	xorlw	1	; case 51
  1387     0B3F  1903               	skipnz
  1388     0B40  2ABF               	goto	l3554
  1389     0B41  3A07               	xorlw	7	; case 52
  1390     0B42  1903               	skipnz
  1391     0B43  2ACD               	goto	l3556
  1392     0B44  3A01               	xorlw	1	; case 53
  1393     0B45  1903               	skipnz
  1394     0B46  2ADD               	goto	l3558
  1395     0B47  3A03               	xorlw	3	; case 54
  1396     0B48  1903               	skipnz
  1397     0B49  2AED               	goto	l3560
  1398     0B4A  3A01               	xorlw	1	; case 55
  1399     0B4B  1903               	skipnz
  1400     0B4C  2AFD               	goto	l3562
  1401     0B4D  3A0F               	xorlw	15	; case 56
  1402     0B4E  1903               	skipnz
  1403     0B4F  2B0D               	goto	l3564
  1404     0B50  3A01               	xorlw	1	; case 57
  1405     0B51  1903               	skipnz
  1406     0B52  2B1D               	goto	l3566
  1407     0B53  2B2D               	goto	l60
  1408     0B54  120A  118A  280C   	ljmp	start
  1409     0B57                     __end_of_main:
  1410                           
  1411                           	psect	text1
  1412     1599                     __ptext1:	
  1413 ;; *************** function _triang *****************
  1414 ;; Defined at:
  1415 ;;		line 131 in file "Generador_senales.c"
  1416 ;; Parameters:    Size  Location     Type
  1417 ;;  amplitud2       2    8[BANK0 ] int 
  1418 ;;  resolucion2     2   10[BANK0 ] int 
  1419 ;; Auto vars:     Size  Location     Type
  1420 ;;		None
  1421 ;; Return value:  Size  Location     Type
  1422 ;;                  1    wreg      void 
  1423 ;; Registers used:
  1424 ;;		wreg, status,2, status,0, btemp+1, pclath, cstack
  1425 ;; Tracked objects:
  1426 ;;		On entry : 0/0
  1427 ;;		On exit  : 0/0
  1428 ;;		Unchanged: 0/0
  1429 ;; Data sizes:     COMMON   BANK0   BANK1   BANK3   BANK2
  1430 ;;      Params:         0       4       0       0       0
  1431 ;;      Locals:         0       0       0       0       0
  1432 ;;      Temps:          0       2       0       0       0
  1433 ;;      Totals:         0       6       0       0       0
  1434 ;;Total ram usage:        6 bytes
  1435 ;; Hardware stack levels used: 1
  1436 ;; Hardware stack levels required when called: 3
  1437 ;; This function calls:
  1438 ;;		_DAC_Write_Value
  1439 ;;		___awdiv
  1440 ;; This function is called by:
  1441 ;;		_main
  1442 ;; This function uses a non-reentrant model
  1443 ;;
  1444                           
  1445     1599                     _triang:	
  1446                           ;psect for function _triang
  1447                           
  1448     1599                     l3484:	
  1449                           ;incstack = 0
  1450                           ; Regs used in _triang: [wreg+status,2+status,0+btemp+1+pclath+cstack]
  1451                           
  1452                           
  1453                           ;Generador_senales.c: 131: void triang(int amplitud2, int resolucion2);Generador_senales
      +                          .c: 132: {;Generador_senales.c: 133:     while(n<=amplitud2)
  1454     1599  2DF5               	goto	l3496
  1455     159A                     l3486:
  1456                           
  1457                           ;Generador_senales.c: 134:     {;Generador_senales.c: 135:         DAC_Write_Value(0xC0,
      +                           t);
  1458     159A  0878               	movf	_t+1,w
  1459     159B  00F6               	movwf	DAC_Write_Value@data+1
  1460     159C  0877               	movf	_t,w
  1461     159D  00F5               	movwf	DAC_Write_Value@data
  1462     159E  30C0               	movlw	192
  1463     159F  160A  118A  23FB  160A  118A  	fcall	_DAC_Write_Value
  1464     15A4                     l3488:
  1465                           
  1466                           ;Generador_senales.c: 136:         _delay((unsigned long)((dl)*(20000000/4000.0)));
  1467     15A4  3007               	movlw	7
  1468     15A5  1283               	bcf	3,5	;RP0=0, select bank0
  1469     15A6  1303               	bcf	3,6	;RP1=0, select bank0
  1470     15A7  00AD               	movwf	??_triang+1
  1471     15A8  307C               	movlw	124
  1472     15A9  00AC               	movwf	??_triang
  1473     15AA                     u5417:
  1474     15AA  0BAC               	decfsz	??_triang,f
  1475     15AB  2DAA               	goto	u5417
  1476     15AC  0BAD               	decfsz	??_triang+1,f
  1477     15AD  2DAA               	goto	u5417
  1478     15AE  0000               	nop
  1479     15AF                     l3490:
  1480                           
  1481                           ;Generador_senales.c: 137:         if(n<amplitud2/2)
  1482     15AF  3002               	movlw	2
  1483     15B0  1283               	bcf	3,5	;RP0=0, select bank0
  1484     15B1  1303               	bcf	3,6	;RP1=0, select bank0
  1485     15B2  00A0               	movwf	___awdiv@divisor
  1486     15B3  3000               	movlw	0
  1487     15B4  00A1               	movwf	___awdiv@divisor+1
  1488     15B5  0829               	movf	triang@amplitud2+1,w
  1489     15B6  00A3               	movwf	___awdiv@dividend+1
  1490     15B7  0828               	movf	triang@amplitud2,w
  1491     15B8  00A2               	movwf	___awdiv@dividend
  1492     15B9  160A  118A  2530  160A  118A  	fcall	___awdiv
  1493     15BE  1683               	bsf	3,5	;RP0=1, select bank1
  1494     15BF  1303               	bcf	3,6	;RP1=0, select bank1
  1495     15C0  0866               	movf	(_n+1)^(0+128),w
  1496     15C1  3A80               	xorlw	128
  1497     15C2  1283               	bcf	3,5	;RP0=0, select bank0
  1498     15C3  1303               	bcf	3,6	;RP1=0, select bank0
  1499     15C4  00AC               	movwf	??_triang
  1500     15C5  0821               	movf	?___awdiv+1,w
  1501     15C6  3A80               	xorlw	128
  1502     15C7  022C               	subwf	??_triang,w
  1503     15C8  1D03               	skipz
  1504     15C9  2DCE               	goto	u5345
  1505     15CA  0820               	movf	?___awdiv,w
  1506     15CB  1683               	bsf	3,5	;RP0=1, select bank1
  1507     15CC  1303               	bcf	3,6	;RP1=0, select bank1
  1508     15CD  0265               	subwf	_n^(0+128),w
  1509     15CE                     u5345:
  1510     15CE  1803               	skipnc
  1511     15CF  2DD1               	goto	u5341
  1512     15D0  2DD2               	goto	u5340
  1513     15D1                     u5341:
  1514     15D1  2DDD               	goto	l3494
  1515     15D2                     u5340:
  1516     15D2                     l3492:
  1517                           
  1518                           ;Generador_senales.c: 138:         {;Generador_senales.c: 139:             t=t+resolucio
      +                          n2;
  1519     15D2  1283               	bcf	3,5	;RP0=0, select bank0
  1520     15D3  1303               	bcf	3,6	;RP1=0, select bank0
  1521     15D4  082A               	movf	triang@resolucion2,w
  1522     15D5  0777               	addwf	_t,w
  1523     15D6  00F7               	movwf	_t
  1524     15D7  082B               	movf	triang@resolucion2+1,w
  1525     15D8  1803               	skipnc
  1526     15D9  0A2B               	incf	triang@resolucion2+1,w
  1527     15DA  0778               	addwf	_t+1,w
  1528     15DB  00F8               	movwf	_t+1
  1529                           
  1530                           ;Generador_senales.c: 140:         }
  1531     15DC  2DE7               	goto	l102
  1532     15DD                     l3494:
  1533                           
  1534                           ;Generador_senales.c: 142:         {;Generador_senales.c: 143:             t=t-resolucio
      +                          n2;
  1535     15DD  1283               	bcf	3,5	;RP0=0, select bank0
  1536     15DE  1303               	bcf	3,6	;RP1=0, select bank0
  1537     15DF  082A               	movf	triang@resolucion2,w
  1538     15E0  0277               	subwf	_t,w
  1539     15E1  00F7               	movwf	_t
  1540     15E2  082B               	movf	triang@resolucion2+1,w
  1541     15E3  1C03               	skipc
  1542     15E4  0A2B               	incf	triang@resolucion2+1,w
  1543     15E5  0278               	subwf	_t+1,w
  1544     15E6  00F8               	movwf	_t+1
  1545     15E7                     l102:	
  1546                           ;Generador_senales.c: 144:         }
  1547                           
  1548                           
  1549                           ;Generador_senales.c: 145:         n=n+resolucion2;
  1550     15E7  082A               	movf	triang@resolucion2,w
  1551     15E8  1683               	bsf	3,5	;RP0=1, select bank1
  1552     15E9  1303               	bcf	3,6	;RP1=0, select bank1
  1553     15EA  0765               	addwf	_n^(0+128),w
  1554     15EB  00E5               	movwf	_n^(0+128)
  1555     15EC  1283               	bcf	3,5	;RP0=0, select bank0
  1556     15ED  1303               	bcf	3,6	;RP1=0, select bank0
  1557     15EE  082B               	movf	triang@resolucion2+1,w
  1558     15EF  1803               	skipnc
  1559     15F0  0A2B               	incf	triang@resolucion2+1,w
  1560     15F1  1683               	bsf	3,5	;RP0=1, select bank1
  1561     15F2  1303               	bcf	3,6	;RP1=0, select bank1
  1562     15F3  0766               	addwf	(_n+1)^(0+128),w
  1563     15F4  00E6               	movwf	(_n+1)^(0+128)
  1564     15F5                     l3496:
  1565                           
  1566                           ;Generador_senales.c: 133:     while(n<=amplitud2)
  1567     15F5  1283               	bcf	3,5	;RP0=0, select bank0
  1568     15F6  1303               	bcf	3,6	;RP1=0, select bank0
  1569     15F7  0829               	movf	triang@amplitud2+1,w
  1570     15F8  3A80               	xorlw	128
  1571     15F9  00AC               	movwf	??_triang
  1572     15FA  1683               	bsf	3,5	;RP0=1, select bank1
  1573     15FB  1303               	bcf	3,6	;RP1=0, select bank1
  1574     15FC  0866               	movf	(_n+1)^(0+128),w
  1575     15FD  3A80               	xorlw	128
  1576     15FE  1283               	bcf	3,5	;RP0=0, select bank0
  1577     15FF  1303               	bcf	3,6	;RP1=0, select bank0
  1578     1600  022C               	subwf	??_triang,w
  1579     1601  1D03               	skipz
  1580     1602  2E09               	goto	u5355
  1581     1603  1683               	bsf	3,5	;RP0=1, select bank1
  1582     1604  1303               	bcf	3,6	;RP1=0, select bank1
  1583     1605  0865               	movf	_n^(0+128),w
  1584     1606  1283               	bcf	3,5	;RP0=0, select bank0
  1585     1607  1303               	bcf	3,6	;RP1=0, select bank0
  1586     1608  0228               	subwf	triang@amplitud2,w
  1587     1609                     u5355:
  1588     1609  1803               	skipnc
  1589     160A  2E0C               	goto	u5351
  1590     160B  2E0D               	goto	u5350
  1591     160C                     u5351:
  1592     160C  2D9A               	goto	l3486
  1593     160D                     u5350:
  1594     160D                     l3498:
  1595                           
  1596                           ;Generador_senales.c: 147:     n=0;
  1597     160D  1683               	bsf	3,5	;RP0=1, select bank1
  1598     160E  1303               	bcf	3,6	;RP1=0, select bank1
  1599     160F  01E5               	clrf	_n^(0+128)
  1600     1610  01E6               	clrf	(_n+1)^(0+128)
  1601                           
  1602                           ;Generador_senales.c: 148:     t=0;
  1603     1611  01F7               	clrf	_t
  1604     1612  01F8               	clrf	_t+1
  1605     1613                     l104:
  1606     1613  0008               	return
  1607     1614                     __end_of_triang:
  1608                           
  1609                           	psect	text2
  1610     1530                     __ptext2:	
  1611 ;; *************** function ___awdiv *****************
  1612 ;; Defined at:
  1613 ;;		line 5 in file "D:\Software\MPLAB_XC8\pic\sources\c90\common\awdiv.c"
  1614 ;; Parameters:    Size  Location     Type
  1615 ;;  divisor         2    0[BANK0 ] int 
  1616 ;;  dividend        2    2[BANK0 ] int 
  1617 ;; Auto vars:     Size  Location     Type
  1618 ;;  quotient        2    6[BANK0 ] int 
  1619 ;;  sign            1    5[BANK0 ] unsigned char 
  1620 ;;  counter         1    4[BANK0 ] unsigned char 
  1621 ;; Return value:  Size  Location     Type
  1622 ;;                  2    0[BANK0 ] int 
  1623 ;; Registers used:
  1624 ;;		wreg, status,2, status,0, btemp+1
  1625 ;; Tracked objects:
  1626 ;;		On entry : 0/0
  1627 ;;		On exit  : 0/0
  1628 ;;		Unchanged: 0/0
  1629 ;; Data sizes:     COMMON   BANK0   BANK1   BANK3   BANK2
  1630 ;;      Params:         0       4       0       0       0
  1631 ;;      Locals:         0       4       0       0       0
  1632 ;;      Temps:          0       0       0       0       0
  1633 ;;      Totals:         0       8       0       0       0
  1634 ;;Total ram usage:        8 bytes
  1635 ;; Hardware stack levels used: 1
  1636 ;; Hardware stack levels required when called: 1
  1637 ;; This function calls:
  1638 ;;		Nothing
  1639 ;; This function is called by:
  1640 ;;		_triang
  1641 ;; This function uses a non-reentrant model
  1642 ;;
  1643                           
  1644     1530                     ___awdiv:	
  1645                           ;psect for function ___awdiv
  1646                           
  1647     1530                     l3410:	
  1648                           ;incstack = 0
  1649                           ; Regs used in ___awdiv: [wreg+status,2+status,0+btemp+1]
  1650                           
  1651     1530  1283               	bcf	3,5	;RP0=0, select bank0
  1652     1531  1303               	bcf	3,6	;RP1=0, select bank0
  1653     1532  01A5               	clrf	___awdiv@sign
  1654     1533                     l3412:
  1655     1533  1FA1               	btfss	___awdiv@divisor+1,7
  1656     1534  2D36               	goto	u5231
  1657     1535  2D37               	goto	u5230
  1658     1536                     u5231:
  1659     1536  2D3E               	goto	l3418
  1660     1537                     u5230:
  1661     1537                     l3414:
  1662     1537  09A0               	comf	___awdiv@divisor,f
  1663     1538  09A1               	comf	___awdiv@divisor+1,f
  1664     1539  0AA0               	incf	___awdiv@divisor,f
  1665     153A  1903               	skipnz
  1666     153B  0AA1               	incf	___awdiv@divisor+1,f
  1667     153C                     l3416:
  1668     153C  01A5               	clrf	___awdiv@sign
  1669     153D  0AA5               	incf	___awdiv@sign,f
  1670     153E                     l3418:
  1671     153E  1FA3               	btfss	___awdiv@dividend+1,7
  1672     153F  2D41               	goto	u5241
  1673     1540  2D42               	goto	u5240
  1674     1541                     u5241:
  1675     1541  2D4B               	goto	l3424
  1676     1542                     u5240:
  1677     1542                     l3420:
  1678     1542  09A2               	comf	___awdiv@dividend,f
  1679     1543  09A3               	comf	___awdiv@dividend+1,f
  1680     1544  0AA2               	incf	___awdiv@dividend,f
  1681     1545  1903               	skipnz
  1682     1546  0AA3               	incf	___awdiv@dividend+1,f
  1683     1547                     l3422:
  1684     1547  3001               	movlw	1
  1685     1548  00FF               	movwf	btemp+1
  1686     1549  087F               	movf	btemp+1,w
  1687     154A  06A5               	xorwf	___awdiv@sign,f
  1688     154B                     l3424:
  1689     154B  01A6               	clrf	___awdiv@quotient
  1690     154C  01A7               	clrf	___awdiv@quotient+1
  1691     154D                     l3426:
  1692     154D  0820               	movf	___awdiv@divisor,w
  1693     154E  0421               	iorwf	___awdiv@divisor+1,w
  1694     154F  1903               	btfsc	3,2
  1695     1550  2D52               	goto	u5251
  1696     1551  2D53               	goto	u5250
  1697     1552                     u5251:
  1698     1552  2D8A               	goto	l3446
  1699     1553                     u5250:
  1700     1553                     l3428:
  1701     1553  01A4               	clrf	___awdiv@counter
  1702     1554  0AA4               	incf	___awdiv@counter,f
  1703     1555  2D61               	goto	l3434
  1704     1556                     l3430:
  1705     1556  3001               	movlw	1
  1706     1557                     u5265:
  1707     1557  1003               	clrc
  1708     1558  0DA0               	rlf	___awdiv@divisor,f
  1709     1559  0DA1               	rlf	___awdiv@divisor+1,f
  1710     155A  3EFF               	addlw	-1
  1711     155B  1D03               	skipz
  1712     155C  2D57               	goto	u5265
  1713     155D                     l3432:
  1714     155D  3001               	movlw	1
  1715     155E  00FF               	movwf	btemp+1
  1716     155F  087F               	movf	btemp+1,w
  1717     1560  07A4               	addwf	___awdiv@counter,f
  1718     1561                     l3434:
  1719     1561  1FA1               	btfss	___awdiv@divisor+1,7
  1720     1562  2D64               	goto	u5271
  1721     1563  2D65               	goto	u5270
  1722     1564                     u5271:
  1723     1564  2D56               	goto	l3430
  1724     1565                     u5270:
  1725     1565                     l3436:
  1726     1565  3001               	movlw	1
  1727     1566                     u5285:
  1728     1566  1003               	clrc
  1729     1567  0DA6               	rlf	___awdiv@quotient,f
  1730     1568  0DA7               	rlf	___awdiv@quotient+1,f
  1731     1569  3EFF               	addlw	-1
  1732     156A  1D03               	skipz
  1733     156B  2D66               	goto	u5285
  1734     156C  0821               	movf	___awdiv@divisor+1,w
  1735     156D  0223               	subwf	___awdiv@dividend+1,w
  1736     156E  1D03               	skipz
  1737     156F  2D72               	goto	u5295
  1738     1570  0820               	movf	___awdiv@divisor,w
  1739     1571  0222               	subwf	___awdiv@dividend,w
  1740     1572                     u5295:
  1741     1572  1C03               	skipc
  1742     1573  2D75               	goto	u5291
  1743     1574  2D76               	goto	u5290
  1744     1575                     u5291:
  1745     1575  2D7D               	goto	l3442
  1746     1576                     u5290:
  1747     1576                     l3438:
  1748     1576  0820               	movf	___awdiv@divisor,w
  1749     1577  02A2               	subwf	___awdiv@dividend,f
  1750     1578  0821               	movf	___awdiv@divisor+1,w
  1751     1579  1C03               	skipc
  1752     157A  03A3               	decf	___awdiv@dividend+1,f
  1753     157B  02A3               	subwf	___awdiv@dividend+1,f
  1754     157C                     l3440:
  1755     157C  1426               	bsf	___awdiv@quotient,0
  1756     157D                     l3442:
  1757     157D  3001               	movlw	1
  1758     157E                     u5305:
  1759     157E  1003               	clrc
  1760     157F  0CA1               	rrf	___awdiv@divisor+1,f
  1761     1580  0CA0               	rrf	___awdiv@divisor,f
  1762     1581  3EFF               	addlw	-1
  1763     1582  1D03               	skipz
  1764     1583  2D7E               	goto	u5305
  1765     1584                     l3444:
  1766     1584  3001               	movlw	1
  1767     1585  02A4               	subwf	___awdiv@counter,f
  1768     1586  1D03               	btfss	3,2
  1769     1587  2D89               	goto	u5311
  1770     1588  2D8A               	goto	u5310
  1771     1589                     u5311:
  1772     1589  2D65               	goto	l3436
  1773     158A                     u5310:
  1774     158A                     l3446:
  1775     158A  0825               	movf	___awdiv@sign,w
  1776     158B  1903               	btfsc	3,2
  1777     158C  2D8E               	goto	u5321
  1778     158D  2D8F               	goto	u5320
  1779     158E                     u5321:
  1780     158E  2D94               	goto	l3450
  1781     158F                     u5320:
  1782     158F                     l3448:
  1783     158F  09A6               	comf	___awdiv@quotient,f
  1784     1590  09A7               	comf	___awdiv@quotient+1,f
  1785     1591  0AA6               	incf	___awdiv@quotient,f
  1786     1592  1903               	skipnz
  1787     1593  0AA7               	incf	___awdiv@quotient+1,f
  1788     1594                     l3450:
  1789     1594  0827               	movf	___awdiv@quotient+1,w
  1790     1595  00A1               	movwf	?___awdiv+1
  1791     1596  0826               	movf	___awdiv@quotient,w
  1792     1597  00A0               	movwf	?___awdiv
  1793     1598                     l425:
  1794     1598  0008               	return
  1795     1599                     __end_of___awdiv:
  1796                           
  1797                           	psect	text3
  1798     066F                     __ptext3:	
  1799 ;; *************** function _sinu *****************
  1800 ;; Defined at:
  1801 ;;		line 119 in file "Generador_senales.c"
  1802 ;; Parameters:    Size  Location     Type
  1803 ;;  amplitud        2   51[BANK1 ] int 
  1804 ;;  resolucion      2   53[BANK1 ] int 
  1805 ;; Auto vars:     Size  Location     Type
  1806 ;;		None
  1807 ;; Return value:  Size  Location     Type
  1808 ;;                  1    wreg      void 
  1809 ;; Registers used:
  1810 ;;		wreg, fsr0l, fsr0h, status,2, status,0, btemp+1, pclath, cstack
  1811 ;; Tracked objects:
  1812 ;;		On entry : 0/0
  1813 ;;		On exit  : 0/0
  1814 ;;		Unchanged: 0/0
  1815 ;; Data sizes:     COMMON   BANK0   BANK1   BANK3   BANK2
  1816 ;;      Params:         0       0       4       0       0
  1817 ;;      Locals:         0       0       8       0       0
  1818 ;;      Temps:          0       0       2       0       0
  1819 ;;      Totals:         0       0      14       0       0
  1820 ;;Total ram usage:       14 bytes
  1821 ;; Hardware stack levels used: 1
  1822 ;; Hardware stack levels required when called: 5
  1823 ;; This function calls:
  1824 ;;		_DAC_Write_Value
  1825 ;;		___fladd
  1826 ;;		___fldiv
  1827 ;;		___flmul
  1828 ;;		___fltol
  1829 ;;		___xxtofl
  1830 ;;		_sin
  1831 ;; This function is called by:
  1832 ;;		_main
  1833 ;; This function uses a non-reentrant model
  1834 ;;
  1835                           
  1836     066F                     _sinu:	
  1837                           ;psect for function _sinu
  1838                           
  1839     066F                     l3464:	
  1840                           ;incstack = 0
  1841                           ; Regs used in _sinu: [wreg-fsr0h+status,2+status,0+btemp+1+pclath+cstack]
  1842                           
  1843                           
  1844                           ;Generador_senales.c: 119: void sinu(int amplitud,int resolucion);Generador_senales.c: 1
      +                          20: {;Generador_senales.c: 121:     while(n<=4095)
  1845     066F  2F93               	goto	l3478
  1846     0670                     l3466:
  1847                           
  1848                           ;Generador_senales.c: 122:     {;Generador_senales.c: 123:     vsin=amplitud*sin(n*2*3.1
      +                          416/4095)+amplitud;
  1849     0670  1003               	clrc
  1850     0671  1683               	bsf	3,5	;RP0=1, select bank1
  1851     0672  1303               	bcf	3,6	;RP1=0, select bank1
  1852     0673  0D65               	rlf	_n^(0+128),w
  1853     0674  1283               	bcf	3,5	;RP0=0, select bank0
  1854     0675  1303               	bcf	3,6	;RP1=0, select bank0
  1855     0676  00A0               	movwf	___xxtofl@val
  1856     0677  1683               	bsf	3,5	;RP0=1, select bank1
  1857     0678  1303               	bcf	3,6	;RP1=0, select bank1
  1858     0679  0D66               	rlf	(_n+1)^(0+128),w
  1859     067A  1283               	bcf	3,5	;RP0=0, select bank0
  1860     067B  1303               	bcf	3,6	;RP1=0, select bank0
  1861     067C  00A1               	movwf	___xxtofl@val+1
  1862     067D  01A2               	clrf	___xxtofl@val+2
  1863     067E  1BA1               	btfsc	___xxtofl@val+1,7
  1864     067F  03A2               	decf	___xxtofl@val+2,f
  1865     0680  0822               	movf	___xxtofl@val+2,w
  1866     0681  00A3               	movwf	___xxtofl@val+3
  1867     0682  3001               	movlw	1
  1868     0683  160A  118A  2746  120A  118A  	fcall	___xxtofl
  1869     0688  1283               	bcf	3,5	;RP0=0, select bank0
  1870     0689  1303               	bcf	3,6	;RP1=0, select bank0
  1871     068A  0823               	movf	?___xxtofl+3,w
  1872     068B  00B5               	movwf	___flmul@a+3
  1873     068C  0822               	movf	?___xxtofl+2,w
  1874     068D  00B4               	movwf	___flmul@a+2
  1875     068E  0821               	movf	?___xxtofl+1,w
  1876     068F  00B3               	movwf	___flmul@a+1
  1877     0690  0820               	movf	?___xxtofl,w
  1878     0691  00B2               	movwf	___flmul@a
  1879     0692  3040               	movlw	64
  1880     0693  00B1               	movwf	___flmul@b+3
  1881     0694  3049               	movlw	73
  1882     0695  00B0               	movwf	___flmul@b+2
  1883     0696  300F               	movlw	15
  1884     0697  00AF               	movwf	___flmul@b+1
  1885     0698  30F9               	movlw	249
  1886     0699  00AE               	movwf	___flmul@b
  1887     069A  120A  118A  202E  120A  118A  	fcall	___flmul
  1888     069F  1283               	bcf	3,5	;RP0=0, select bank0
  1889     06A0  1303               	bcf	3,6	;RP1=0, select bank0
  1890     06A1  0831               	movf	?___flmul+3,w
  1891     06A2  00CF               	movwf	___fldiv@b+3
  1892     06A3  0830               	movf	?___flmul+2,w
  1893     06A4  00CE               	movwf	___fldiv@b+2
  1894     06A5  082F               	movf	?___flmul+1,w
  1895     06A6  00CD               	movwf	___fldiv@b+1
  1896     06A7  082E               	movf	?___flmul,w
  1897     06A8  00CC               	movwf	___fldiv@b
  1898     06A9  3045               	movlw	69
  1899     06AA  00CB               	movwf	___fldiv@a+3
  1900     06AB  307F               	movlw	127
  1901     06AC  00CA               	movwf	___fldiv@a+2
  1902     06AD  30F0               	movlw	240
  1903     06AE  00C9               	movwf	___fldiv@a+1
  1904     06AF  3000               	movlw	0
  1905     06B0  00C8               	movwf	___fldiv@a
  1906     06B1  120A  158A  2357  120A  118A  	fcall	___fldiv
  1907     06B6  1283               	bcf	3,5	;RP0=0, select bank0
  1908     06B7  1303               	bcf	3,6	;RP1=0, select bank0
  1909     06B8  084B               	movf	?___fldiv+3,w
  1910     06B9  1683               	bsf	3,5	;RP0=1, select bank1
  1911     06BA  1303               	bcf	3,6	;RP1=0, select bank1
  1912     06BB  00DC               	movwf	(_sinu$1059+3)^(0+128)
  1913     06BC  1283               	bcf	3,5	;RP0=0, select bank0
  1914     06BD  1303               	bcf	3,6	;RP1=0, select bank0
  1915     06BE  084A               	movf	?___fldiv+2,w
  1916     06BF  1683               	bsf	3,5	;RP0=1, select bank1
  1917     06C0  1303               	bcf	3,6	;RP1=0, select bank1
  1918     06C1  00DB               	movwf	(_sinu$1059+2)^(0+128)
  1919     06C2  1283               	bcf	3,5	;RP0=0, select bank0
  1920     06C3  1303               	bcf	3,6	;RP1=0, select bank0
  1921     06C4  0849               	movf	?___fldiv+1,w
  1922     06C5  1683               	bsf	3,5	;RP0=1, select bank1
  1923     06C6  1303               	bcf	3,6	;RP1=0, select bank1
  1924     06C7  00DA               	movwf	(_sinu$1059+1)^(0+128)
  1925     06C8  1283               	bcf	3,5	;RP0=0, select bank0
  1926     06C9  1303               	bcf	3,6	;RP1=0, select bank0
  1927     06CA  0848               	movf	?___fldiv,w
  1928     06CB  1683               	bsf	3,5	;RP0=1, select bank1
  1929     06CC  1303               	bcf	3,6	;RP1=0, select bank1
  1930     06CD  00D9               	movwf	_sinu$1059^(0+128)
  1931     06CE                     l3468:
  1932                           
  1933                           ;Generador_senales.c: 122:     {;Generador_senales.c: 123:     vsin=amplitud*sin(n*2*3.1
      +                          416/4095)+amplitud;
  1934     06CE  085C               	movf	(_sinu$1059+3)^(0+128),w
  1935     06CF  00C5               	movwf	(sin@f+3)^(0+128)
  1936     06D0  085B               	movf	(_sinu$1059+2)^(0+128),w
  1937     06D1  00C4               	movwf	(sin@f+2)^(0+128)
  1938     06D2  085A               	movf	(_sinu$1059+1)^(0+128),w
  1939     06D3  00C3               	movwf	(sin@f+1)^(0+128)
  1940     06D4  0859               	movf	_sinu$1059^(0+128),w
  1941     06D5  00C2               	movwf	sin@f^(0+128)
  1942     06D6  120A  118A  2373  120A  118A  	fcall	_sin
  1943     06DB  1683               	bsf	3,5	;RP0=1, select bank1
  1944     06DC  1303               	bcf	3,6	;RP1=0, select bank1
  1945     06DD  0845               	movf	(?_sin+3)^(0+128),w
  1946     06DE  00E0               	movwf	(_sinu$1060+3)^(0+128)
  1947     06DF  0844               	movf	(?_sin+2)^(0+128),w
  1948     06E0  00DF               	movwf	(_sinu$1060+2)^(0+128)
  1949     06E1  0843               	movf	(?_sin+1)^(0+128),w
  1950     06E2  00DE               	movwf	(_sinu$1060+1)^(0+128)
  1951     06E3  0842               	movf	?_sin^(0+128),w
  1952     06E4  00DD               	movwf	_sinu$1060^(0+128)
  1953     06E5                     l3470:
  1954                           
  1955                           ;Generador_senales.c: 122:     {;Generador_senales.c: 123:     vsin=amplitud*sin(n*2*3.1
      +                          416/4095)+amplitud;
  1956     06E5  0853               	movf	sinu@amplitud^(0+128),w
  1957     06E6  1283               	bcf	3,5	;RP0=0, select bank0
  1958     06E7  1303               	bcf	3,6	;RP1=0, select bank0
  1959     06E8  00A0               	movwf	___xxtofl@val
  1960     06E9  1683               	bsf	3,5	;RP0=1, select bank1
  1961     06EA  1303               	bcf	3,6	;RP1=0, select bank1
  1962     06EB  0854               	movf	(sinu@amplitud+1)^(0+128),w
  1963     06EC  1283               	bcf	3,5	;RP0=0, select bank0
  1964     06ED  1303               	bcf	3,6	;RP1=0, select bank0
  1965     06EE  00A1               	movwf	___xxtofl@val+1
  1966     06EF  3000               	movlw	0
  1967     06F0  1BA1               	btfsc	___xxtofl@val+1,7
  1968     06F1  30FF               	movlw	255
  1969     06F2  00A2               	movwf	___xxtofl@val+2
  1970     06F3  00A3               	movwf	___xxtofl@val+3
  1971     06F4  3001               	movlw	1
  1972     06F5  160A  118A  2746  120A  118A  	fcall	___xxtofl
  1973     06FA  1283               	bcf	3,5	;RP0=0, select bank0
  1974     06FB  1303               	bcf	3,6	;RP1=0, select bank0
  1975     06FC  0823               	movf	?___xxtofl+3,w
  1976     06FD  00B5               	movwf	___flmul@a+3
  1977     06FE  0822               	movf	?___xxtofl+2,w
  1978     06FF  00B4               	movwf	___flmul@a+2
  1979     0700  0821               	movf	?___xxtofl+1,w
  1980     0701  00B3               	movwf	___flmul@a+1
  1981     0702  0820               	movf	?___xxtofl,w
  1982     0703  00B2               	movwf	___flmul@a
  1983     0704  1683               	bsf	3,5	;RP0=1, select bank1
  1984     0705  1303               	bcf	3,6	;RP1=0, select bank1
  1985     0706  0860               	movf	(_sinu$1060+3)^(0+128),w
  1986     0707  1283               	bcf	3,5	;RP0=0, select bank0
  1987     0708  1303               	bcf	3,6	;RP1=0, select bank0
  1988     0709  00B1               	movwf	___flmul@b+3
  1989     070A  1683               	bsf	3,5	;RP0=1, select bank1
  1990     070B  1303               	bcf	3,6	;RP1=0, select bank1
  1991     070C  085F               	movf	(_sinu$1060+2)^(0+128),w
  1992     070D  1283               	bcf	3,5	;RP0=0, select bank0
  1993     070E  1303               	bcf	3,6	;RP1=0, select bank0
  1994     070F  00B0               	movwf	___flmul@b+2
  1995     0710  1683               	bsf	3,5	;RP0=1, select bank1
  1996     0711  1303               	bcf	3,6	;RP1=0, select bank1
  1997     0712  085E               	movf	(_sinu$1060+1)^(0+128),w
  1998     0713  1283               	bcf	3,5	;RP0=0, select bank0
  1999     0714  1303               	bcf	3,6	;RP1=0, select bank0
  2000     0715  00AF               	movwf	___flmul@b+1
  2001     0716  1683               	bsf	3,5	;RP0=1, select bank1
  2002     0717  1303               	bcf	3,6	;RP1=0, select bank1
  2003     0718  085D               	movf	_sinu$1060^(0+128),w
  2004     0719  1283               	bcf	3,5	;RP0=0, select bank0
  2005     071A  1303               	bcf	3,6	;RP1=0, select bank0
  2006     071B  00AE               	movwf	___flmul@b
  2007     071C  120A  118A  202E  120A  118A  	fcall	___flmul
  2008     0721  1283               	bcf	3,5	;RP0=0, select bank0
  2009     0722  1303               	bcf	3,6	;RP1=0, select bank0
  2010     0723  0831               	movf	?___flmul+3,w
  2011     0724  00E9               	movwf	___fladd@a+3
  2012     0725  0830               	movf	?___flmul+2,w
  2013     0726  00E8               	movwf	___fladd@a+2
  2014     0727  082F               	movf	?___flmul+1,w
  2015     0728  00E7               	movwf	___fladd@a+1
  2016     0729  082E               	movf	?___flmul,w
  2017     072A  00E6               	movwf	___fladd@a
  2018     072B  1683               	bsf	3,5	;RP0=1, select bank1
  2019     072C  1303               	bcf	3,6	;RP1=0, select bank1
  2020     072D  0853               	movf	sinu@amplitud^(0+128),w
  2021     072E  1283               	bcf	3,5	;RP0=0, select bank0
  2022     072F  1303               	bcf	3,6	;RP1=0, select bank0
  2023     0730  00A0               	movwf	___xxtofl@val
  2024     0731  1683               	bsf	3,5	;RP0=1, select bank1
  2025     0732  1303               	bcf	3,6	;RP1=0, select bank1
  2026     0733  0854               	movf	(sinu@amplitud+1)^(0+128),w
  2027     0734  1283               	bcf	3,5	;RP0=0, select bank0
  2028     0735  1303               	bcf	3,6	;RP1=0, select bank0
  2029     0736  00A1               	movwf	___xxtofl@val+1
  2030     0737  3000               	movlw	0
  2031     0738  1BA1               	btfsc	___xxtofl@val+1,7
  2032     0739  30FF               	movlw	255
  2033     073A  00A2               	movwf	___xxtofl@val+2
  2034     073B  00A3               	movwf	___xxtofl@val+3
  2035     073C  3001               	movlw	1
  2036     073D  160A  118A  2746  120A  118A  	fcall	___xxtofl
  2037     0742  1283               	bcf	3,5	;RP0=0, select bank0
  2038     0743  1303               	bcf	3,6	;RP1=0, select bank0
  2039     0744  0823               	movf	?___xxtofl+3,w
  2040     0745  00E5               	movwf	___fladd@b+3
  2041     0746  0822               	movf	?___xxtofl+2,w
  2042     0747  00E4               	movwf	___fladd@b+2
  2043     0748  0821               	movf	?___xxtofl+1,w
  2044     0749  00E3               	movwf	___fladd@b+1
  2045     074A  0820               	movf	?___xxtofl,w
  2046     074B  00E2               	movwf	___fladd@b
  2047     074C  120A  158A  2526  120A  118A  	fcall	___fladd
  2048     0751  1283               	bcf	3,5	;RP0=0, select bank0
  2049     0752  1303               	bcf	3,6	;RP1=0, select bank0
  2050     0753  0865               	movf	?___fladd+3,w
  2051     0754  1683               	bsf	3,5	;RP0=1, select bank1
  2052     0755  1303               	bcf	3,6	;RP1=0, select bank1
  2053     0756  00AB               	movwf	(___fltol@f1+3)^(0+128)
  2054     0757  1283               	bcf	3,5	;RP0=0, select bank0
  2055     0758  1303               	bcf	3,6	;RP1=0, select bank0
  2056     0759  0864               	movf	?___fladd+2,w
  2057     075A  1683               	bsf	3,5	;RP0=1, select bank1
  2058     075B  1303               	bcf	3,6	;RP1=0, select bank1
  2059     075C  00AA               	movwf	(___fltol@f1+2)^(0+128)
  2060     075D  1283               	bcf	3,5	;RP0=0, select bank0
  2061     075E  1303               	bcf	3,6	;RP1=0, select bank0
  2062     075F  0863               	movf	?___fladd+1,w
  2063     0760  1683               	bsf	3,5	;RP0=1, select bank1
  2064     0761  1303               	bcf	3,6	;RP1=0, select bank1
  2065     0762  00A9               	movwf	(___fltol@f1+1)^(0+128)
  2066     0763  1283               	bcf	3,5	;RP0=0, select bank0
  2067     0764  1303               	bcf	3,6	;RP1=0, select bank0
  2068     0765  0862               	movf	?___fladd,w
  2069     0766  1683               	bsf	3,5	;RP0=1, select bank1
  2070     0767  1303               	bcf	3,6	;RP1=0, select bank1
  2071     0768  00A8               	movwf	___fltol@f1^(0+128)
  2072     0769  160A  118A  2614  120A  118A  	fcall	___fltol
  2073     076E  1683               	bsf	3,5	;RP0=1, select bank1
  2074     076F  1303               	bcf	3,6	;RP1=0, select bank1
  2075     0770  0829               	movf	(?___fltol+1)^(0+128),w
  2076     0771  00E8               	movwf	(_vsin+1)^(0+128)
  2077     0772  0828               	movf	?___fltol^(0+128),w
  2078     0773  00E7               	movwf	_vsin^(0+128)
  2079     0774                     l3472:
  2080                           
  2081                           ;Generador_senales.c: 124:     DAC_Write_Value(0xC0, vsin);
  2082     0774  0868               	movf	(_vsin+1)^(0+128),w
  2083     0775  00F6               	movwf	DAC_Write_Value@data+1
  2084     0776  0867               	movf	_vsin^(0+128),w
  2085     0777  00F5               	movwf	DAC_Write_Value@data
  2086     0778  30C0               	movlw	192
  2087     0779  160A  118A  23FB  120A  118A  	fcall	_DAC_Write_Value
  2088     077E                     l3474:
  2089                           
  2090                           ;Generador_senales.c: 125:     n=n+resolucion;
  2091     077E  1683               	bsf	3,5	;RP0=1, select bank1
  2092     077F  1303               	bcf	3,6	;RP1=0, select bank1
  2093     0780  0855               	movf	sinu@resolucion^(0+128),w
  2094     0781  0765               	addwf	_n^(0+128),w
  2095     0782  00E5               	movwf	_n^(0+128)
  2096     0783  0856               	movf	(sinu@resolucion+1)^(0+128),w
  2097     0784  1803               	skipnc
  2098     0785  0A56               	incf	(sinu@resolucion+1)^(0+128),w
  2099     0786  0766               	addwf	(_n+1)^(0+128),w
  2100     0787  00E6               	movwf	(_n+1)^(0+128)
  2101     0788                     l3476:
  2102                           
  2103                           ;Generador_senales.c: 126:     _delay((unsigned long)((dl)*(20000000/4000.0)));
  2104     0788  3007               	movlw	7
  2105     0789  1683               	bsf	3,5	;RP0=1, select bank1
  2106     078A  1303               	bcf	3,6	;RP1=0, select bank1
  2107     078B  00D8               	movwf	(??_sinu^(0+128)+1)
  2108     078C  307C               	movlw	124
  2109     078D  00D7               	movwf	??_sinu^(0+128)
  2110     078E                     u5427:
  2111     078E  0BD7               	decfsz	??_sinu^(0+128),f
  2112     078F  2F8E               	goto	u5427
  2113     0790  0BD8               	decfsz	(??_sinu^(0+128)+1),f
  2114     0791  2F8E               	goto	u5427
  2115     0792  0000               	nop
  2116     0793                     l3478:
  2117                           
  2118                           ;Generador_senales.c: 121:     while(n<=4095)
  2119     0793  1683               	bsf	3,5	;RP0=1, select bank1
  2120     0794  1303               	bcf	3,6	;RP1=0, select bank1
  2121     0795  0866               	movf	(_n+1)^(0+128),w
  2122     0796  3A80               	xorlw	128
  2123     0797  00FF               	movwf	btemp+1
  2124     0798  3090               	movlw	144
  2125     0799  027F               	subwf	btemp+1,w
  2126     079A  1D03               	skipz
  2127     079B  2F9E               	goto	u5335
  2128     079C  3000               	movlw	0
  2129     079D  0265               	subwf	_n^(0+128),w
  2130     079E                     u5335:
  2131     079E  1C03               	skipc
  2132     079F  2FA1               	goto	u5331
  2133     07A0  2FA2               	goto	u5330
  2134     07A1                     u5331:
  2135     07A1  2E70               	goto	l3466
  2136     07A2                     u5330:
  2137     07A2                     l3480:
  2138                           
  2139                           ;Generador_senales.c: 128:     n=0;
  2140     07A2  1683               	bsf	3,5	;RP0=1, select bank1
  2141     07A3  1303               	bcf	3,6	;RP1=0, select bank1
  2142     07A4  01E5               	clrf	_n^(0+128)
  2143     07A5  01E6               	clrf	(_n+1)^(0+128)
  2144     07A6                     l3482:
  2145                           
  2146                           ;Generador_senales.c: 129:     _delay((unsigned long)((dl)*(20000000/4000.0)));
  2147     07A6  3007               	movlw	7
  2148     07A7  1683               	bsf	3,5	;RP0=1, select bank1
  2149     07A8  1303               	bcf	3,6	;RP1=0, select bank1
  2150     07A9  00D8               	movwf	(??_sinu^(0+128)+1)
  2151     07AA  307C               	movlw	124
  2152     07AB  00D7               	movwf	??_sinu^(0+128)
  2153     07AC                     u5437:
  2154     07AC  0BD7               	decfsz	??_sinu^(0+128),f
  2155     07AD  2FAC               	goto	u5437
  2156     07AE  0BD8               	decfsz	(??_sinu^(0+128)+1),f
  2157     07AF  2FAC               	goto	u5437
  2158     07B0  0000               	nop
  2159     07B1                     l96:
  2160     07B1  0008               	return
  2161     07B2                     __end_of_sinu:
  2162                           
  2163                           	psect	text4
  2164     0373                     __ptext4:	
  2165 ;; *************** function _sin *****************
  2166 ;; Defined at:
  2167 ;;		line 13 in file "D:\Software\MPLAB_XC8\pic\sources\c90\common\sin.c"
  2168 ;; Parameters:    Size  Location     Type
  2169 ;;  f               4   34[BANK1 ] void 
  2170 ;; Auto vars:     Size  Location     Type
  2171 ;;  x2              4   46[BANK1 ] void 
  2172 ;;  y               4   38[BANK1 ] void 
  2173 ;;  sgn             1   50[BANK1 ] unsigned char 
  2174 ;; Return value:  Size  Location     Type
  2175 ;;                  4   34[BANK1 ] unsigned char 
  2176 ;; Registers used:
  2177 ;;		wreg, fsr0l, fsr0h, status,2, status,0, btemp+1, pclath, cstack
  2178 ;; Tracked objects:
  2179 ;;		On entry : 0/0
  2180 ;;		On exit  : 0/0
  2181 ;;		Unchanged: 0/0
  2182 ;; Data sizes:     COMMON   BANK0   BANK1   BANK3   BANK2
  2183 ;;      Params:         0       0       4       0       0
  2184 ;;      Locals:         0       0      13       0       0
  2185 ;;      Temps:          0       0       0       0       0
  2186 ;;      Totals:         0       0      17       0       0
  2187 ;;Total ram usage:       17 bytes
  2188 ;; Hardware stack levels used: 1
  2189 ;; Hardware stack levels required when called: 4
  2190 ;; This function calls:
  2191 ;;		___fldiv
  2192 ;;		___flge
  2193 ;;		___flmul
  2194 ;;		___flneg
  2195 ;;		___flsub
  2196 ;;		_eval_poly
  2197 ;;		_floor
  2198 ;; This function is called by:
  2199 ;;		_sinu
  2200 ;; This function uses a non-reentrant model
  2201 ;;
  2202                           
  2203     0373                     _sin:	
  2204                           ;psect for function _sin
  2205                           
  2206     0373                     l3376:	
  2207                           ;incstack = 0
  2208                           ; Regs used in _sin: [wreg-fsr0h+status,2+status,0+btemp+1+pclath+cstack]
  2209                           
  2210     0373  1683               	bsf	3,5	;RP0=1, select bank1
  2211     0374  1303               	bcf	3,6	;RP1=0, select bank1
  2212     0375  01D2               	clrf	sin@sgn^(0+128)
  2213     0376                     l3378:
  2214     0376  0845               	movf	(sin@f+3)^(0+128),w
  2215     0377  1283               	bcf	3,5	;RP0=0, select bank0
  2216     0378  1303               	bcf	3,6	;RP1=0, select bank0
  2217     0379  00A3               	movwf	___flge@ff1+3
  2218     037A  1683               	bsf	3,5	;RP0=1, select bank1
  2219     037B  1303               	bcf	3,6	;RP1=0, select bank1
  2220     037C  0844               	movf	(sin@f+2)^(0+128),w
  2221     037D  1283               	bcf	3,5	;RP0=0, select bank0
  2222     037E  1303               	bcf	3,6	;RP1=0, select bank0
  2223     037F  00A2               	movwf	___flge@ff1+2
  2224     0380  1683               	bsf	3,5	;RP0=1, select bank1
  2225     0381  1303               	bcf	3,6	;RP1=0, select bank1
  2226     0382  0843               	movf	(sin@f+1)^(0+128),w
  2227     0383  1283               	bcf	3,5	;RP0=0, select bank0
  2228     0384  1303               	bcf	3,6	;RP1=0, select bank0
  2229     0385  00A1               	movwf	___flge@ff1+1
  2230     0386  1683               	bsf	3,5	;RP0=1, select bank1
  2231     0387  1303               	bcf	3,6	;RP1=0, select bank1
  2232     0388  0842               	movf	sin@f^(0+128),w
  2233     0389  1283               	bcf	3,5	;RP0=0, select bank0
  2234     038A  1303               	bcf	3,6	;RP1=0, select bank0
  2235     038B  00A0               	movwf	___flge@ff1
  2236     038C  3000               	movlw	0
  2237     038D  00A7               	movwf	___flge@ff2+3
  2238     038E  3000               	movlw	0
  2239     038F  00A6               	movwf	___flge@ff2+2
  2240     0390  3000               	movlw	0
  2241     0391  00A5               	movwf	___flge@ff2+1
  2242     0392  3000               	movlw	0
  2243     0393  00A4               	movwf	___flge@ff2
  2244     0394  160A  118A  26A2  120A  118A  	fcall	___flge
  2245     0399  1803               	btfsc	3,0
  2246     039A  2B9C               	goto	u5171
  2247     039B  2B9D               	goto	u5170
  2248     039C                     u5171:
  2249     039C  2BD4               	goto	l3384
  2250     039D                     u5170:
  2251     039D                     l3380:
  2252     039D  1683               	bsf	3,5	;RP0=1, select bank1
  2253     039E  1303               	bcf	3,6	;RP1=0, select bank1
  2254     039F  0845               	movf	(sin@f+3)^(0+128),w
  2255     03A0  1283               	bcf	3,5	;RP0=0, select bank0
  2256     03A1  1303               	bcf	3,6	;RP1=0, select bank0
  2257     03A2  00A3               	movwf	___flneg@f1+3
  2258     03A3  1683               	bsf	3,5	;RP0=1, select bank1
  2259     03A4  1303               	bcf	3,6	;RP1=0, select bank1
  2260     03A5  0844               	movf	(sin@f+2)^(0+128),w
  2261     03A6  1283               	bcf	3,5	;RP0=0, select bank0
  2262     03A7  1303               	bcf	3,6	;RP1=0, select bank0
  2263     03A8  00A2               	movwf	___flneg@f1+2
  2264     03A9  1683               	bsf	3,5	;RP0=1, select bank1
  2265     03AA  1303               	bcf	3,6	;RP1=0, select bank1
  2266     03AB  0843               	movf	(sin@f+1)^(0+128),w
  2267     03AC  1283               	bcf	3,5	;RP0=0, select bank0
  2268     03AD  1303               	bcf	3,6	;RP1=0, select bank0
  2269     03AE  00A1               	movwf	___flneg@f1+1
  2270     03AF  1683               	bsf	3,5	;RP0=1, select bank1
  2271     03B0  1303               	bcf	3,6	;RP1=0, select bank1
  2272     03B1  0842               	movf	sin@f^(0+128),w
  2273     03B2  1283               	bcf	3,5	;RP0=0, select bank0
  2274     03B3  1303               	bcf	3,6	;RP1=0, select bank0
  2275     03B4  00A0               	movwf	___flneg@f1
  2276     03B5  160A  118A  234C  120A  118A  	fcall	___flneg
  2277     03BA  1283               	bcf	3,5	;RP0=0, select bank0
  2278     03BB  1303               	bcf	3,6	;RP1=0, select bank0
  2279     03BC  0823               	movf	?___flneg+3,w
  2280     03BD  1683               	bsf	3,5	;RP0=1, select bank1
  2281     03BE  1303               	bcf	3,6	;RP1=0, select bank1
  2282     03BF  00C5               	movwf	(sin@f+3)^(0+128)
  2283     03C0  1283               	bcf	3,5	;RP0=0, select bank0
  2284     03C1  1303               	bcf	3,6	;RP1=0, select bank0
  2285     03C2  0822               	movf	?___flneg+2,w
  2286     03C3  1683               	bsf	3,5	;RP0=1, select bank1
  2287     03C4  1303               	bcf	3,6	;RP1=0, select bank1
  2288     03C5  00C4               	movwf	(sin@f+2)^(0+128)
  2289     03C6  1283               	bcf	3,5	;RP0=0, select bank0
  2290     03C7  1303               	bcf	3,6	;RP1=0, select bank0
  2291     03C8  0821               	movf	?___flneg+1,w
  2292     03C9  1683               	bsf	3,5	;RP0=1, select bank1
  2293     03CA  1303               	bcf	3,6	;RP1=0, select bank1
  2294     03CB  00C3               	movwf	(sin@f+1)^(0+128)
  2295     03CC  1283               	bcf	3,5	;RP0=0, select bank0
  2296     03CD  1303               	bcf	3,6	;RP1=0, select bank0
  2297     03CE  0820               	movf	?___flneg,w
  2298     03CF  1683               	bsf	3,5	;RP0=1, select bank1
  2299     03D0  1303               	bcf	3,6	;RP1=0, select bank1
  2300     03D1  00C2               	movwf	sin@f^(0+128)
  2301     03D2                     l3382:
  2302     03D2  01D2               	clrf	sin@sgn^(0+128)
  2303     03D3  0AD2               	incf	sin@sgn^(0+128),f
  2304     03D4                     l3384:
  2305     03D4  303E               	movlw	62
  2306     03D5  1283               	bcf	3,5	;RP0=0, select bank0
  2307     03D6  1303               	bcf	3,6	;RP1=0, select bank0
  2308     03D7  00B1               	movwf	___flmul@b+3
  2309     03D8  3022               	movlw	34
  2310     03D9  00B0               	movwf	___flmul@b+2
  2311     03DA  30F9               	movlw	249
  2312     03DB  00AF               	movwf	___flmul@b+1
  2313     03DC  3083               	movlw	131
  2314     03DD  00AE               	movwf	___flmul@b
  2315     03DE  1683               	bsf	3,5	;RP0=1, select bank1
  2316     03DF  1303               	bcf	3,6	;RP1=0, select bank1
  2317     03E0  0845               	movf	(sin@f+3)^(0+128),w
  2318     03E1  1283               	bcf	3,5	;RP0=0, select bank0
  2319     03E2  1303               	bcf	3,6	;RP1=0, select bank0
  2320     03E3  00B5               	movwf	___flmul@a+3
  2321     03E4  1683               	bsf	3,5	;RP0=1, select bank1
  2322     03E5  1303               	bcf	3,6	;RP1=0, select bank1
  2323     03E6  0844               	movf	(sin@f+2)^(0+128),w
  2324     03E7  1283               	bcf	3,5	;RP0=0, select bank0
  2325     03E8  1303               	bcf	3,6	;RP1=0, select bank0
  2326     03E9  00B4               	movwf	___flmul@a+2
  2327     03EA  1683               	bsf	3,5	;RP0=1, select bank1
  2328     03EB  1303               	bcf	3,6	;RP1=0, select bank1
  2329     03EC  0843               	movf	(sin@f+1)^(0+128),w
  2330     03ED  1283               	bcf	3,5	;RP0=0, select bank0
  2331     03EE  1303               	bcf	3,6	;RP1=0, select bank0
  2332     03EF  00B3               	movwf	___flmul@a+1
  2333     03F0  1683               	bsf	3,5	;RP0=1, select bank1
  2334     03F1  1303               	bcf	3,6	;RP1=0, select bank1
  2335     03F2  0842               	movf	sin@f^(0+128),w
  2336     03F3  1283               	bcf	3,5	;RP0=0, select bank0
  2337     03F4  1303               	bcf	3,6	;RP1=0, select bank0
  2338     03F5  00B2               	movwf	___flmul@a
  2339     03F6  120A  118A  202E  120A  118A  	fcall	___flmul
  2340     03FB  1283               	bcf	3,5	;RP0=0, select bank0
  2341     03FC  1303               	bcf	3,6	;RP1=0, select bank0
  2342     03FD  0831               	movf	?___flmul+3,w
  2343     03FE  1683               	bsf	3,5	;RP0=1, select bank1
  2344     03FF  1303               	bcf	3,6	;RP1=0, select bank1
  2345     0400  00C5               	movwf	(sin@f+3)^(0+128)
  2346     0401  1283               	bcf	3,5	;RP0=0, select bank0
  2347     0402  1303               	bcf	3,6	;RP1=0, select bank0
  2348     0403  0830               	movf	?___flmul+2,w
  2349     0404  1683               	bsf	3,5	;RP0=1, select bank1
  2350     0405  1303               	bcf	3,6	;RP1=0, select bank1
  2351     0406  00C4               	movwf	(sin@f+2)^(0+128)
  2352     0407  1283               	bcf	3,5	;RP0=0, select bank0
  2353     0408  1303               	bcf	3,6	;RP1=0, select bank0
  2354     0409  082F               	movf	?___flmul+1,w
  2355     040A  1683               	bsf	3,5	;RP0=1, select bank1
  2356     040B  1303               	bcf	3,6	;RP1=0, select bank1
  2357     040C  00C3               	movwf	(sin@f+1)^(0+128)
  2358     040D  1283               	bcf	3,5	;RP0=0, select bank0
  2359     040E  1303               	bcf	3,6	;RP1=0, select bank0
  2360     040F  082E               	movf	?___flmul,w
  2361     0410  1683               	bsf	3,5	;RP0=1, select bank1
  2362     0411  1303               	bcf	3,6	;RP1=0, select bank1
  2363     0412  00C2               	movwf	sin@f^(0+128)
  2364     0413                     l3386:
  2365     0413  0845               	movf	(sin@f+3)^(0+128),w
  2366     0414  00B3               	movwf	(floor@x+3)^(0+128)
  2367     0415  0844               	movf	(sin@f+2)^(0+128),w
  2368     0416  00B2               	movwf	(floor@x+2)^(0+128)
  2369     0417  0843               	movf	(sin@f+1)^(0+128),w
  2370     0418  00B1               	movwf	(floor@x+1)^(0+128)
  2371     0419  0842               	movf	sin@f^(0+128),w
  2372     041A  00B0               	movwf	floor@x^(0+128)
  2373     041B  120A  158A  20F2  120A  118A  	fcall	_floor
  2374     0420  1683               	bsf	3,5	;RP0=1, select bank1
  2375     0421  1303               	bcf	3,6	;RP1=0, select bank1
  2376     0422  0833               	movf	(?_floor+3)^(0+128),w
  2377     0423  00BD               	movwf	(___flsub@a+3)^(0+128)
  2378     0424  0832               	movf	(?_floor+2)^(0+128),w
  2379     0425  00BC               	movwf	(___flsub@a+2)^(0+128)
  2380     0426  0831               	movf	(?_floor+1)^(0+128),w
  2381     0427  00BB               	movwf	(___flsub@a+1)^(0+128)
  2382     0428  0830               	movf	?_floor^(0+128),w
  2383     0429  00BA               	movwf	___flsub@a^(0+128)
  2384     042A  0845               	movf	(sin@f+3)^(0+128),w
  2385     042B  00C1               	movwf	(___flsub@b+3)^(0+128)
  2386     042C  0844               	movf	(sin@f+2)^(0+128),w
  2387     042D  00C0               	movwf	(___flsub@b+2)^(0+128)
  2388     042E  0843               	movf	(sin@f+1)^(0+128),w
  2389     042F  00BF               	movwf	(___flsub@b+1)^(0+128)
  2390     0430  0842               	movf	sin@f^(0+128),w
  2391     0431  00BE               	movwf	___flsub@b^(0+128)
  2392     0432  160A  118A  243C  120A  118A  	fcall	___flsub
  2393     0437  1683               	bsf	3,5	;RP0=1, select bank1
  2394     0438  1303               	bcf	3,6	;RP1=0, select bank1
  2395     0439  083D               	movf	(?___flsub+3)^(0+128),w
  2396     043A  00C5               	movwf	(sin@f+3)^(0+128)
  2397     043B  083C               	movf	(?___flsub+2)^(0+128),w
  2398     043C  00C4               	movwf	(sin@f+2)^(0+128)
  2399     043D  083B               	movf	(?___flsub+1)^(0+128),w
  2400     043E  00C3               	movwf	(sin@f+1)^(0+128)
  2401     043F  083A               	movf	?___flsub^(0+128),w
  2402     0440  00C2               	movwf	sin@f^(0+128)
  2403     0441                     l3388:
  2404     0441  3040               	movlw	64
  2405     0442  1283               	bcf	3,5	;RP0=0, select bank0
  2406     0443  1303               	bcf	3,6	;RP1=0, select bank0
  2407     0444  00B1               	movwf	___flmul@b+3
  2408     0445  3080               	movlw	128
  2409     0446  00B0               	movwf	___flmul@b+2
  2410     0447  3000               	movlw	0
  2411     0448  00AF               	movwf	___flmul@b+1
  2412     0449  3000               	movlw	0
  2413     044A  00AE               	movwf	___flmul@b
  2414     044B  1683               	bsf	3,5	;RP0=1, select bank1
  2415     044C  1303               	bcf	3,6	;RP1=0, select bank1
  2416     044D  0845               	movf	(sin@f+3)^(0+128),w
  2417     044E  1283               	bcf	3,5	;RP0=0, select bank0
  2418     044F  1303               	bcf	3,6	;RP1=0, select bank0
  2419     0450  00B5               	movwf	___flmul@a+3
  2420     0451  1683               	bsf	3,5	;RP0=1, select bank1
  2421     0452  1303               	bcf	3,6	;RP1=0, select bank1
  2422     0453  0844               	movf	(sin@f+2)^(0+128),w
  2423     0454  1283               	bcf	3,5	;RP0=0, select bank0
  2424     0455  1303               	bcf	3,6	;RP1=0, select bank0
  2425     0456  00B4               	movwf	___flmul@a+2
  2426     0457  1683               	bsf	3,5	;RP0=1, select bank1
  2427     0458  1303               	bcf	3,6	;RP1=0, select bank1
  2428     0459  0843               	movf	(sin@f+1)^(0+128),w
  2429     045A  1283               	bcf	3,5	;RP0=0, select bank0
  2430     045B  1303               	bcf	3,6	;RP1=0, select bank0
  2431     045C  00B3               	movwf	___flmul@a+1
  2432     045D  1683               	bsf	3,5	;RP0=1, select bank1
  2433     045E  1303               	bcf	3,6	;RP1=0, select bank1
  2434     045F  0842               	movf	sin@f^(0+128),w
  2435     0460  1283               	bcf	3,5	;RP0=0, select bank0
  2436     0461  1303               	bcf	3,6	;RP1=0, select bank0
  2437     0462  00B2               	movwf	___flmul@a
  2438     0463  120A  118A  202E  120A  118A  	fcall	___flmul
  2439     0468  1283               	bcf	3,5	;RP0=0, select bank0
  2440     0469  1303               	bcf	3,6	;RP1=0, select bank0
  2441     046A  0831               	movf	?___flmul+3,w
  2442     046B  1683               	bsf	3,5	;RP0=1, select bank1
  2443     046C  1303               	bcf	3,6	;RP1=0, select bank1
  2444     046D  00C5               	movwf	(sin@f+3)^(0+128)
  2445     046E  1283               	bcf	3,5	;RP0=0, select bank0
  2446     046F  1303               	bcf	3,6	;RP1=0, select bank0
  2447     0470  0830               	movf	?___flmul+2,w
  2448     0471  1683               	bsf	3,5	;RP0=1, select bank1
  2449     0472  1303               	bcf	3,6	;RP1=0, select bank1
  2450     0473  00C4               	movwf	(sin@f+2)^(0+128)
  2451     0474  1283               	bcf	3,5	;RP0=0, select bank0
  2452     0475  1303               	bcf	3,6	;RP1=0, select bank0
  2453     0476  082F               	movf	?___flmul+1,w
  2454     0477  1683               	bsf	3,5	;RP0=1, select bank1
  2455     0478  1303               	bcf	3,6	;RP1=0, select bank1
  2456     0479  00C3               	movwf	(sin@f+1)^(0+128)
  2457     047A  1283               	bcf	3,5	;RP0=0, select bank0
  2458     047B  1303               	bcf	3,6	;RP1=0, select bank0
  2459     047C  082E               	movf	?___flmul,w
  2460     047D  1683               	bsf	3,5	;RP0=1, select bank1
  2461     047E  1303               	bcf	3,6	;RP1=0, select bank1
  2462     047F  00C2               	movwf	sin@f^(0+128)
  2463     0480                     l3390:
  2464     0480  3040               	movlw	64
  2465     0481  1283               	bcf	3,5	;RP0=0, select bank0
  2466     0482  1303               	bcf	3,6	;RP1=0, select bank0
  2467     0483  00A3               	movwf	___flge@ff1+3
  2468     0484  3000               	movlw	0
  2469     0485  00A2               	movwf	___flge@ff1+2
  2470     0486  3000               	movlw	0
  2471     0487  00A1               	movwf	___flge@ff1+1
  2472     0488  3000               	movlw	0
  2473     0489  00A0               	movwf	___flge@ff1
  2474     048A  1683               	bsf	3,5	;RP0=1, select bank1
  2475     048B  1303               	bcf	3,6	;RP1=0, select bank1
  2476     048C  0845               	movf	(sin@f+3)^(0+128),w
  2477     048D  1283               	bcf	3,5	;RP0=0, select bank0
  2478     048E  1303               	bcf	3,6	;RP1=0, select bank0
  2479     048F  00A7               	movwf	___flge@ff2+3
  2480     0490  1683               	bsf	3,5	;RP0=1, select bank1
  2481     0491  1303               	bcf	3,6	;RP1=0, select bank1
  2482     0492  0844               	movf	(sin@f+2)^(0+128),w
  2483     0493  1283               	bcf	3,5	;RP0=0, select bank0
  2484     0494  1303               	bcf	3,6	;RP1=0, select bank0
  2485     0495  00A6               	movwf	___flge@ff2+2
  2486     0496  1683               	bsf	3,5	;RP0=1, select bank1
  2487     0497  1303               	bcf	3,6	;RP1=0, select bank1
  2488     0498  0843               	movf	(sin@f+1)^(0+128),w
  2489     0499  1283               	bcf	3,5	;RP0=0, select bank0
  2490     049A  1303               	bcf	3,6	;RP1=0, select bank0
  2491     049B  00A5               	movwf	___flge@ff2+1
  2492     049C  1683               	bsf	3,5	;RP0=1, select bank1
  2493     049D  1303               	bcf	3,6	;RP1=0, select bank1
  2494     049E  0842               	movf	sin@f^(0+128),w
  2495     049F  1283               	bcf	3,5	;RP0=0, select bank0
  2496     04A0  1303               	bcf	3,6	;RP1=0, select bank0
  2497     04A1  00A4               	movwf	___flge@ff2
  2498     04A2  160A  118A  26A2  120A  118A  	fcall	___flge
  2499     04A7  1803               	btfsc	3,0
  2500     04A8  2CAA               	goto	u5181
  2501     04A9  2CAB               	goto	u5180
  2502     04AA                     u5181:
  2503     04AA  2CD4               	goto	l3396
  2504     04AB                     u5180:
  2505     04AB                     l3392:
  2506     04AB  3040               	movlw	64
  2507     04AC  1683               	bsf	3,5	;RP0=1, select bank1
  2508     04AD  1303               	bcf	3,6	;RP1=0, select bank1
  2509     04AE  00BD               	movwf	(___flsub@a+3)^(0+128)
  2510     04AF  3000               	movlw	0
  2511     04B0  00BC               	movwf	(___flsub@a+2)^(0+128)
  2512     04B1  3000               	movlw	0
  2513     04B2  00BB               	movwf	(___flsub@a+1)^(0+128)
  2514     04B3  3000               	movlw	0
  2515     04B4  00BA               	movwf	___flsub@a^(0+128)
  2516     04B5  0845               	movf	(sin@f+3)^(0+128),w
  2517     04B6  00C1               	movwf	(___flsub@b+3)^(0+128)
  2518     04B7  0844               	movf	(sin@f+2)^(0+128),w
  2519     04B8  00C0               	movwf	(___flsub@b+2)^(0+128)
  2520     04B9  0843               	movf	(sin@f+1)^(0+128),w
  2521     04BA  00BF               	movwf	(___flsub@b+1)^(0+128)
  2522     04BB  0842               	movf	sin@f^(0+128),w
  2523     04BC  00BE               	movwf	___flsub@b^(0+128)
  2524     04BD  160A  118A  243C  120A  118A  	fcall	___flsub
  2525     04C2  1683               	bsf	3,5	;RP0=1, select bank1
  2526     04C3  1303               	bcf	3,6	;RP1=0, select bank1
  2527     04C4  083D               	movf	(?___flsub+3)^(0+128),w
  2528     04C5  00C5               	movwf	(sin@f+3)^(0+128)
  2529     04C6  083C               	movf	(?___flsub+2)^(0+128),w
  2530     04C7  00C4               	movwf	(sin@f+2)^(0+128)
  2531     04C8  083B               	movf	(?___flsub+1)^(0+128),w
  2532     04C9  00C3               	movwf	(sin@f+1)^(0+128)
  2533     04CA  083A               	movf	?___flsub^(0+128),w
  2534     04CB  00C2               	movwf	sin@f^(0+128)
  2535     04CC                     l3394:
  2536     04CC  0852               	movf	sin@sgn^(0+128),w
  2537     04CD  1903               	btfsc	3,2
  2538     04CE  2CD0               	goto	u5191
  2539     04CF  2CD2               	goto	u5190
  2540     04D0                     u5191:
  2541     04D0  3001               	movlw	1
  2542     04D1  2CD3               	goto	u5200
  2543     04D2                     u5190:
  2544     04D2  3000               	movlw	0
  2545     04D3                     u5200:
  2546     04D3  00D2               	movwf	sin@sgn^(0+128)
  2547     04D4                     l3396:
  2548     04D4  303F               	movlw	63
  2549     04D5  1283               	bcf	3,5	;RP0=0, select bank0
  2550     04D6  1303               	bcf	3,6	;RP1=0, select bank0
  2551     04D7  00A3               	movwf	___flge@ff1+3
  2552     04D8  3080               	movlw	128
  2553     04D9  00A2               	movwf	___flge@ff1+2
  2554     04DA  3000               	movlw	0
  2555     04DB  00A1               	movwf	___flge@ff1+1
  2556     04DC  3000               	movlw	0
  2557     04DD  00A0               	movwf	___flge@ff1
  2558     04DE  1683               	bsf	3,5	;RP0=1, select bank1
  2559     04DF  1303               	bcf	3,6	;RP1=0, select bank1
  2560     04E0  0845               	movf	(sin@f+3)^(0+128),w
  2561     04E1  1283               	bcf	3,5	;RP0=0, select bank0
  2562     04E2  1303               	bcf	3,6	;RP1=0, select bank0
  2563     04E3  00A7               	movwf	___flge@ff2+3
  2564     04E4  1683               	bsf	3,5	;RP0=1, select bank1
  2565     04E5  1303               	bcf	3,6	;RP1=0, select bank1
  2566     04E6  0844               	movf	(sin@f+2)^(0+128),w
  2567     04E7  1283               	bcf	3,5	;RP0=0, select bank0
  2568     04E8  1303               	bcf	3,6	;RP1=0, select bank0
  2569     04E9  00A6               	movwf	___flge@ff2+2
  2570     04EA  1683               	bsf	3,5	;RP0=1, select bank1
  2571     04EB  1303               	bcf	3,6	;RP1=0, select bank1
  2572     04EC  0843               	movf	(sin@f+1)^(0+128),w
  2573     04ED  1283               	bcf	3,5	;RP0=0, select bank0
  2574     04EE  1303               	bcf	3,6	;RP1=0, select bank0
  2575     04EF  00A5               	movwf	___flge@ff2+1
  2576     04F0  1683               	bsf	3,5	;RP0=1, select bank1
  2577     04F1  1303               	bcf	3,6	;RP1=0, select bank1
  2578     04F2  0842               	movf	sin@f^(0+128),w
  2579     04F3  1283               	bcf	3,5	;RP0=0, select bank0
  2580     04F4  1303               	bcf	3,6	;RP1=0, select bank0
  2581     04F5  00A4               	movwf	___flge@ff2
  2582     04F6  160A  118A  26A2  120A  118A  	fcall	___flge
  2583     04FB  1803               	btfsc	3,0
  2584     04FC  2CFE               	goto	u5211
  2585     04FD  2CFF               	goto	u5210
  2586     04FE                     u5211:
  2587     04FE  2D20               	goto	l733
  2588     04FF                     u5210:
  2589     04FF                     l3398:
  2590     04FF  1683               	bsf	3,5	;RP0=1, select bank1
  2591     0500  1303               	bcf	3,6	;RP1=0, select bank1
  2592     0501  0845               	movf	(sin@f+3)^(0+128),w
  2593     0502  00BD               	movwf	(___flsub@a+3)^(0+128)
  2594     0503  0844               	movf	(sin@f+2)^(0+128),w
  2595     0504  00BC               	movwf	(___flsub@a+2)^(0+128)
  2596     0505  0843               	movf	(sin@f+1)^(0+128),w
  2597     0506  00BB               	movwf	(___flsub@a+1)^(0+128)
  2598     0507  0842               	movf	sin@f^(0+128),w
  2599     0508  00BA               	movwf	___flsub@a^(0+128)
  2600     0509  3040               	movlw	64
  2601     050A  00C1               	movwf	(___flsub@b+3)^(0+128)
  2602     050B  3000               	movlw	0
  2603     050C  00C0               	movwf	(___flsub@b+2)^(0+128)
  2604     050D  3000               	movlw	0
  2605     050E  00BF               	movwf	(___flsub@b+1)^(0+128)
  2606     050F  3000               	movlw	0
  2607     0510  00BE               	movwf	___flsub@b^(0+128)
  2608     0511  160A  118A  243C  120A  118A  	fcall	___flsub
  2609     0516  1683               	bsf	3,5	;RP0=1, select bank1
  2610     0517  1303               	bcf	3,6	;RP1=0, select bank1
  2611     0518  083D               	movf	(?___flsub+3)^(0+128),w
  2612     0519  00C5               	movwf	(sin@f+3)^(0+128)
  2613     051A  083C               	movf	(?___flsub+2)^(0+128),w
  2614     051B  00C4               	movwf	(sin@f+2)^(0+128)
  2615     051C  083B               	movf	(?___flsub+1)^(0+128),w
  2616     051D  00C3               	movwf	(sin@f+1)^(0+128)
  2617     051E  083A               	movf	?___flsub^(0+128),w
  2618     051F  00C2               	movwf	sin@f^(0+128)
  2619     0520                     l733:
  2620     0520  1683               	bsf	3,5	;RP0=1, select bank1
  2621     0521  1303               	bcf	3,6	;RP1=0, select bank1
  2622     0522  0845               	movf	(sin@f+3)^(0+128),w
  2623     0523  1283               	bcf	3,5	;RP0=0, select bank0
  2624     0524  1303               	bcf	3,6	;RP1=0, select bank0
  2625     0525  00B1               	movwf	___flmul@b+3
  2626     0526  1683               	bsf	3,5	;RP0=1, select bank1
  2627     0527  1303               	bcf	3,6	;RP1=0, select bank1
  2628     0528  0844               	movf	(sin@f+2)^(0+128),w
  2629     0529  1283               	bcf	3,5	;RP0=0, select bank0
  2630     052A  1303               	bcf	3,6	;RP1=0, select bank0
  2631     052B  00B0               	movwf	___flmul@b+2
  2632     052C  1683               	bsf	3,5	;RP0=1, select bank1
  2633     052D  1303               	bcf	3,6	;RP1=0, select bank1
  2634     052E  0843               	movf	(sin@f+1)^(0+128),w
  2635     052F  1283               	bcf	3,5	;RP0=0, select bank0
  2636     0530  1303               	bcf	3,6	;RP1=0, select bank0
  2637     0531  00AF               	movwf	___flmul@b+1
  2638     0532  1683               	bsf	3,5	;RP0=1, select bank1
  2639     0533  1303               	bcf	3,6	;RP1=0, select bank1
  2640     0534  0842               	movf	sin@f^(0+128),w
  2641     0535  1283               	bcf	3,5	;RP0=0, select bank0
  2642     0536  1303               	bcf	3,6	;RP1=0, select bank0
  2643     0537  00AE               	movwf	___flmul@b
  2644     0538  1683               	bsf	3,5	;RP0=1, select bank1
  2645     0539  1303               	bcf	3,6	;RP1=0, select bank1
  2646     053A  0845               	movf	(sin@f+3)^(0+128),w
  2647     053B  1283               	bcf	3,5	;RP0=0, select bank0
  2648     053C  1303               	bcf	3,6	;RP1=0, select bank0
  2649     053D  00B5               	movwf	___flmul@a+3
  2650     053E  1683               	bsf	3,5	;RP0=1, select bank1
  2651     053F  1303               	bcf	3,6	;RP1=0, select bank1
  2652     0540  0844               	movf	(sin@f+2)^(0+128),w
  2653     0541  1283               	bcf	3,5	;RP0=0, select bank0
  2654     0542  1303               	bcf	3,6	;RP1=0, select bank0
  2655     0543  00B4               	movwf	___flmul@a+2
  2656     0544  1683               	bsf	3,5	;RP0=1, select bank1
  2657     0545  1303               	bcf	3,6	;RP1=0, select bank1
  2658     0546  0843               	movf	(sin@f+1)^(0+128),w
  2659     0547  1283               	bcf	3,5	;RP0=0, select bank0
  2660     0548  1303               	bcf	3,6	;RP1=0, select bank0
  2661     0549  00B3               	movwf	___flmul@a+1
  2662     054A  1683               	bsf	3,5	;RP0=1, select bank1
  2663     054B  1303               	bcf	3,6	;RP1=0, select bank1
  2664     054C  0842               	movf	sin@f^(0+128),w
  2665     054D  1283               	bcf	3,5	;RP0=0, select bank0
  2666     054E  1303               	bcf	3,6	;RP1=0, select bank0
  2667     054F  00B2               	movwf	___flmul@a
  2668     0550  120A  118A  202E  120A  118A  	fcall	___flmul
  2669     0555  1283               	bcf	3,5	;RP0=0, select bank0
  2670     0556  1303               	bcf	3,6	;RP1=0, select bank0
  2671     0557  0831               	movf	?___flmul+3,w
  2672     0558  1683               	bsf	3,5	;RP0=1, select bank1
  2673     0559  1303               	bcf	3,6	;RP1=0, select bank1
  2674     055A  00D1               	movwf	(sin@x2+3)^(0+128)
  2675     055B  1283               	bcf	3,5	;RP0=0, select bank0
  2676     055C  1303               	bcf	3,6	;RP1=0, select bank0
  2677     055D  0830               	movf	?___flmul+2,w
  2678     055E  1683               	bsf	3,5	;RP0=1, select bank1
  2679     055F  1303               	bcf	3,6	;RP1=0, select bank1
  2680     0560  00D0               	movwf	(sin@x2+2)^(0+128)
  2681     0561  1283               	bcf	3,5	;RP0=0, select bank0
  2682     0562  1303               	bcf	3,6	;RP1=0, select bank0
  2683     0563  082F               	movf	?___flmul+1,w
  2684     0564  1683               	bsf	3,5	;RP0=1, select bank1
  2685     0565  1303               	bcf	3,6	;RP1=0, select bank1
  2686     0566  00CF               	movwf	(sin@x2+1)^(0+128)
  2687     0567  1283               	bcf	3,5	;RP0=0, select bank0
  2688     0568  1303               	bcf	3,6	;RP1=0, select bank0
  2689     0569  082E               	movf	?___flmul,w
  2690     056A  1683               	bsf	3,5	;RP0=1, select bank1
  2691     056B  1303               	bcf	3,6	;RP1=0, select bank1
  2692     056C  00CE               	movwf	sin@x2^(0+128)
  2693     056D                     l3400:
  2694     056D  0851               	movf	(sin@x2+3)^(0+128),w
  2695     056E  00AB               	movwf	(eval_poly@x+3)^(0+128)
  2696     056F  0850               	movf	(sin@x2+2)^(0+128),w
  2697     0570  00AA               	movwf	(eval_poly@x+2)^(0+128)
  2698     0571  084F               	movf	(sin@x2+1)^(0+128),w
  2699     0572  00A9               	movwf	(eval_poly@x+1)^(0+128)
  2700     0573  084E               	movf	sin@x2^(0+128),w
  2701     0574  00A8               	movwf	eval_poly@x^(0+128)
  2702     0575  3015               	movlw	(low ((sin@coeff_b-__stringbase)| (0+32768)))& (0+255)
  2703     0576  00AC               	movwf	eval_poly@d^(0+128)
  2704     0577  3003               	movlw	3
  2705     0578  00AD               	movwf	eval_poly@n^(0+128)
  2706     0579  3000               	movlw	0
  2707     057A  00AE               	movwf	(eval_poly@n^(0+128)+1)
  2708     057B  120A  158A  2018  120A  118A  	fcall	_eval_poly
  2709     0580  1683               	bsf	3,5	;RP0=1, select bank1
  2710     0581  1303               	bcf	3,6	;RP1=0, select bank1
  2711     0582  082B               	movf	(?_eval_poly+3)^(0+128),w
  2712     0583  00C9               	movwf	(sin@y+3)^(0+128)
  2713     0584  082A               	movf	(?_eval_poly+2)^(0+128),w
  2714     0585  00C8               	movwf	(sin@y+2)^(0+128)
  2715     0586  0829               	movf	(?_eval_poly+1)^(0+128),w
  2716     0587  00C7               	movwf	(sin@y+1)^(0+128)
  2717     0588  0828               	movf	?_eval_poly^(0+128),w
  2718     0589  00C6               	movwf	sin@y^(0+128)
  2719     058A                     l3402:
  2720     058A  3004               	movlw	4
  2721     058B  00AD               	movwf	eval_poly@n^(0+128)
  2722     058C  3000               	movlw	0
  2723     058D  00AE               	movwf	(eval_poly@n^(0+128)+1)
  2724     058E  3001               	movlw	(low ((sin@coeff_a-__stringbase)| (0+32768)))& (0+255)
  2725     058F  00AC               	movwf	eval_poly@d^(0+128)
  2726     0590  0851               	movf	(sin@x2+3)^(0+128),w
  2727     0591  00AB               	movwf	(eval_poly@x+3)^(0+128)
  2728     0592  0850               	movf	(sin@x2+2)^(0+128),w
  2729     0593  00AA               	movwf	(eval_poly@x+2)^(0+128)
  2730     0594  084F               	movf	(sin@x2+1)^(0+128),w
  2731     0595  00A9               	movwf	(eval_poly@x+1)^(0+128)
  2732     0596  084E               	movf	sin@x2^(0+128),w
  2733     0597  00A8               	movwf	eval_poly@x^(0+128)
  2734     0598  120A  158A  2018  120A  118A  	fcall	_eval_poly
  2735     059D  1683               	bsf	3,5	;RP0=1, select bank1
  2736     059E  1303               	bcf	3,6	;RP1=0, select bank1
  2737     059F  082B               	movf	(?_eval_poly+3)^(0+128),w
  2738     05A0  1283               	bcf	3,5	;RP0=0, select bank0
  2739     05A1  1303               	bcf	3,6	;RP1=0, select bank0
  2740     05A2  00CF               	movwf	___fldiv@b+3
  2741     05A3  1683               	bsf	3,5	;RP0=1, select bank1
  2742     05A4  1303               	bcf	3,6	;RP1=0, select bank1
  2743     05A5  082A               	movf	(?_eval_poly+2)^(0+128),w
  2744     05A6  1283               	bcf	3,5	;RP0=0, select bank0
  2745     05A7  1303               	bcf	3,6	;RP1=0, select bank0
  2746     05A8  00CE               	movwf	___fldiv@b+2
  2747     05A9  1683               	bsf	3,5	;RP0=1, select bank1
  2748     05AA  1303               	bcf	3,6	;RP1=0, select bank1
  2749     05AB  0829               	movf	(?_eval_poly+1)^(0+128),w
  2750     05AC  1283               	bcf	3,5	;RP0=0, select bank0
  2751     05AD  1303               	bcf	3,6	;RP1=0, select bank0
  2752     05AE  00CD               	movwf	___fldiv@b+1
  2753     05AF  1683               	bsf	3,5	;RP0=1, select bank1
  2754     05B0  1303               	bcf	3,6	;RP1=0, select bank1
  2755     05B1  0828               	movf	?_eval_poly^(0+128),w
  2756     05B2  1283               	bcf	3,5	;RP0=0, select bank0
  2757     05B3  1303               	bcf	3,6	;RP1=0, select bank0
  2758     05B4  00CC               	movwf	___fldiv@b
  2759     05B5  1683               	bsf	3,5	;RP0=1, select bank1
  2760     05B6  1303               	bcf	3,6	;RP1=0, select bank1
  2761     05B7  0849               	movf	(sin@y+3)^(0+128),w
  2762     05B8  1283               	bcf	3,5	;RP0=0, select bank0
  2763     05B9  1303               	bcf	3,6	;RP1=0, select bank0
  2764     05BA  00CB               	movwf	___fldiv@a+3
  2765     05BB  1683               	bsf	3,5	;RP0=1, select bank1
  2766     05BC  1303               	bcf	3,6	;RP1=0, select bank1
  2767     05BD  0848               	movf	(sin@y+2)^(0+128),w
  2768     05BE  1283               	bcf	3,5	;RP0=0, select bank0
  2769     05BF  1303               	bcf	3,6	;RP1=0, select bank0
  2770     05C0  00CA               	movwf	___fldiv@a+2
  2771     05C1  1683               	bsf	3,5	;RP0=1, select bank1
  2772     05C2  1303               	bcf	3,6	;RP1=0, select bank1
  2773     05C3  0847               	movf	(sin@y+1)^(0+128),w
  2774     05C4  1283               	bcf	3,5	;RP0=0, select bank0
  2775     05C5  1303               	bcf	3,6	;RP1=0, select bank0
  2776     05C6  00C9               	movwf	___fldiv@a+1
  2777     05C7  1683               	bsf	3,5	;RP0=1, select bank1
  2778     05C8  1303               	bcf	3,6	;RP1=0, select bank1
  2779     05C9  0846               	movf	sin@y^(0+128),w
  2780     05CA  1283               	bcf	3,5	;RP0=0, select bank0
  2781     05CB  1303               	bcf	3,6	;RP1=0, select bank0
  2782     05CC  00C8               	movwf	___fldiv@a
  2783     05CD  120A  158A  2357  120A  118A  	fcall	___fldiv
  2784     05D2  1283               	bcf	3,5	;RP0=0, select bank0
  2785     05D3  1303               	bcf	3,6	;RP1=0, select bank0
  2786     05D4  084B               	movf	?___fldiv+3,w
  2787     05D5  1683               	bsf	3,5	;RP0=1, select bank1
  2788     05D6  1303               	bcf	3,6	;RP1=0, select bank1
  2789     05D7  00CD               	movwf	(_sin$1061+3)^(0+128)
  2790     05D8  1283               	bcf	3,5	;RP0=0, select bank0
  2791     05D9  1303               	bcf	3,6	;RP1=0, select bank0
  2792     05DA  084A               	movf	?___fldiv+2,w
  2793     05DB  1683               	bsf	3,5	;RP0=1, select bank1
  2794     05DC  1303               	bcf	3,6	;RP1=0, select bank1
  2795     05DD  00CC               	movwf	(_sin$1061+2)^(0+128)
  2796     05DE  1283               	bcf	3,5	;RP0=0, select bank0
  2797     05DF  1303               	bcf	3,6	;RP1=0, select bank0
  2798     05E0  0849               	movf	?___fldiv+1,w
  2799     05E1  1683               	bsf	3,5	;RP0=1, select bank1
  2800     05E2  1303               	bcf	3,6	;RP1=0, select bank1
  2801     05E3  00CB               	movwf	(_sin$1061+1)^(0+128)
  2802     05E4  1283               	bcf	3,5	;RP0=0, select bank0
  2803     05E5  1303               	bcf	3,6	;RP1=0, select bank0
  2804     05E6  0848               	movf	?___fldiv,w
  2805     05E7  1683               	bsf	3,5	;RP0=1, select bank1
  2806     05E8  1303               	bcf	3,6	;RP1=0, select bank1
  2807     05E9  00CA               	movwf	_sin$1061^(0+128)
  2808     05EA  084D               	movf	(_sin$1061+3)^(0+128),w
  2809     05EB  1283               	bcf	3,5	;RP0=0, select bank0
  2810     05EC  1303               	bcf	3,6	;RP1=0, select bank0
  2811     05ED  00B1               	movwf	___flmul@b+3
  2812     05EE  1683               	bsf	3,5	;RP0=1, select bank1
  2813     05EF  1303               	bcf	3,6	;RP1=0, select bank1
  2814     05F0  084C               	movf	(_sin$1061+2)^(0+128),w
  2815     05F1  1283               	bcf	3,5	;RP0=0, select bank0
  2816     05F2  1303               	bcf	3,6	;RP1=0, select bank0
  2817     05F3  00B0               	movwf	___flmul@b+2
  2818     05F4  1683               	bsf	3,5	;RP0=1, select bank1
  2819     05F5  1303               	bcf	3,6	;RP1=0, select bank1
  2820     05F6  084B               	movf	(_sin$1061+1)^(0+128),w
  2821     05F7  1283               	bcf	3,5	;RP0=0, select bank0
  2822     05F8  1303               	bcf	3,6	;RP1=0, select bank0
  2823     05F9  00AF               	movwf	___flmul@b+1
  2824     05FA  1683               	bsf	3,5	;RP0=1, select bank1
  2825     05FB  1303               	bcf	3,6	;RP1=0, select bank1
  2826     05FC  084A               	movf	_sin$1061^(0+128),w
  2827     05FD  1283               	bcf	3,5	;RP0=0, select bank0
  2828     05FE  1303               	bcf	3,6	;RP1=0, select bank0
  2829     05FF  00AE               	movwf	___flmul@b
  2830     0600  1683               	bsf	3,5	;RP0=1, select bank1
  2831     0601  1303               	bcf	3,6	;RP1=0, select bank1
  2832     0602  0845               	movf	(sin@f+3)^(0+128),w
  2833     0603  1283               	bcf	3,5	;RP0=0, select bank0
  2834     0604  1303               	bcf	3,6	;RP1=0, select bank0
  2835     0605  00B5               	movwf	___flmul@a+3
  2836     0606  1683               	bsf	3,5	;RP0=1, select bank1
  2837     0607  1303               	bcf	3,6	;RP1=0, select bank1
  2838     0608  0844               	movf	(sin@f+2)^(0+128),w
  2839     0609  1283               	bcf	3,5	;RP0=0, select bank0
  2840     060A  1303               	bcf	3,6	;RP1=0, select bank0
  2841     060B  00B4               	movwf	___flmul@a+2
  2842     060C  1683               	bsf	3,5	;RP0=1, select bank1
  2843     060D  1303               	bcf	3,6	;RP1=0, select bank1
  2844     060E  0843               	movf	(sin@f+1)^(0+128),w
  2845     060F  1283               	bcf	3,5	;RP0=0, select bank0
  2846     0610  1303               	bcf	3,6	;RP1=0, select bank0
  2847     0611  00B3               	movwf	___flmul@a+1
  2848     0612  1683               	bsf	3,5	;RP0=1, select bank1
  2849     0613  1303               	bcf	3,6	;RP1=0, select bank1
  2850     0614  0842               	movf	sin@f^(0+128),w
  2851     0615  1283               	bcf	3,5	;RP0=0, select bank0
  2852     0616  1303               	bcf	3,6	;RP1=0, select bank0
  2853     0617  00B2               	movwf	___flmul@a
  2854     0618  120A  118A  202E  120A  118A  	fcall	___flmul
  2855     061D  1283               	bcf	3,5	;RP0=0, select bank0
  2856     061E  1303               	bcf	3,6	;RP1=0, select bank0
  2857     061F  0831               	movf	?___flmul+3,w
  2858     0620  1683               	bsf	3,5	;RP0=1, select bank1
  2859     0621  1303               	bcf	3,6	;RP1=0, select bank1
  2860     0622  00C5               	movwf	(sin@f+3)^(0+128)
  2861     0623  1283               	bcf	3,5	;RP0=0, select bank0
  2862     0624  1303               	bcf	3,6	;RP1=0, select bank0
  2863     0625  0830               	movf	?___flmul+2,w
  2864     0626  1683               	bsf	3,5	;RP0=1, select bank1
  2865     0627  1303               	bcf	3,6	;RP1=0, select bank1
  2866     0628  00C4               	movwf	(sin@f+2)^(0+128)
  2867     0629  1283               	bcf	3,5	;RP0=0, select bank0
  2868     062A  1303               	bcf	3,6	;RP1=0, select bank0
  2869     062B  082F               	movf	?___flmul+1,w
  2870     062C  1683               	bsf	3,5	;RP0=1, select bank1
  2871     062D  1303               	bcf	3,6	;RP1=0, select bank1
  2872     062E  00C3               	movwf	(sin@f+1)^(0+128)
  2873     062F  1283               	bcf	3,5	;RP0=0, select bank0
  2874     0630  1303               	bcf	3,6	;RP1=0, select bank0
  2875     0631  082E               	movf	?___flmul,w
  2876     0632  1683               	bsf	3,5	;RP0=1, select bank1
  2877     0633  1303               	bcf	3,6	;RP1=0, select bank1
  2878     0634  00C2               	movwf	sin@f^(0+128)
  2879     0635                     l3404:
  2880     0635  0852               	movf	sin@sgn^(0+128),w
  2881     0636  1903               	btfsc	3,2
  2882     0637  2E39               	goto	u5221
  2883     0638  2E3A               	goto	u5220
  2884     0639                     u5221:
  2885     0639  2E6E               	goto	l734
  2886     063A                     u5220:
  2887     063A                     l3406:
  2888     063A  0845               	movf	(sin@f+3)^(0+128),w
  2889     063B  1283               	bcf	3,5	;RP0=0, select bank0
  2890     063C  1303               	bcf	3,6	;RP1=0, select bank0
  2891     063D  00A3               	movwf	___flneg@f1+3
  2892     063E  1683               	bsf	3,5	;RP0=1, select bank1
  2893     063F  1303               	bcf	3,6	;RP1=0, select bank1
  2894     0640  0844               	movf	(sin@f+2)^(0+128),w
  2895     0641  1283               	bcf	3,5	;RP0=0, select bank0
  2896     0642  1303               	bcf	3,6	;RP1=0, select bank0
  2897     0643  00A2               	movwf	___flneg@f1+2
  2898     0644  1683               	bsf	3,5	;RP0=1, select bank1
  2899     0645  1303               	bcf	3,6	;RP1=0, select bank1
  2900     0646  0843               	movf	(sin@f+1)^(0+128),w
  2901     0647  1283               	bcf	3,5	;RP0=0, select bank0
  2902     0648  1303               	bcf	3,6	;RP1=0, select bank0
  2903     0649  00A1               	movwf	___flneg@f1+1
  2904     064A  1683               	bsf	3,5	;RP0=1, select bank1
  2905     064B  1303               	bcf	3,6	;RP1=0, select bank1
  2906     064C  0842               	movf	sin@f^(0+128),w
  2907     064D  1283               	bcf	3,5	;RP0=0, select bank0
  2908     064E  1303               	bcf	3,6	;RP1=0, select bank0
  2909     064F  00A0               	movwf	___flneg@f1
  2910     0650  160A  118A  234C  120A  118A  	fcall	___flneg
  2911     0655  1283               	bcf	3,5	;RP0=0, select bank0
  2912     0656  1303               	bcf	3,6	;RP1=0, select bank0
  2913     0657  0823               	movf	?___flneg+3,w
  2914     0658  1683               	bsf	3,5	;RP0=1, select bank1
  2915     0659  1303               	bcf	3,6	;RP1=0, select bank1
  2916     065A  00C5               	movwf	(?_sin+3)^(0+128)
  2917     065B  1283               	bcf	3,5	;RP0=0, select bank0
  2918     065C  1303               	bcf	3,6	;RP1=0, select bank0
  2919     065D  0822               	movf	?___flneg+2,w
  2920     065E  1683               	bsf	3,5	;RP0=1, select bank1
  2921     065F  1303               	bcf	3,6	;RP1=0, select bank1
  2922     0660  00C4               	movwf	(?_sin+2)^(0+128)
  2923     0661  1283               	bcf	3,5	;RP0=0, select bank0
  2924     0662  1303               	bcf	3,6	;RP1=0, select bank0
  2925     0663  0821               	movf	?___flneg+1,w
  2926     0664  1683               	bsf	3,5	;RP0=1, select bank1
  2927     0665  1303               	bcf	3,6	;RP1=0, select bank1
  2928     0666  00C3               	movwf	(?_sin+1)^(0+128)
  2929     0667  1283               	bcf	3,5	;RP0=0, select bank0
  2930     0668  1303               	bcf	3,6	;RP1=0, select bank0
  2931     0669  0820               	movf	?___flneg,w
  2932     066A  1683               	bsf	3,5	;RP0=1, select bank1
  2933     066B  1303               	bcf	3,6	;RP1=0, select bank1
  2934     066C  00C2               	movwf	?_sin^(0+128)
  2935     066D  2E6E               	goto	l735
  2936     066E                     l734:
  2937     066E                     l735:
  2938     066E  0008               	return
  2939     066F                     __end_of_sin:
  2940                           
  2941                           	psect	text5
  2942     08F2                     __ptext5:	
  2943 ;; *************** function _floor *****************
  2944 ;; Defined at:
  2945 ;;		line 13 in file "D:\Software\MPLAB_XC8\pic\sources\c90\common\floor.c"
  2946 ;; Parameters:    Size  Location     Type
  2947 ;;  x               4   16[BANK1 ] unsigned char 
  2948 ;; Auto vars:     Size  Location     Type
  2949 ;;  i               4   20[BANK1 ] unsigned char 
  2950 ;;  expon           2   24[BANK1 ] int 
  2951 ;; Return value:  Size  Location     Type
  2952 ;;                  4   16[BANK1 ] int 
  2953 ;; Registers used:
  2954 ;;		wreg, fsr0l, fsr0h, status,2, status,0, btemp+1, pclath, cstack
  2955 ;; Tracked objects:
  2956 ;;		On entry : 0/0
  2957 ;;		On exit  : 0/0
  2958 ;;		Unchanged: 0/0
  2959 ;; Data sizes:     COMMON   BANK0   BANK1   BANK3   BANK2
  2960 ;;      Params:         0       0       4       0       0
  2961 ;;      Locals:         0       0       6       0       0
  2962 ;;      Temps:          0       0       0       0       0
  2963 ;;      Totals:         0       0      10       0       0
  2964 ;;Total ram usage:       10 bytes
  2965 ;; Hardware stack levels used: 1
  2966 ;; Hardware stack levels required when called: 3
  2967 ;; This function calls:
  2968 ;;		___fladd
  2969 ;;		___flge
  2970 ;;		___fltol
  2971 ;;		___xxtofl
  2972 ;;		_frexp
  2973 ;; This function is called by:
  2974 ;;		_sin
  2975 ;; This function uses a non-reentrant model
  2976 ;;
  2977                           
  2978     08F2                     _floor:	
  2979                           ;psect for function _floor
  2980                           
  2981     08F2                     l3324:	
  2982                           ;incstack = 0
  2983                           ; Regs used in _floor: [wreg-fsr0h+status,2+status,0+btemp+1+pclath+cstack]
  2984                           
  2985     08F2  1683               	bsf	3,5	;RP0=1, select bank1
  2986     08F3  1303               	bcf	3,6	;RP1=0, select bank1
  2987     08F4  0833               	movf	(floor@x+3)^(0+128),w
  2988     08F5  1283               	bcf	3,5	;RP0=0, select bank0
  2989     08F6  1303               	bcf	3,6	;RP1=0, select bank0
  2990     08F7  00AF               	movwf	frexp@value+3
  2991     08F8  1683               	bsf	3,5	;RP0=1, select bank1
  2992     08F9  1303               	bcf	3,6	;RP1=0, select bank1
  2993     08FA  0832               	movf	(floor@x+2)^(0+128),w
  2994     08FB  1283               	bcf	3,5	;RP0=0, select bank0
  2995     08FC  1303               	bcf	3,6	;RP1=0, select bank0
  2996     08FD  00AE               	movwf	frexp@value+2
  2997     08FE  1683               	bsf	3,5	;RP0=1, select bank1
  2998     08FF  1303               	bcf	3,6	;RP1=0, select bank1
  2999     0900  0831               	movf	(floor@x+1)^(0+128),w
  3000     0901  1283               	bcf	3,5	;RP0=0, select bank0
  3001     0902  1303               	bcf	3,6	;RP1=0, select bank0
  3002     0903  00AD               	movwf	frexp@value+1
  3003     0904  1683               	bsf	3,5	;RP0=1, select bank1
  3004     0905  1303               	bcf	3,6	;RP1=0, select bank1
  3005     0906  0830               	movf	floor@x^(0+128),w
  3006     0907  1283               	bcf	3,5	;RP0=0, select bank0
  3007     0908  1303               	bcf	3,6	;RP1=0, select bank0
  3008     0909  00AC               	movwf	frexp@value
  3009     090A  30B8               	movlw	(low (floor@expon| 0))& (0+255)
  3010     090B  00B0               	movwf	frexp@eptr
  3011     090C  160A  118A  24DC  120A  158A  	fcall	_frexp
  3012     0911                     l3326:
  3013     0911  1683               	bsf	3,5	;RP0=1, select bank1
  3014     0912  1303               	bcf	3,6	;RP1=0, select bank1
  3015     0913  1FB9               	btfss	(floor@expon+1)^(0+128),7
  3016     0914  2916               	goto	u5081
  3017     0915  2917               	goto	u5080
  3018     0916                     u5081:
  3019     0916  2954               	goto	l3338
  3020     0917                     u5080:
  3021     0917                     l3328:
  3022     0917  0833               	movf	(floor@x+3)^(0+128),w
  3023     0918  1283               	bcf	3,5	;RP0=0, select bank0
  3024     0919  1303               	bcf	3,6	;RP1=0, select bank0
  3025     091A  00A3               	movwf	___flge@ff1+3
  3026     091B  1683               	bsf	3,5	;RP0=1, select bank1
  3027     091C  1303               	bcf	3,6	;RP1=0, select bank1
  3028     091D  0832               	movf	(floor@x+2)^(0+128),w
  3029     091E  1283               	bcf	3,5	;RP0=0, select bank0
  3030     091F  1303               	bcf	3,6	;RP1=0, select bank0
  3031     0920  00A2               	movwf	___flge@ff1+2
  3032     0921  1683               	bsf	3,5	;RP0=1, select bank1
  3033     0922  1303               	bcf	3,6	;RP1=0, select bank1
  3034     0923  0831               	movf	(floor@x+1)^(0+128),w
  3035     0924  1283               	bcf	3,5	;RP0=0, select bank0
  3036     0925  1303               	bcf	3,6	;RP1=0, select bank0
  3037     0926  00A1               	movwf	___flge@ff1+1
  3038     0927  1683               	bsf	3,5	;RP0=1, select bank1
  3039     0928  1303               	bcf	3,6	;RP1=0, select bank1
  3040     0929  0830               	movf	floor@x^(0+128),w
  3041     092A  1283               	bcf	3,5	;RP0=0, select bank0
  3042     092B  1303               	bcf	3,6	;RP1=0, select bank0
  3043     092C  00A0               	movwf	___flge@ff1
  3044     092D  3000               	movlw	0
  3045     092E  00A7               	movwf	___flge@ff2+3
  3046     092F  3000               	movlw	0
  3047     0930  00A6               	movwf	___flge@ff2+2
  3048     0931  3000               	movlw	0
  3049     0932  00A5               	movwf	___flge@ff2+1
  3050     0933  3000               	movlw	0
  3051     0934  00A4               	movwf	___flge@ff2
  3052     0935  160A  118A  26A2  120A  158A  	fcall	___flge
  3053     093A  1803               	btfsc	3,0
  3054     093B  293D               	goto	u5091
  3055     093C  293E               	goto	u5090
  3056     093D                     u5091:
  3057     093D  2949               	goto	l3334
  3058     093E                     u5090:
  3059     093E                     l3330:
  3060     093E  30BF               	movlw	191
  3061     093F  1683               	bsf	3,5	;RP0=1, select bank1
  3062     0940  1303               	bcf	3,6	;RP1=0, select bank1
  3063     0941  00B3               	movwf	(?_floor+3)^(0+128)
  3064     0942  3080               	movlw	128
  3065     0943  00B2               	movwf	(?_floor+2)^(0+128)
  3066     0944  3000               	movlw	0
  3067     0945  00B1               	movwf	(?_floor+1)^(0+128)
  3068     0946  3000               	movlw	0
  3069     0947  00B0               	movwf	?_floor^(0+128)
  3070     0948  2A22               	goto	l748
  3071     0949                     l3334:
  3072     0949  3000               	movlw	0
  3073     094A  1683               	bsf	3,5	;RP0=1, select bank1
  3074     094B  1303               	bcf	3,6	;RP1=0, select bank1
  3075     094C  00B3               	movwf	(?_floor+3)^(0+128)
  3076     094D  3000               	movlw	0
  3077     094E  00B2               	movwf	(?_floor+2)^(0+128)
  3078     094F  3000               	movlw	0
  3079     0950  00B1               	movwf	(?_floor+1)^(0+128)
  3080     0951  3000               	movlw	0
  3081     0952  00B0               	movwf	?_floor^(0+128)
  3082     0953  2A22               	goto	l748
  3083     0954                     l3338:
  3084     0954  3000               	movlw	0
  3085     0955  0239               	subwf	(floor@expon+1)^(0+128),w
  3086     0956  301D               	movlw	29
  3087     0957  1903               	skipnz
  3088     0958  0238               	subwf	floor@expon^(0+128),w
  3089     0959  1C03               	skipc
  3090     095A  295C               	goto	u5101
  3091     095B  295D               	goto	u5100
  3092     095C                     u5101:
  3093     095C  295E               	goto	l3342
  3094     095D                     u5100:
  3095     095D                     l3340:
  3096     095D  2A22               	goto	l748
  3097     095E                     l3342:
  3098     095E  0833               	movf	(floor@x+3)^(0+128),w
  3099     095F  00AB               	movwf	(___fltol@f1+3)^(0+128)
  3100     0960  0832               	movf	(floor@x+2)^(0+128),w
  3101     0961  00AA               	movwf	(___fltol@f1+2)^(0+128)
  3102     0962  0831               	movf	(floor@x+1)^(0+128),w
  3103     0963  00A9               	movwf	(___fltol@f1+1)^(0+128)
  3104     0964  0830               	movf	floor@x^(0+128),w
  3105     0965  00A8               	movwf	___fltol@f1^(0+128)
  3106     0966  160A  118A  2614  120A  158A  	fcall	___fltol
  3107     096B  1683               	bsf	3,5	;RP0=1, select bank1
  3108     096C  1303               	bcf	3,6	;RP1=0, select bank1
  3109     096D  082B               	movf	(?___fltol+3)^(0+128),w
  3110     096E  1283               	bcf	3,5	;RP0=0, select bank0
  3111     096F  1303               	bcf	3,6	;RP1=0, select bank0
  3112     0970  00A3               	movwf	___xxtofl@val+3
  3113     0971  1683               	bsf	3,5	;RP0=1, select bank1
  3114     0972  1303               	bcf	3,6	;RP1=0, select bank1
  3115     0973  082A               	movf	(?___fltol+2)^(0+128),w
  3116     0974  1283               	bcf	3,5	;RP0=0, select bank0
  3117     0975  1303               	bcf	3,6	;RP1=0, select bank0
  3118     0976  00A2               	movwf	___xxtofl@val+2
  3119     0977  1683               	bsf	3,5	;RP0=1, select bank1
  3120     0978  1303               	bcf	3,6	;RP1=0, select bank1
  3121     0979  0829               	movf	(?___fltol+1)^(0+128),w
  3122     097A  1283               	bcf	3,5	;RP0=0, select bank0
  3123     097B  1303               	bcf	3,6	;RP1=0, select bank0
  3124     097C  00A1               	movwf	___xxtofl@val+1
  3125     097D  1683               	bsf	3,5	;RP0=1, select bank1
  3126     097E  1303               	bcf	3,6	;RP1=0, select bank1
  3127     097F  0828               	movf	?___fltol^(0+128),w
  3128     0980  1283               	bcf	3,5	;RP0=0, select bank0
  3129     0981  1303               	bcf	3,6	;RP1=0, select bank0
  3130     0982  00A0               	movwf	___xxtofl@val
  3131     0983  3001               	movlw	1
  3132     0984  160A  118A  2746  120A  158A  	fcall	___xxtofl
  3133     0989  1283               	bcf	3,5	;RP0=0, select bank0
  3134     098A  1303               	bcf	3,6	;RP1=0, select bank0
  3135     098B  0823               	movf	?___xxtofl+3,w
  3136     098C  1683               	bsf	3,5	;RP0=1, select bank1
  3137     098D  1303               	bcf	3,6	;RP1=0, select bank1
  3138     098E  00B7               	movwf	(floor@i+3)^(0+128)
  3139     098F  1283               	bcf	3,5	;RP0=0, select bank0
  3140     0990  1303               	bcf	3,6	;RP1=0, select bank0
  3141     0991  0822               	movf	?___xxtofl+2,w
  3142     0992  1683               	bsf	3,5	;RP0=1, select bank1
  3143     0993  1303               	bcf	3,6	;RP1=0, select bank1
  3144     0994  00B6               	movwf	(floor@i+2)^(0+128)
  3145     0995  1283               	bcf	3,5	;RP0=0, select bank0
  3146     0996  1303               	bcf	3,6	;RP1=0, select bank0
  3147     0997  0821               	movf	?___xxtofl+1,w
  3148     0998  1683               	bsf	3,5	;RP0=1, select bank1
  3149     0999  1303               	bcf	3,6	;RP1=0, select bank1
  3150     099A  00B5               	movwf	(floor@i+1)^(0+128)
  3151     099B  1283               	bcf	3,5	;RP0=0, select bank0
  3152     099C  1303               	bcf	3,6	;RP1=0, select bank0
  3153     099D  0820               	movf	?___xxtofl,w
  3154     099E  1683               	bsf	3,5	;RP0=1, select bank1
  3155     099F  1303               	bcf	3,6	;RP1=0, select bank1
  3156     09A0  00B4               	movwf	floor@i^(0+128)
  3157     09A1                     l3344:
  3158     09A1  0833               	movf	(floor@x+3)^(0+128),w
  3159     09A2  1283               	bcf	3,5	;RP0=0, select bank0
  3160     09A3  1303               	bcf	3,6	;RP1=0, select bank0
  3161     09A4  00A3               	movwf	___flge@ff1+3
  3162     09A5  1683               	bsf	3,5	;RP0=1, select bank1
  3163     09A6  1303               	bcf	3,6	;RP1=0, select bank1
  3164     09A7  0832               	movf	(floor@x+2)^(0+128),w
  3165     09A8  1283               	bcf	3,5	;RP0=0, select bank0
  3166     09A9  1303               	bcf	3,6	;RP1=0, select bank0
  3167     09AA  00A2               	movwf	___flge@ff1+2
  3168     09AB  1683               	bsf	3,5	;RP0=1, select bank1
  3169     09AC  1303               	bcf	3,6	;RP1=0, select bank1
  3170     09AD  0831               	movf	(floor@x+1)^(0+128),w
  3171     09AE  1283               	bcf	3,5	;RP0=0, select bank0
  3172     09AF  1303               	bcf	3,6	;RP1=0, select bank0
  3173     09B0  00A1               	movwf	___flge@ff1+1
  3174     09B1  1683               	bsf	3,5	;RP0=1, select bank1
  3175     09B2  1303               	bcf	3,6	;RP1=0, select bank1
  3176     09B3  0830               	movf	floor@x^(0+128),w
  3177     09B4  1283               	bcf	3,5	;RP0=0, select bank0
  3178     09B5  1303               	bcf	3,6	;RP1=0, select bank0
  3179     09B6  00A0               	movwf	___flge@ff1
  3180     09B7  1683               	bsf	3,5	;RP0=1, select bank1
  3181     09B8  1303               	bcf	3,6	;RP1=0, select bank1
  3182     09B9  0837               	movf	(floor@i+3)^(0+128),w
  3183     09BA  1283               	bcf	3,5	;RP0=0, select bank0
  3184     09BB  1303               	bcf	3,6	;RP1=0, select bank0
  3185     09BC  00A7               	movwf	___flge@ff2+3
  3186     09BD  1683               	bsf	3,5	;RP0=1, select bank1
  3187     09BE  1303               	bcf	3,6	;RP1=0, select bank1
  3188     09BF  0836               	movf	(floor@i+2)^(0+128),w
  3189     09C0  1283               	bcf	3,5	;RP0=0, select bank0
  3190     09C1  1303               	bcf	3,6	;RP1=0, select bank0
  3191     09C2  00A6               	movwf	___flge@ff2+2
  3192     09C3  1683               	bsf	3,5	;RP0=1, select bank1
  3193     09C4  1303               	bcf	3,6	;RP1=0, select bank1
  3194     09C5  0835               	movf	(floor@i+1)^(0+128),w
  3195     09C6  1283               	bcf	3,5	;RP0=0, select bank0
  3196     09C7  1303               	bcf	3,6	;RP1=0, select bank0
  3197     09C8  00A5               	movwf	___flge@ff2+1
  3198     09C9  1683               	bsf	3,5	;RP0=1, select bank1
  3199     09CA  1303               	bcf	3,6	;RP1=0, select bank1
  3200     09CB  0834               	movf	floor@i^(0+128),w
  3201     09CC  1283               	bcf	3,5	;RP0=0, select bank0
  3202     09CD  1303               	bcf	3,6	;RP1=0, select bank0
  3203     09CE  00A4               	movwf	___flge@ff2
  3204     09CF  160A  118A  26A2  120A  158A  	fcall	___flge
  3205     09D4  1803               	btfsc	3,0
  3206     09D5  29D7               	goto	u5111
  3207     09D6  29D8               	goto	u5110
  3208     09D7                     u5111:
  3209     09D7  2A18               	goto	l3350
  3210     09D8                     u5110:
  3211     09D8                     l3346:
  3212     09D8  30BF               	movlw	191
  3213     09D9  1283               	bcf	3,5	;RP0=0, select bank0
  3214     09DA  1303               	bcf	3,6	;RP1=0, select bank0
  3215     09DB  00E5               	movwf	___fladd@b+3
  3216     09DC  3080               	movlw	128
  3217     09DD  00E4               	movwf	___fladd@b+2
  3218     09DE  3000               	movlw	0
  3219     09DF  00E3               	movwf	___fladd@b+1
  3220     09E0  3000               	movlw	0
  3221     09E1  00E2               	movwf	___fladd@b
  3222     09E2  1683               	bsf	3,5	;RP0=1, select bank1
  3223     09E3  1303               	bcf	3,6	;RP1=0, select bank1
  3224     09E4  0837               	movf	(floor@i+3)^(0+128),w
  3225     09E5  1283               	bcf	3,5	;RP0=0, select bank0
  3226     09E6  1303               	bcf	3,6	;RP1=0, select bank0
  3227     09E7  00E9               	movwf	___fladd@a+3
  3228     09E8  1683               	bsf	3,5	;RP0=1, select bank1
  3229     09E9  1303               	bcf	3,6	;RP1=0, select bank1
  3230     09EA  0836               	movf	(floor@i+2)^(0+128),w
  3231     09EB  1283               	bcf	3,5	;RP0=0, select bank0
  3232     09EC  1303               	bcf	3,6	;RP1=0, select bank0
  3233     09ED  00E8               	movwf	___fladd@a+2
  3234     09EE  1683               	bsf	3,5	;RP0=1, select bank1
  3235     09EF  1303               	bcf	3,6	;RP1=0, select bank1
  3236     09F0  0835               	movf	(floor@i+1)^(0+128),w
  3237     09F1  1283               	bcf	3,5	;RP0=0, select bank0
  3238     09F2  1303               	bcf	3,6	;RP1=0, select bank0
  3239     09F3  00E7               	movwf	___fladd@a+1
  3240     09F4  1683               	bsf	3,5	;RP0=1, select bank1
  3241     09F5  1303               	bcf	3,6	;RP1=0, select bank1
  3242     09F6  0834               	movf	floor@i^(0+128),w
  3243     09F7  1283               	bcf	3,5	;RP0=0, select bank0
  3244     09F8  1303               	bcf	3,6	;RP1=0, select bank0
  3245     09F9  00E6               	movwf	___fladd@a
  3246     09FA  120A  158A  2526  120A  158A  	fcall	___fladd
  3247     09FF  1283               	bcf	3,5	;RP0=0, select bank0
  3248     0A00  1303               	bcf	3,6	;RP1=0, select bank0
  3249     0A01  0865               	movf	?___fladd+3,w
  3250     0A02  1683               	bsf	3,5	;RP0=1, select bank1
  3251     0A03  1303               	bcf	3,6	;RP1=0, select bank1
  3252     0A04  00B3               	movwf	(?_floor+3)^(0+128)
  3253     0A05  1283               	bcf	3,5	;RP0=0, select bank0
  3254     0A06  1303               	bcf	3,6	;RP1=0, select bank0
  3255     0A07  0864               	movf	?___fladd+2,w
  3256     0A08  1683               	bsf	3,5	;RP0=1, select bank1
  3257     0A09  1303               	bcf	3,6	;RP1=0, select bank1
  3258     0A0A  00B2               	movwf	(?_floor+2)^(0+128)
  3259     0A0B  1283               	bcf	3,5	;RP0=0, select bank0
  3260     0A0C  1303               	bcf	3,6	;RP1=0, select bank0
  3261     0A0D  0863               	movf	?___fladd+1,w
  3262     0A0E  1683               	bsf	3,5	;RP0=1, select bank1
  3263     0A0F  1303               	bcf	3,6	;RP1=0, select bank1
  3264     0A10  00B1               	movwf	(?_floor+1)^(0+128)
  3265     0A11  1283               	bcf	3,5	;RP0=0, select bank0
  3266     0A12  1303               	bcf	3,6	;RP1=0, select bank0
  3267     0A13  0862               	movf	?___fladd,w
  3268     0A14  1683               	bsf	3,5	;RP0=1, select bank1
  3269     0A15  1303               	bcf	3,6	;RP1=0, select bank1
  3270     0A16  00B0               	movwf	?_floor^(0+128)
  3271     0A17  2A22               	goto	l748
  3272     0A18                     l3350:
  3273     0A18  1683               	bsf	3,5	;RP0=1, select bank1
  3274     0A19  1303               	bcf	3,6	;RP1=0, select bank1
  3275     0A1A  0837               	movf	(floor@i+3)^(0+128),w
  3276     0A1B  00B3               	movwf	(?_floor+3)^(0+128)
  3277     0A1C  0836               	movf	(floor@i+2)^(0+128),w
  3278     0A1D  00B2               	movwf	(?_floor+2)^(0+128)
  3279     0A1E  0835               	movf	(floor@i+1)^(0+128),w
  3280     0A1F  00B1               	movwf	(?_floor+1)^(0+128)
  3281     0A20  0834               	movf	floor@i^(0+128),w
  3282     0A21  00B0               	movwf	?_floor^(0+128)
  3283     0A22                     l748:
  3284     0A22  0008               	return
  3285     0A23                     __end_of_floor:
  3286                           
  3287                           	psect	text6
  3288     14DC                     __ptext6:	
  3289 ;; *************** function _frexp *****************
  3290 ;; Defined at:
  3291 ;;		line 254 in file "D:\Software\MPLAB_XC8\pic\sources\c90\common\frexp.c"
  3292 ;; Parameters:    Size  Location     Type
  3293 ;;  value           4   12[BANK0 ] int 
  3294 ;;  eptr            1   16[BANK0 ] PTR int 
  3295 ;;		 -> floor@expon(2), 
  3296 ;; Auto vars:     Size  Location     Type
  3297 ;;		None
  3298 ;; Return value:  Size  Location     Type
  3299 ;;                  4   12[BANK0 ] PTR int 
  3300 ;; Registers used:
  3301 ;;		wreg, fsr0l, fsr0h, status,2, status,0, btemp+1, pclath, cstack
  3302 ;; Tracked objects:
  3303 ;;		On entry : 0/0
  3304 ;;		On exit  : 0/0
  3305 ;;		Unchanged: 0/0
  3306 ;; Data sizes:     COMMON   BANK0   BANK1   BANK3   BANK2
  3307 ;;      Params:         0       5       0       0       0
  3308 ;;      Locals:         0       0       0       0       0
  3309 ;;      Temps:          2       0       0       0       0
  3310 ;;      Totals:         2       5       0       0       0
  3311 ;;Total ram usage:        7 bytes
  3312 ;; Hardware stack levels used: 1
  3313 ;; Hardware stack levels required when called: 2
  3314 ;; This function calls:
  3315 ;;		___fleq
  3316 ;; This function is called by:
  3317 ;;		_floor
  3318 ;; This function uses a non-reentrant model
  3319 ;;
  3320                           
  3321     14DC                     _frexp:	
  3322                           ;psect for function _frexp
  3323                           
  3324     14DC                     l3284:	
  3325                           ;incstack = 0
  3326                           ; Regs used in _frexp: [wreg-fsr0h+status,2+status,0+btemp+1+pclath+cstack]
  3327                           
  3328     14DC  1283               	bcf	3,5	;RP0=0, select bank0
  3329     14DD  1303               	bcf	3,6	;RP1=0, select bank0
  3330     14DE  082F               	movf	frexp@value+3,w
  3331     14DF  00A3               	movwf	___fleq@ff1+3
  3332     14E0  082E               	movf	frexp@value+2,w
  3333     14E1  00A2               	movwf	___fleq@ff1+2
  3334     14E2  082D               	movf	frexp@value+1,w
  3335     14E3  00A1               	movwf	___fleq@ff1+1
  3336     14E4  082C               	movf	frexp@value,w
  3337     14E5  00A0               	movwf	___fleq@ff1
  3338     14E6  3000               	movlw	0
  3339     14E7  00A7               	movwf	___fleq@ff2+3
  3340     14E8  3000               	movlw	0
  3341     14E9  00A6               	movwf	___fleq@ff2+2
  3342     14EA  3000               	movlw	0
  3343     14EB  00A5               	movwf	___fleq@ff2+1
  3344     14EC  3000               	movlw	0
  3345     14ED  00A4               	movwf	___fleq@ff2
  3346     14EE  160A  118A  248C  160A  118A  	fcall	___fleq
  3347     14F3  1C03               	btfss	3,0
  3348     14F4  2CF6               	goto	u5031
  3349     14F5  2CF7               	goto	u5030
  3350     14F6                     u5031:
  3351     14F6  2D00               	goto	l3290
  3352     14F7                     u5030:
  3353     14F7                     l3286:
  3354     14F7  1283               	bcf	3,5	;RP0=0, select bank0
  3355     14F8  1303               	bcf	3,6	;RP1=0, select bank0
  3356     14F9  0830               	movf	frexp@eptr,w
  3357     14FA  0084               	movwf	4
  3358     14FB  1383               	bcf	3,7	;select IRP bank0
  3359     14FC  0180               	clrf	0
  3360     14FD  0A84               	incf	4,f
  3361     14FE  0180               	clrf	0
  3362     14FF  2D2F               	goto	l756
  3363     1500                     l3290:
  3364     1500  1283               	bcf	3,5	;RP0=0, select bank0
  3365     1501  1303               	bcf	3,6	;RP1=0, select bank0
  3366     1502  082F               	movf	frexp@value+3,w
  3367     1503  397F               	andlw	127
  3368     1504  00F4               	movwf	??_frexp
  3369     1505  01F5               	clrf	??_frexp+1
  3370     1506  1003               	clrc
  3371     1507  0DF4               	rlf	??_frexp,f
  3372     1508  0DF5               	rlf	??_frexp+1,f
  3373     1509  0830               	movf	frexp@eptr,w
  3374     150A  0084               	movwf	4
  3375     150B  0874               	movf	??_frexp,w
  3376     150C  1383               	bcf	3,7	;select IRP bank0
  3377     150D  0080               	movwf	0
  3378     150E  0A84               	incf	4,f
  3379     150F  0875               	movf	??_frexp+1,w
  3380     1510  0080               	movwf	0
  3381     1511  0D2E               	rlf	frexp@value+2,w
  3382     1512  0D2E               	rlf	frexp@value+2,w
  3383     1513  3901               	andlw	1
  3384     1514  00F4               	movwf	??_frexp
  3385     1515  01F5               	clrf	??_frexp+1
  3386     1516  0830               	movf	frexp@eptr,w
  3387     1517  0084               	movwf	4
  3388     1518  0874               	movf	??_frexp,w
  3389     1519  0480               	iorwf	0,f
  3390     151A  0A84               	incf	4,f
  3391     151B  0875               	movf	??_frexp+1,w
  3392     151C  0480               	iorwf	0,f
  3393     151D                     l3292:
  3394     151D  0830               	movf	frexp@eptr,w
  3395     151E  0084               	movwf	4
  3396     151F  3082               	movlw	130
  3397     1520  0780               	addwf	0,f
  3398     1521  0F84               	incfsz	4,f
  3399     1522  0800               	movf	0,w
  3400     1523  1803               	skipnc
  3401     1524  0A00               	incf	0,w
  3402     1525  00FF               	movwf	btemp+1
  3403     1526  30FF               	movlw	255
  3404     1527  077F               	addwf	btemp+1,w
  3405     1528  0080               	movwf	0
  3406     1529  0384               	decf	4,f
  3407     152A                     l3294:
  3408     152A  082F               	movf	frexp@value+3,w
  3409     152B  3980               	andlw	-128
  3410     152C  383F               	iorlw	63
  3411     152D  00AF               	movwf	frexp@value+3
  3412     152E                     l3296:
  3413     152E  13AE               	bcf	frexp@value+2,7
  3414     152F                     l756:
  3415     152F  0008               	return
  3416     1530                     __end_of_frexp:
  3417                           
  3418                           	psect	text7
  3419     148C                     __ptext7:	
  3420 ;; *************** function ___fleq *****************
  3421 ;; Defined at:
  3422 ;;		line 4 in file "D:\Software\MPLAB_XC8\pic\sources\c90\common\fleq.c"
  3423 ;; Parameters:    Size  Location     Type
  3424 ;;  ff1             4    0[BANK0 ] PTR int 
  3425 ;;  ff2             4    4[BANK0 ] PTR int 
  3426 ;; Auto vars:     Size  Location     Type
  3427 ;;		None
  3428 ;; Return value:  Size  Location     Type
  3429 ;;		None               void
  3430 ;; Registers used:
  3431 ;;		wreg, status,2, status,0
  3432 ;; Tracked objects:
  3433 ;;		On entry : 0/0
  3434 ;;		On exit  : 0/0
  3435 ;;		Unchanged: 0/0
  3436 ;; Data sizes:     COMMON   BANK0   BANK1   BANK3   BANK2
  3437 ;;      Params:         0       8       0       0       0
  3438 ;;      Locals:         0       0       0       0       0
  3439 ;;      Temps:          0       4       0       0       0
  3440 ;;      Totals:         0      12       0       0       0
  3441 ;;Total ram usage:       12 bytes
  3442 ;; Hardware stack levels used: 1
  3443 ;; Hardware stack levels required when called: 1
  3444 ;; This function calls:
  3445 ;;		Nothing
  3446 ;; This function is called by:
  3447 ;;		_frexp
  3448 ;; This function uses a non-reentrant model
  3449 ;;
  3450                           
  3451     148C                     ___fleq:	
  3452                           ;psect for function ___fleq
  3453                           
  3454     148C                     l2810:	
  3455                           ;incstack = 0
  3456                           ; Regs used in ___fleq: [wreg+status,2+status,0]
  3457                           
  3458     148C  3000               	movlw	0
  3459     148D  1283               	bcf	3,5	;RP0=0, select bank0
  3460     148E  1303               	bcf	3,6	;RP1=0, select bank0
  3461     148F  0520               	andwf	___fleq@ff1,w
  3462     1490  00A8               	movwf	??___fleq
  3463     1491  3000               	movlw	0
  3464     1492  0521               	andwf	___fleq@ff1+1,w
  3465     1493  00A9               	movwf	??___fleq+1
  3466     1494  3080               	movlw	128
  3467     1495  0522               	andwf	___fleq@ff1+2,w
  3468     1496  00AA               	movwf	??___fleq+2
  3469     1497  307F               	movlw	127
  3470     1498  0523               	andwf	___fleq@ff1+3,w
  3471     1499  00AB               	movwf	??___fleq+3
  3472     149A  082B               	movf	??___fleq+3,w
  3473     149B  042A               	iorwf	??___fleq+2,w
  3474     149C  0429               	iorwf	??___fleq+1,w
  3475     149D  0428               	iorwf	??___fleq,w
  3476     149E  1D03               	skipz
  3477     149F  2CA1               	goto	u3831
  3478     14A0  2CA2               	goto	u3830
  3479     14A1                     u3831:
  3480     14A1  2CAA               	goto	l441
  3481     14A2                     u3830:
  3482     14A2                     l2812:
  3483     14A2  3000               	movlw	0
  3484     14A3  00A3               	movwf	___fleq@ff1+3
  3485     14A4  3000               	movlw	0
  3486     14A5  00A2               	movwf	___fleq@ff1+2
  3487     14A6  3000               	movlw	0
  3488     14A7  00A1               	movwf	___fleq@ff1+1
  3489     14A8  3000               	movlw	0
  3490     14A9  00A0               	movwf	___fleq@ff1
  3491     14AA                     l441:
  3492     14AA  3000               	movlw	0
  3493     14AB  0524               	andwf	___fleq@ff2,w
  3494     14AC  00A8               	movwf	??___fleq
  3495     14AD  3000               	movlw	0
  3496     14AE  0525               	andwf	___fleq@ff2+1,w
  3497     14AF  00A9               	movwf	??___fleq+1
  3498     14B0  3080               	movlw	128
  3499     14B1  0526               	andwf	___fleq@ff2+2,w
  3500     14B2  00AA               	movwf	??___fleq+2
  3501     14B3  307F               	movlw	127
  3502     14B4  0527               	andwf	___fleq@ff2+3,w
  3503     14B5  00AB               	movwf	??___fleq+3
  3504     14B6  082B               	movf	??___fleq+3,w
  3505     14B7  042A               	iorwf	??___fleq+2,w
  3506     14B8  0429               	iorwf	??___fleq+1,w
  3507     14B9  0428               	iorwf	??___fleq,w
  3508     14BA  1D03               	skipz
  3509     14BB  2CBD               	goto	u3841
  3510     14BC  2CBE               	goto	u3840
  3511     14BD                     u3841:
  3512     14BD  2CC6               	goto	l442
  3513     14BE                     u3840:
  3514     14BE                     l2814:
  3515     14BE  3000               	movlw	0
  3516     14BF  00A7               	movwf	___fleq@ff2+3
  3517     14C0  3000               	movlw	0
  3518     14C1  00A6               	movwf	___fleq@ff2+2
  3519     14C2  3000               	movlw	0
  3520     14C3  00A5               	movwf	___fleq@ff2+1
  3521     14C4  3000               	movlw	0
  3522     14C5  00A4               	movwf	___fleq@ff2
  3523     14C6                     l442:
  3524     14C6  0827               	movf	___fleq@ff2+3,w
  3525     14C7  0623               	xorwf	___fleq@ff1+3,w
  3526     14C8  1D03               	skipz
  3527     14C9  2CD4               	goto	u3855
  3528     14CA  0826               	movf	___fleq@ff2+2,w
  3529     14CB  0622               	xorwf	___fleq@ff1+2,w
  3530     14CC  1D03               	skipz
  3531     14CD  2CD4               	goto	u3855
  3532     14CE  0825               	movf	___fleq@ff2+1,w
  3533     14CF  0621               	xorwf	___fleq@ff1+1,w
  3534     14D0  1D03               	skipz
  3535     14D1  2CD4               	goto	u3855
  3536     14D2  0824               	movf	___fleq@ff2,w
  3537     14D3  0620               	xorwf	___fleq@ff1,w
  3538     14D4                     u3855:
  3539     14D4  1903               	skipnz
  3540     14D5  2CD7               	goto	u3851
  3541     14D6  2CD8               	goto	u3850
  3542     14D7                     u3851:
  3543     14D7  2CDA               	goto	l2818
  3544     14D8                     u3850:
  3545     14D8                     l2816:
  3546     14D8  1003               	clrc
  3547     14D9  2CDB               	goto	l443
  3548     14DA                     l2818:
  3549     14DA  1403               	setc
  3550     14DB                     l443:
  3551     14DB  0008               	return
  3552     14DC                     __end_of___fleq:
  3553                           
  3554                           	psect	text8
  3555     1746                     __ptext8:	
  3556 ;; *************** function ___xxtofl *****************
  3557 ;; Defined at:
  3558 ;;		line 10 in file "D:\Software\MPLAB_XC8\pic\sources\c90\common\xxtofl.c"
  3559 ;; Parameters:    Size  Location     Type
  3560 ;;  sign            1    wreg     unsigned char 
  3561 ;;  val             4    0[BANK0 ] long 
  3562 ;; Auto vars:     Size  Location     Type
  3563 ;;  sign            1    8[BANK0 ] unsigned char 
  3564 ;;  arg             4   10[BANK0 ] unsigned long 
  3565 ;;  exp             1    9[BANK0 ] unsigned char 
  3566 ;; Return value:  Size  Location     Type
  3567 ;;                  4    0[BANK0 ] unsigned char 
  3568 ;; Registers used:
  3569 ;;		wreg, status,2, status,0, btemp+1
  3570 ;; Tracked objects:
  3571 ;;		On entry : 0/0
  3572 ;;		On exit  : 0/0
  3573 ;;		Unchanged: 0/0
  3574 ;; Data sizes:     COMMON   BANK0   BANK1   BANK3   BANK2
  3575 ;;      Params:         0       4       0       0       0
  3576 ;;      Locals:         0       6       0       0       0
  3577 ;;      Temps:          0       4       0       0       0
  3578 ;;      Totals:         0      14       0       0       0
  3579 ;;Total ram usage:       14 bytes
  3580 ;; Hardware stack levels used: 1
  3581 ;; Hardware stack levels required when called: 1
  3582 ;; This function calls:
  3583 ;;		Nothing
  3584 ;; This function is called by:
  3585 ;;		_sinu
  3586 ;;		_floor
  3587 ;; This function uses a non-reentrant model
  3588 ;;
  3589                           
  3590     1746                     ___xxtofl:	
  3591                           ;psect for function ___xxtofl
  3592                           
  3593                           
  3594                           ;incstack = 0
  3595                           ; Regs used in ___xxtofl: [wreg+status,2+status,0+btemp+1]
  3596                           ;___xxtofl@sign stored from wreg
  3597     1746  1283               	bcf	3,5	;RP0=0, select bank0
  3598     1747  1303               	bcf	3,6	;RP1=0, select bank0
  3599     1748  00A8               	movwf	___xxtofl@sign
  3600     1749                     l3236:
  3601     1749  0828               	movf	___xxtofl@sign,w
  3602     174A  1903               	btfsc	3,2
  3603     174B  2F4D               	goto	u4891
  3604     174C  2F4E               	goto	u4890
  3605     174D                     u4891:
  3606     174D  2F62               	goto	l3242
  3607     174E                     u4890:
  3608     174E                     l3238:
  3609     174E  1FA3               	btfss	___xxtofl@val+3,7
  3610     174F  2F51               	goto	u4901
  3611     1750  2F52               	goto	u4900
  3612     1751                     u4901:
  3613     1751  2F62               	goto	l3242
  3614     1752                     u4900:
  3615     1752                     l3240:
  3616     1752  0920               	comf	___xxtofl@val,w
  3617     1753  00AA               	movwf	___xxtofl@arg
  3618     1754  0921               	comf	___xxtofl@val+1,w
  3619     1755  00AB               	movwf	___xxtofl@arg+1
  3620     1756  0922               	comf	___xxtofl@val+2,w
  3621     1757  00AC               	movwf	___xxtofl@arg+2
  3622     1758  0923               	comf	___xxtofl@val+3,w
  3623     1759  00AD               	movwf	___xxtofl@arg+3
  3624     175A  0AAA               	incf	___xxtofl@arg,f
  3625     175B  1903               	skipnz
  3626     175C  0AAB               	incf	___xxtofl@arg+1,f
  3627     175D  1903               	skipnz
  3628     175E  0AAC               	incf	___xxtofl@arg+2,f
  3629     175F  1903               	skipnz
  3630     1760  0AAD               	incf	___xxtofl@arg+3,f
  3631     1761  2F6A               	goto	l705
  3632     1762                     l3242:
  3633     1762  0823               	movf	___xxtofl@val+3,w
  3634     1763  00AD               	movwf	___xxtofl@arg+3
  3635     1764  0822               	movf	___xxtofl@val+2,w
  3636     1765  00AC               	movwf	___xxtofl@arg+2
  3637     1766  0821               	movf	___xxtofl@val+1,w
  3638     1767  00AB               	movwf	___xxtofl@arg+1
  3639     1768  0820               	movf	___xxtofl@val,w
  3640     1769  00AA               	movwf	___xxtofl@arg
  3641     176A                     l705:
  3642     176A  0823               	movf	___xxtofl@val+3,w
  3643     176B  0422               	iorwf	___xxtofl@val+2,w
  3644     176C  0421               	iorwf	___xxtofl@val+1,w
  3645     176D  0420               	iorwf	___xxtofl@val,w
  3646     176E  1D03               	skipz
  3647     176F  2F71               	goto	u4911
  3648     1770  2F72               	goto	u4910
  3649     1771                     u4911:
  3650     1771  2F7B               	goto	l3248
  3651     1772                     u4910:
  3652     1772                     l3244:
  3653     1772  3000               	movlw	0
  3654     1773  00A3               	movwf	?___xxtofl+3
  3655     1774  3000               	movlw	0
  3656     1775  00A2               	movwf	?___xxtofl+2
  3657     1776  3000               	movlw	0
  3658     1777  00A1               	movwf	?___xxtofl+1
  3659     1778  3000               	movlw	0
  3660     1779  00A0               	movwf	?___xxtofl
  3661     177A  2FFF               	goto	l707
  3662     177B                     l3248:
  3663     177B  3096               	movlw	150
  3664     177C  00A9               	movwf	___xxtofl@exp
  3665     177D  2F8B               	goto	l3254
  3666     177E                     l3250:
  3667     177E  3001               	movlw	1
  3668     177F  00FF               	movwf	btemp+1
  3669     1780  087F               	movf	btemp+1,w
  3670     1781  07A9               	addwf	___xxtofl@exp,f
  3671     1782                     l3252:
  3672     1782  3001               	movlw	1
  3673     1783                     u4925:
  3674     1783  1003               	clrc
  3675     1784  0CAD               	rrf	___xxtofl@arg+3,f
  3676     1785  0CAC               	rrf	___xxtofl@arg+2,f
  3677     1786  0CAB               	rrf	___xxtofl@arg+1,f
  3678     1787  0CAA               	rrf	___xxtofl@arg,f
  3679     1788  3EFF               	addlw	-1
  3680     1789  1D03               	skipz
  3681     178A  2F83               	goto	u4925
  3682     178B                     l3254:
  3683     178B  30FE               	movlw	254
  3684     178C  052D               	andwf	___xxtofl@arg+3,w
  3685     178D  1D03               	btfss	3,2
  3686     178E  2F90               	goto	u4931
  3687     178F  2F91               	goto	u4930
  3688     1790                     u4931:
  3689     1790  2F7E               	goto	l3250
  3690     1791                     u4930:
  3691     1791  2FAD               	goto	l3262
  3692     1792                     l3256:
  3693     1792  3001               	movlw	1
  3694     1793  00FF               	movwf	btemp+1
  3695     1794  087F               	movf	btemp+1,w
  3696     1795  07A9               	addwf	___xxtofl@exp,f
  3697     1796                     l3258:
  3698     1796  3001               	movlw	1
  3699     1797  07AA               	addwf	___xxtofl@arg,f
  3700     1798  3000               	movlw	0
  3701     1799  1803               	skipnc
  3702     179A  3001               	movlw	1
  3703     179B  07AB               	addwf	___xxtofl@arg+1,f
  3704     179C  3000               	movlw	0
  3705     179D  1803               	skipnc
  3706     179E  3001               	movlw	1
  3707     179F  07AC               	addwf	___xxtofl@arg+2,f
  3708     17A0  3000               	movlw	0
  3709     17A1  1803               	skipnc
  3710     17A2  3001               	movlw	1
  3711     17A3  07AD               	addwf	___xxtofl@arg+3,f
  3712     17A4                     l3260:
  3713     17A4  3001               	movlw	1
  3714     17A5                     u4945:
  3715     17A5  1003               	clrc
  3716     17A6  0CAD               	rrf	___xxtofl@arg+3,f
  3717     17A7  0CAC               	rrf	___xxtofl@arg+2,f
  3718     17A8  0CAB               	rrf	___xxtofl@arg+1,f
  3719     17A9  0CAA               	rrf	___xxtofl@arg,f
  3720     17AA  3EFF               	addlw	-1
  3721     17AB  1D03               	skipz
  3722     17AC  2FA5               	goto	u4945
  3723     17AD                     l3262:
  3724     17AD  30FF               	movlw	255
  3725     17AE  052D               	andwf	___xxtofl@arg+3,w
  3726     17AF  1D03               	btfss	3,2
  3727     17B0  2FB2               	goto	u4951
  3728     17B1  2FB3               	goto	u4950
  3729     17B2                     u4951:
  3730     17B2  2F92               	goto	l3256
  3731     17B3                     u4950:
  3732     17B3  2FBF               	goto	l3266
  3733     17B4                     l3264:
  3734     17B4  3001               	movlw	1
  3735     17B5  02A9               	subwf	___xxtofl@exp,f
  3736     17B6  3001               	movlw	1
  3737     17B7  00A4               	movwf	??___xxtofl
  3738     17B8                     u4965:
  3739     17B8  1003               	clrc
  3740     17B9  0DAA               	rlf	___xxtofl@arg,f
  3741     17BA  0DAB               	rlf	___xxtofl@arg+1,f
  3742     17BB  0DAC               	rlf	___xxtofl@arg+2,f
  3743     17BC  0DAD               	rlf	___xxtofl@arg+3,f
  3744     17BD  0BA4               	decfsz	??___xxtofl,f
  3745     17BE  2FB8               	goto	u4965
  3746     17BF                     l3266:
  3747     17BF  1BAC               	btfsc	___xxtofl@arg+2,7
  3748     17C0  2FC2               	goto	u4971
  3749     17C1  2FC3               	goto	u4970
  3750     17C2                     u4971:
  3751     17C2  2FC9               	goto	l718
  3752     17C3                     u4970:
  3753     17C3                     l3268:
  3754     17C3  3002               	movlw	2
  3755     17C4  0229               	subwf	___xxtofl@exp,w
  3756     17C5  1803               	skipnc
  3757     17C6  2FC8               	goto	u4981
  3758     17C7  2FC9               	goto	u4980
  3759     17C8                     u4981:
  3760     17C8  2FB4               	goto	l3264
  3761     17C9                     u4980:
  3762     17C9                     l718:
  3763     17C9  1829               	btfsc	___xxtofl@exp,0
  3764     17CA  2FCC               	goto	u4991
  3765     17CB  2FCD               	goto	u4990
  3766     17CC                     u4991:
  3767     17CC  2FD5               	goto	l719
  3768     17CD                     u4990:
  3769     17CD                     l3270:
  3770     17CD  30FF               	movlw	255
  3771     17CE  05AA               	andwf	___xxtofl@arg,f
  3772     17CF  30FF               	movlw	255
  3773     17D0  05AB               	andwf	___xxtofl@arg+1,f
  3774     17D1  307F               	movlw	127
  3775     17D2  05AC               	andwf	___xxtofl@arg+2,f
  3776     17D3  30FF               	movlw	255
  3777     17D4  05AD               	andwf	___xxtofl@arg+3,f
  3778     17D5                     l719:
  3779     17D5  1003               	clrc
  3780     17D6  0CA9               	rrf	___xxtofl@exp,f
  3781     17D7                     l3272:
  3782     17D7  0829               	movf	___xxtofl@exp,w
  3783     17D8  00A4               	movwf	??___xxtofl
  3784     17D9  01A5               	clrf	??___xxtofl+1
  3785     17DA  01A6               	clrf	??___xxtofl+2
  3786     17DB  01A7               	clrf	??___xxtofl+3
  3787     17DC  3018               	movlw	24
  3788     17DD                     u5005:
  3789     17DD  1003               	clrc
  3790     17DE  0DA4               	rlf	??___xxtofl,f
  3791     17DF  0DA5               	rlf	??___xxtofl+1,f
  3792     17E0  0DA6               	rlf	??___xxtofl+2,f
  3793     17E1  0DA7               	rlf	??___xxtofl+3,f
  3794     17E2                     u5000:
  3795     17E2  3EFF               	addlw	-1
  3796     17E3  1D03               	skipz
  3797     17E4  2FDD               	goto	u5005
  3798     17E5  0824               	movf	??___xxtofl,w
  3799     17E6  04AA               	iorwf	___xxtofl@arg,f
  3800     17E7  0825               	movf	??___xxtofl+1,w
  3801     17E8  04AB               	iorwf	___xxtofl@arg+1,f
  3802     17E9  0826               	movf	??___xxtofl+2,w
  3803     17EA  04AC               	iorwf	___xxtofl@arg+2,f
  3804     17EB  0827               	movf	??___xxtofl+3,w
  3805     17EC  04AD               	iorwf	___xxtofl@arg+3,f
  3806     17ED                     l3274:
  3807     17ED  0828               	movf	___xxtofl@sign,w
  3808     17EE  1903               	btfsc	3,2
  3809     17EF  2FF1               	goto	u5011
  3810     17F0  2FF2               	goto	u5010
  3811     17F1                     u5011:
  3812     17F1  2FF7               	goto	l3280
  3813     17F2                     u5010:
  3814     17F2                     l3276:
  3815     17F2  1FA3               	btfss	___xxtofl@val+3,7
  3816     17F3  2FF5               	goto	u5021
  3817     17F4  2FF6               	goto	u5020
  3818     17F5                     u5021:
  3819     17F5  2FF7               	goto	l3280
  3820     17F6                     u5020:
  3821     17F6                     l3278:
  3822     17F6  17AD               	bsf	___xxtofl@arg+3,7
  3823     17F7                     l3280:
  3824     17F7  082D               	movf	___xxtofl@arg+3,w
  3825     17F8  00A3               	movwf	?___xxtofl+3
  3826     17F9  082C               	movf	___xxtofl@arg+2,w
  3827     17FA  00A2               	movwf	?___xxtofl+2
  3828     17FB  082B               	movf	___xxtofl@arg+1,w
  3829     17FC  00A1               	movwf	?___xxtofl+1
  3830     17FD  082A               	movf	___xxtofl@arg,w
  3831     17FE  00A0               	movwf	?___xxtofl
  3832     17FF                     l707:
  3833     17FF  0008               	return
  3834     1800                     __end_of___xxtofl:
  3835                           
  3836                           	psect	text9
  3837     1614                     __ptext9:	
  3838 ;; *************** function ___fltol *****************
  3839 ;; Defined at:
  3840 ;;		line 43 in file "D:\Software\MPLAB_XC8\pic\sources\c90\common\fltol.c"
  3841 ;; Parameters:    Size  Location     Type
  3842 ;;  f1              4    8[BANK1 ] unsigned char 
  3843 ;; Auto vars:     Size  Location     Type
  3844 ;;  exp1            1   79[BANK0 ] unsigned char 
  3845 ;;  sign1           1   78[BANK0 ] unsigned char 
  3846 ;; Return value:  Size  Location     Type
  3847 ;;                  4    8[BANK1 ] long 
  3848 ;; Registers used:
  3849 ;;		wreg, status,2, status,0, btemp+1
  3850 ;; Tracked objects:
  3851 ;;		On entry : 0/0
  3852 ;;		On exit  : 0/0
  3853 ;;		Unchanged: 0/0
  3854 ;; Data sizes:     COMMON   BANK0   BANK1   BANK3   BANK2
  3855 ;;      Params:         0       0       4       0       0
  3856 ;;      Locals:         0       2       0       0       0
  3857 ;;      Temps:          0       0       4       0       0
  3858 ;;      Totals:         0       2       8       0       0
  3859 ;;Total ram usage:       10 bytes
  3860 ;; Hardware stack levels used: 1
  3861 ;; Hardware stack levels required when called: 1
  3862 ;; This function calls:
  3863 ;;		Nothing
  3864 ;; This function is called by:
  3865 ;;		_sinu
  3866 ;;		_floor
  3867 ;; This function uses a non-reentrant model
  3868 ;;
  3869                           
  3870     1614                     ___fltol:	
  3871                           ;psect for function ___fltol
  3872                           
  3873     1614                     l2856:	
  3874                           ;incstack = 0
  3875                           ; Regs used in ___fltol: [wreg+status,2+status,0+btemp+1]
  3876                           
  3877     1614  1003               	clrc
  3878     1615  1683               	bsf	3,5	;RP0=1, select bank1
  3879     1616  1303               	bcf	3,6	;RP1=0, select bank1
  3880     1617  0D2A               	rlf	(___fltol@f1+2)^(0+128),w
  3881     1618  0D2B               	rlf	(___fltol@f1+3)^(0+128),w
  3882     1619  1283               	bcf	3,5	;RP0=0, select bank0
  3883     161A  1303               	bcf	3,6	;RP1=0, select bank0
  3884     161B  00EF               	movwf	___fltol@exp1
  3885     161C  086F               	movf	___fltol@exp1,w
  3886     161D  1D03               	btfss	3,2
  3887     161E  2E20               	goto	u3961
  3888     161F  2E21               	goto	u3960
  3889     1620                     u3961:
  3890     1620  2E2C               	goto	l2862
  3891     1621                     u3960:
  3892     1621                     l2858:
  3893     1621  3000               	movlw	0
  3894     1622  1683               	bsf	3,5	;RP0=1, select bank1
  3895     1623  1303               	bcf	3,6	;RP1=0, select bank1
  3896     1624  00AB               	movwf	(?___fltol+3)^(0+128)
  3897     1625  3000               	movlw	0
  3898     1626  00AA               	movwf	(?___fltol+2)^(0+128)
  3899     1627  3000               	movlw	0
  3900     1628  00A9               	movwf	(?___fltol+1)^(0+128)
  3901     1629  3000               	movlw	0
  3902     162A  00A8               	movwf	?___fltol^(0+128)
  3903     162B  2EA1               	goto	l458
  3904     162C                     l2862:
  3905     162C  1683               	bsf	3,5	;RP0=1, select bank1
  3906     162D  1303               	bcf	3,6	;RP1=0, select bank1
  3907     162E  0828               	movf	___fltol@f1^(0+128),w
  3908     162F  00AC               	movwf	??___fltol^(0+128)
  3909     1630  0829               	movf	(___fltol@f1+1)^(0+128),w
  3910     1631  00AD               	movwf	(??___fltol^(0+128)+1)
  3911     1632  082A               	movf	(___fltol@f1+2)^(0+128),w
  3912     1633  00AE               	movwf	(??___fltol^(0+128)+2)
  3913     1634  082B               	movf	(___fltol@f1+3)^(0+128),w
  3914     1635  00AF               	movwf	(??___fltol^(0+128)+3)
  3915     1636  301F               	movlw	31
  3916     1637                     u3975:
  3917     1637  1003               	clrc
  3918     1638  0CAF               	rrf	(??___fltol^(0+128)+3),f
  3919     1639  0CAE               	rrf	(??___fltol^(0+128)+2),f
  3920     163A  0CAD               	rrf	(??___fltol^(0+128)+1),f
  3921     163B  0CAC               	rrf	??___fltol^(0+128),f
  3922     163C                     u3970:
  3923     163C  3EFF               	addlw	-1
  3924     163D  1D03               	skipz
  3925     163E  2E37               	goto	u3975
  3926     163F  082C               	movf	??___fltol^(0+128),w
  3927     1640  1283               	bcf	3,5	;RP0=0, select bank0
  3928     1641  1303               	bcf	3,6	;RP1=0, select bank0
  3929     1642  00EE               	movwf	___fltol@sign1
  3930     1643                     l2864:
  3931     1643  1683               	bsf	3,5	;RP0=1, select bank1
  3932     1644  1303               	bcf	3,6	;RP1=0, select bank1
  3933     1645  17AA               	bsf	(___fltol@f1^(0+128)+2),7
  3934     1646                     l2866:
  3935     1646  30FF               	movlw	255
  3936     1647  05A8               	andwf	___fltol@f1^(0+128),f
  3937     1648  30FF               	movlw	255
  3938     1649  05A9               	andwf	(___fltol@f1+1)^(0+128),f
  3939     164A  30FF               	movlw	255
  3940     164B  05AA               	andwf	(___fltol@f1+2)^(0+128),f
  3941     164C  3000               	movlw	0
  3942     164D  05AB               	andwf	(___fltol@f1+3)^(0+128),f
  3943     164E                     l2868:
  3944     164E  3096               	movlw	150
  3945     164F  1283               	bcf	3,5	;RP0=0, select bank0
  3946     1650  1303               	bcf	3,6	;RP1=0, select bank0
  3947     1651  02EF               	subwf	___fltol@exp1,f
  3948     1652                     l2870:
  3949     1652  1FEF               	btfss	___fltol@exp1,7
  3950     1653  2E55               	goto	u3981
  3951     1654  2E56               	goto	u3980
  3952     1655                     u3981:
  3953     1655  2E74               	goto	l2882
  3954     1656                     u3980:
  3955     1656                     l2872:
  3956     1656  086F               	movf	___fltol@exp1,w
  3957     1657  3A80               	xorlw	128
  3958     1658  3E97               	addlw	151
  3959     1659  1803               	skipnc
  3960     165A  2E5C               	goto	u3991
  3961     165B  2E5D               	goto	u3990
  3962     165C                     u3991:
  3963     165C  2E5E               	goto	l2878
  3964     165D                     u3990:
  3965     165D  2E21               	goto	l2858
  3966     165E                     l2878:
  3967     165E  3001               	movlw	1
  3968     165F                     u4005:
  3969     165F  1003               	clrc
  3970     1660  1683               	bsf	3,5	;RP0=1, select bank1
  3971     1661  1303               	bcf	3,6	;RP1=0, select bank1
  3972     1662  0CAB               	rrf	(___fltol@f1+3)^(0+128),f
  3973     1663  0CAA               	rrf	(___fltol@f1+2)^(0+128),f
  3974     1664  0CA9               	rrf	(___fltol@f1+1)^(0+128),f
  3975     1665  0CA8               	rrf	___fltol@f1^(0+128),f
  3976     1666  3EFF               	addlw	-1
  3977     1667  1D03               	skipz
  3978     1668  2E5F               	goto	u4005
  3979     1669                     l2880:
  3980     1669  3001               	movlw	1
  3981     166A  00FF               	movwf	btemp+1
  3982     166B  087F               	movf	btemp+1,w
  3983     166C  1283               	bcf	3,5	;RP0=0, select bank0
  3984     166D  1303               	bcf	3,6	;RP1=0, select bank0
  3985     166E  07EF               	addwf	___fltol@exp1,f
  3986     166F  1D03               	btfss	3,2
  3987     1670  2E72               	goto	u4011
  3988     1671  2E73               	goto	u4010
  3989     1672                     u4011:
  3990     1672  2E5E               	goto	l2878
  3991     1673                     u4010:
  3992     1673  2E8F               	goto	l2890
  3993     1674                     l2882:
  3994     1674  3020               	movlw	32
  3995     1675  026F               	subwf	___fltol@exp1,w
  3996     1676  1C03               	skipc
  3997     1677  2E79               	goto	u4021
  3998     1678  2E7A               	goto	u4020
  3999     1679                     u4021:
  4000     1679  2E8A               	goto	l465
  4001     167A                     u4020:
  4002     167A  2E21               	goto	l2858
  4003     167B                     l2888:
  4004     167B  3001               	movlw	1
  4005     167C  1683               	bsf	3,5	;RP0=1, select bank1
  4006     167D  1303               	bcf	3,6	;RP1=0, select bank1
  4007     167E  00AC               	movwf	??___fltol^(0+128)
  4008     167F                     u4035:
  4009     167F  1003               	clrc
  4010     1680  0DA8               	rlf	___fltol@f1^(0+128),f
  4011     1681  0DA9               	rlf	(___fltol@f1+1)^(0+128),f
  4012     1682  0DAA               	rlf	(___fltol@f1+2)^(0+128),f
  4013     1683  0DAB               	rlf	(___fltol@f1+3)^(0+128),f
  4014     1684  0BAC               	decfsz	??___fltol^(0+128),f
  4015     1685  2E7F               	goto	u4035
  4016     1686  3001               	movlw	1
  4017     1687  1283               	bcf	3,5	;RP0=0, select bank0
  4018     1688  1303               	bcf	3,6	;RP1=0, select bank0
  4019     1689  02EF               	subwf	___fltol@exp1,f
  4020     168A                     l465:
  4021     168A  086F               	movf	___fltol@exp1,w
  4022     168B  1D03               	btfss	3,2
  4023     168C  2E8E               	goto	u4041
  4024     168D  2E8F               	goto	u4040
  4025     168E                     u4041:
  4026     168E  2E7B               	goto	l2888
  4027     168F                     u4040:
  4028     168F                     l2890:
  4029     168F  086E               	movf	___fltol@sign1,w
  4030     1690  1903               	btfsc	3,2
  4031     1691  2E93               	goto	u4051
  4032     1692  2E94               	goto	u4050
  4033     1693                     u4051:
  4034     1693  2EA1               	goto	l468
  4035     1694                     u4050:
  4036     1694                     l2892:
  4037     1694  1683               	bsf	3,5	;RP0=1, select bank1
  4038     1695  1303               	bcf	3,6	;RP1=0, select bank1
  4039     1696  09A8               	comf	___fltol@f1^(0+128),f
  4040     1697  09A9               	comf	(___fltol@f1+1)^(0+128),f
  4041     1698  09AA               	comf	(___fltol@f1+2)^(0+128),f
  4042     1699  09AB               	comf	(___fltol@f1+3)^(0+128),f
  4043     169A  0AA8               	incf	___fltol@f1^(0+128),f
  4044     169B  1903               	skipnz
  4045     169C  0AA9               	incf	(___fltol@f1+1)^(0+128),f
  4046     169D  1903               	skipnz
  4047     169E  0AAA               	incf	(___fltol@f1+2)^(0+128),f
  4048     169F  1903               	skipnz
  4049     16A0  0AAB               	incf	(___fltol@f1+3)^(0+128),f
  4050     16A1                     l468:
  4051     16A1                     l458:
  4052     16A1  0008               	return
  4053     16A2                     __end_of___fltol:
  4054                           
  4055                           	psect	text10
  4056     16A2                     __ptext10:	
  4057 ;; *************** function ___flge *****************
  4058 ;; Defined at:
  4059 ;;		line 4 in file "D:\Software\MPLAB_XC8\pic\sources\c90\common\flge.c"
  4060 ;; Parameters:    Size  Location     Type
  4061 ;;  ff1             4    0[BANK0 ] long 
  4062 ;;  ff2             4    4[BANK0 ] long 
  4063 ;; Auto vars:     Size  Location     Type
  4064 ;;		None
  4065 ;; Return value:  Size  Location     Type
  4066 ;;		None               void
  4067 ;; Registers used:
  4068 ;;		wreg, status,2, status,0
  4069 ;; Tracked objects:
  4070 ;;		On entry : 0/0
  4071 ;;		On exit  : 0/0
  4072 ;;		Unchanged: 0/0
  4073 ;; Data sizes:     COMMON   BANK0   BANK1   BANK3   BANK2
  4074 ;;      Params:         0       8       0       0       0
  4075 ;;      Locals:         0       0       0       0       0
  4076 ;;      Temps:          0       4       0       0       0
  4077 ;;      Totals:         0      12       0       0       0
  4078 ;;Total ram usage:       12 bytes
  4079 ;; Hardware stack levels used: 1
  4080 ;; Hardware stack levels required when called: 1
  4081 ;; This function calls:
  4082 ;;		Nothing
  4083 ;; This function is called by:
  4084 ;;		_sin
  4085 ;;		_floor
  4086 ;; This function uses a non-reentrant model
  4087 ;;
  4088                           
  4089     16A2                     ___flge:	
  4090                           ;psect for function ___flge
  4091                           
  4092     16A2                     l2836:	
  4093                           ;incstack = 0
  4094                           ; Regs used in ___flge: [wreg+status,2+status,0]
  4095                           
  4096     16A2  3000               	movlw	0
  4097     16A3  1283               	bcf	3,5	;RP0=0, select bank0
  4098     16A4  1303               	bcf	3,6	;RP1=0, select bank0
  4099     16A5  0520               	andwf	___flge@ff1,w
  4100     16A6  00A8               	movwf	??___flge
  4101     16A7  3000               	movlw	0
  4102     16A8  0521               	andwf	___flge@ff1+1,w
  4103     16A9  00A9               	movwf	??___flge+1
  4104     16AA  3080               	movlw	128
  4105     16AB  0522               	andwf	___flge@ff1+2,w
  4106     16AC  00AA               	movwf	??___flge+2
  4107     16AD  307F               	movlw	127
  4108     16AE  0523               	andwf	___flge@ff1+3,w
  4109     16AF  00AB               	movwf	??___flge+3
  4110     16B0  082B               	movf	??___flge+3,w
  4111     16B1  042A               	iorwf	??___flge+2,w
  4112     16B2  0429               	iorwf	??___flge+1,w
  4113     16B3  0428               	iorwf	??___flge,w
  4114     16B4  1D03               	skipz
  4115     16B5  2EB7               	goto	u3891
  4116     16B6  2EB8               	goto	u3890
  4117     16B7                     u3891:
  4118     16B7  2EC0               	goto	l446
  4119     16B8                     u3890:
  4120     16B8                     l2838:
  4121     16B8  3000               	movlw	0
  4122     16B9  00A3               	movwf	___flge@ff1+3
  4123     16BA  3000               	movlw	0
  4124     16BB  00A2               	movwf	___flge@ff1+2
  4125     16BC  3000               	movlw	0
  4126     16BD  00A1               	movwf	___flge@ff1+1
  4127     16BE  3000               	movlw	0
  4128     16BF  00A0               	movwf	___flge@ff1
  4129     16C0                     l446:
  4130     16C0  3000               	movlw	0
  4131     16C1  0524               	andwf	___flge@ff2,w
  4132     16C2  00A8               	movwf	??___flge
  4133     16C3  3000               	movlw	0
  4134     16C4  0525               	andwf	___flge@ff2+1,w
  4135     16C5  00A9               	movwf	??___flge+1
  4136     16C6  3080               	movlw	128
  4137     16C7  0526               	andwf	___flge@ff2+2,w
  4138     16C8  00AA               	movwf	??___flge+2
  4139     16C9  307F               	movlw	127
  4140     16CA  0527               	andwf	___flge@ff2+3,w
  4141     16CB  00AB               	movwf	??___flge+3
  4142     16CC  082B               	movf	??___flge+3,w
  4143     16CD  042A               	iorwf	??___flge+2,w
  4144     16CE  0429               	iorwf	??___flge+1,w
  4145     16CF  0428               	iorwf	??___flge,w
  4146     16D0  1D03               	skipz
  4147     16D1  2ED3               	goto	u3901
  4148     16D2  2ED4               	goto	u3900
  4149     16D3                     u3901:
  4150     16D3  2EDC               	goto	l2842
  4151     16D4                     u3900:
  4152     16D4                     l2840:
  4153     16D4  3000               	movlw	0
  4154     16D5  00A7               	movwf	___flge@ff2+3
  4155     16D6  3000               	movlw	0
  4156     16D7  00A6               	movwf	___flge@ff2+2
  4157     16D8  3000               	movlw	0
  4158     16D9  00A5               	movwf	___flge@ff2+1
  4159     16DA  3000               	movlw	0
  4160     16DB  00A4               	movwf	___flge@ff2
  4161     16DC                     l2842:
  4162     16DC  1FA3               	btfss	___flge@ff1+3,7
  4163     16DD  2EDF               	goto	u3911
  4164     16DE  2EE0               	goto	u3910
  4165     16DF                     u3911:
  4166     16DF  2F04               	goto	l2846
  4167     16E0                     u3910:
  4168     16E0                     l2844:
  4169     16E0  3000               	movlw	0
  4170     16E1  00A8               	movwf	??___flge
  4171     16E2  3000               	movlw	0
  4172     16E3  00A9               	movwf	??___flge+1
  4173     16E4  3000               	movlw	0
  4174     16E5  00AA               	movwf	??___flge+2
  4175     16E6  3080               	movlw	128
  4176     16E7  00AB               	movwf	??___flge+3
  4177     16E8  0820               	movf	___flge@ff1,w
  4178     16E9  02A8               	subwf	??___flge,f
  4179     16EA  0821               	movf	___flge@ff1+1,w
  4180     16EB  1C03               	skipc
  4181     16EC  0F21               	incfsz	___flge@ff1+1,w
  4182     16ED  2EEF               	goto	u3921
  4183     16EE  2EF0               	goto	u3922
  4184     16EF                     u3921:
  4185     16EF  02A9               	subwf	??___flge+1,f
  4186     16F0                     u3922:
  4187     16F0  0822               	movf	___flge@ff1+2,w
  4188     16F1  1C03               	skipc
  4189     16F2  0F22               	incfsz	___flge@ff1+2,w
  4190     16F3  2EF5               	goto	u3923
  4191     16F4  2EF6               	goto	u3924
  4192     16F5                     u3923:
  4193     16F5  02AA               	subwf	??___flge+2,f
  4194     16F6                     u3924:
  4195     16F6  0823               	movf	___flge@ff1+3,w
  4196     16F7  1C03               	skipc
  4197     16F8  0F23               	incfsz	___flge@ff1+3,w
  4198     16F9  2EFB               	goto	u3925
  4199     16FA  2EFC               	goto	u3926
  4200     16FB                     u3925:
  4201     16FB  02AB               	subwf	??___flge+3,f
  4202     16FC                     u3926:
  4203     16FC  082B               	movf	??___flge+3,w
  4204     16FD  00A3               	movwf	___flge@ff1+3
  4205     16FE  082A               	movf	??___flge+2,w
  4206     16FF  00A2               	movwf	___flge@ff1+2
  4207     1700  0829               	movf	??___flge+1,w
  4208     1701  00A1               	movwf	___flge@ff1+1
  4209     1702  0828               	movf	??___flge,w
  4210     1703  00A0               	movwf	___flge@ff1
  4211     1704                     l2846:
  4212     1704  1FA7               	btfss	___flge@ff2+3,7
  4213     1705  2F07               	goto	u3931
  4214     1706  2F08               	goto	u3930
  4215     1707                     u3931:
  4216     1707  2F2C               	goto	l449
  4217     1708                     u3930:
  4218     1708                     l2848:
  4219     1708  3000               	movlw	0
  4220     1709  00A8               	movwf	??___flge
  4221     170A  3000               	movlw	0
  4222     170B  00A9               	movwf	??___flge+1
  4223     170C  3000               	movlw	0
  4224     170D  00AA               	movwf	??___flge+2
  4225     170E  3080               	movlw	128
  4226     170F  00AB               	movwf	??___flge+3
  4227     1710  0824               	movf	___flge@ff2,w
  4228     1711  02A8               	subwf	??___flge,f
  4229     1712  0825               	movf	___flge@ff2+1,w
  4230     1713  1C03               	skipc
  4231     1714  0F25               	incfsz	___flge@ff2+1,w
  4232     1715  2F17               	goto	u3941
  4233     1716  2F18               	goto	u3942
  4234     1717                     u3941:
  4235     1717  02A9               	subwf	??___flge+1,f
  4236     1718                     u3942:
  4237     1718  0826               	movf	___flge@ff2+2,w
  4238     1719  1C03               	skipc
  4239     171A  0F26               	incfsz	___flge@ff2+2,w
  4240     171B  2F1D               	goto	u3943
  4241     171C  2F1E               	goto	u3944
  4242     171D                     u3943:
  4243     171D  02AA               	subwf	??___flge+2,f
  4244     171E                     u3944:
  4245     171E  0827               	movf	___flge@ff2+3,w
  4246     171F  1C03               	skipc
  4247     1720  0F27               	incfsz	___flge@ff2+3,w
  4248     1721  2F23               	goto	u3945
  4249     1722  2F24               	goto	u3946
  4250     1723                     u3945:
  4251     1723  02AB               	subwf	??___flge+3,f
  4252     1724                     u3946:
  4253     1724  082B               	movf	??___flge+3,w
  4254     1725  00A7               	movwf	___flge@ff2+3
  4255     1726  082A               	movf	??___flge+2,w
  4256     1727  00A6               	movwf	___flge@ff2+2
  4257     1728  0829               	movf	??___flge+1,w
  4258     1729  00A5               	movwf	___flge@ff2+1
  4259     172A  0828               	movf	??___flge,w
  4260     172B  00A4               	movwf	___flge@ff2
  4261     172C                     l449:
  4262     172C  3080               	movlw	128
  4263     172D  06A3               	xorwf	___flge@ff1+3,f
  4264     172E  3080               	movlw	128
  4265     172F  06A7               	xorwf	___flge@ff2+3,f
  4266     1730  0827               	movf	___flge@ff2+3,w
  4267     1731  0223               	subwf	___flge@ff1+3,w
  4268     1732  1D03               	skipz
  4269     1733  2F3E               	goto	u3955
  4270     1734  0826               	movf	___flge@ff2+2,w
  4271     1735  0222               	subwf	___flge@ff1+2,w
  4272     1736  1D03               	skipz
  4273     1737  2F3E               	goto	u3955
  4274     1738  0825               	movf	___flge@ff2+1,w
  4275     1739  0221               	subwf	___flge@ff1+1,w
  4276     173A  1D03               	skipz
  4277     173B  2F3E               	goto	u3955
  4278     173C  0824               	movf	___flge@ff2,w
  4279     173D  0220               	subwf	___flge@ff1,w
  4280     173E                     u3955:
  4281     173E  1803               	skipnc
  4282     173F  2F41               	goto	u3951
  4283     1740  2F42               	goto	u3950
  4284     1741                     u3951:
  4285     1741  2F44               	goto	l2852
  4286     1742                     u3950:
  4287     1742                     l2850:
  4288     1742  1003               	clrc
  4289     1743  2F45               	goto	l450
  4290     1744                     l2852:
  4291     1744  1403               	setc
  4292     1745                     l450:
  4293     1745  0008               	return
  4294     1746                     __end_of___flge:
  4295                           
  4296                           	psect	text11
  4297     0818                     __ptext11:	
  4298 ;; *************** function _eval_poly *****************
  4299 ;; Defined at:
  4300 ;;		line 4 in file "D:\Software\MPLAB_XC8\pic\sources\c90\common\evalpoly.c"
  4301 ;; Parameters:    Size  Location     Type
  4302 ;;  x               4    8[BANK1 ] long 
  4303 ;;  d               1   12[BANK1 ] PTR const 
  4304 ;;		 -> sin@coeff_a(20), sin@coeff_b(16), 
  4305 ;;  n               2   13[BANK1 ] int 
  4306 ;; Auto vars:     Size  Location     Type
  4307 ;;  res             4   20[BANK1 ] int 
  4308 ;; Return value:  Size  Location     Type
  4309 ;;                  4    8[BANK1 ] int 
  4310 ;; Registers used:
  4311 ;;		wreg, fsr0l, fsr0h, status,2, status,0, btemp+1, pclath, cstack
  4312 ;; Tracked objects:
  4313 ;;		On entry : 0/0
  4314 ;;		On exit  : 0/0
  4315 ;;		Unchanged: 0/0
  4316 ;; Data sizes:     COMMON   BANK0   BANK1   BANK3   BANK2
  4317 ;;      Params:         0       0       7       0       0
  4318 ;;      Locals:         0       0       4       0       0
  4319 ;;      Temps:          0       0       5       0       0
  4320 ;;      Totals:         0       0      16       0       0
  4321 ;;Total ram usage:       16 bytes
  4322 ;; Hardware stack levels used: 1
  4323 ;; Hardware stack levels required when called: 3
  4324 ;; This function calls:
  4325 ;;		___fladd
  4326 ;;		___flmul
  4327 ;; This function is called by:
  4328 ;;		_sin
  4329 ;; This function uses a non-reentrant model
  4330 ;;
  4331                           
  4332     0818                     _eval_poly:	
  4333                           ;psect for function _eval_poly
  4334                           
  4335     0818                     l3354:	
  4336                           ;incstack = 0
  4337                           ; Regs used in _eval_poly: [wreg-fsr0h+status,2+status,0+btemp+1+pclath+cstack]
  4338                           
  4339     0818  1683               	bsf	3,5	;RP0=1, select bank1
  4340     0819  1303               	bcf	3,6	;RP1=0, select bank1
  4341     081A  082D               	movf	eval_poly@n^(0+128),w
  4342     081B  00AF               	movwf	??_eval_poly^(0+128)
  4343     081C  3001               	movlw	1
  4344     081D                     u5125:
  4345     081D  1003               	clrc
  4346     081E  0DAF               	rlf	??_eval_poly^(0+128),f
  4347     081F  3EFF               	addlw	-1
  4348     0820  1D03               	skipz
  4349     0821  281D               	goto	u5125
  4350     0822  1003               	clrc
  4351     0823  0D2F               	rlf	??_eval_poly^(0+128),w
  4352     0824  072C               	addwf	eval_poly@d^(0+128),w
  4353     0825  0084               	movwf	4
  4354     0826  160A  118A  2000  120A  158A  	fcall	stringdir
  4355     082B  00B0               	movwf	(??_eval_poly+1)^(0+128)
  4356     082C  160A  118A  2000  120A  158A  	fcall	stringdir
  4357     0831  00B1               	movwf	((??_eval_poly+1)^(0+128)+1)
  4358     0832  160A  118A  2000  120A  158A  	fcall	stringdir
  4359     0837  00B2               	movwf	((??_eval_poly+1)^(0+128)+2)
  4360     0838  160A  118A  2000  120A  158A  	fcall	stringdir
  4361     083D  00B3               	movwf	((??_eval_poly+1)^(0+128)+3)
  4362     083E  0833               	movf	(??_eval_poly+4)^(0+128),w
  4363     083F  00B7               	movwf	(eval_poly@res+3)^(0+128)
  4364     0840  0832               	movf	(??_eval_poly+3)^(0+128),w
  4365     0841  00B6               	movwf	(eval_poly@res+2)^(0+128)
  4366     0842  0831               	movf	(??_eval_poly+2)^(0+128),w
  4367     0843  00B5               	movwf	(eval_poly@res+1)^(0+128)
  4368     0844  0830               	movf	(??_eval_poly+1)^(0+128),w
  4369     0845  00B4               	movwf	eval_poly@res^(0+128)
  4370     0846  28E3               	goto	l3358
  4371     0847                     l3356:
  4372     0847  30FF               	movlw	255
  4373     0848  07AD               	addwf	eval_poly@n^(0+128),f
  4374     0849  1803               	skipnc
  4375     084A  0AAE               	incf	(eval_poly@n+1)^(0+128),f
  4376     084B  30FF               	movlw	255
  4377     084C  07AE               	addwf	(eval_poly@n+1)^(0+128),f
  4378     084D  082D               	movf	eval_poly@n^(0+128),w
  4379     084E  00AF               	movwf	??_eval_poly^(0+128)
  4380     084F  3001               	movlw	1
  4381     0850                     u5135:
  4382     0850  1003               	clrc
  4383     0851  0DAF               	rlf	??_eval_poly^(0+128),f
  4384     0852  3EFF               	addlw	-1
  4385     0853  1D03               	skipz
  4386     0854  2850               	goto	u5135
  4387     0855  1003               	clrc
  4388     0856  0D2F               	rlf	??_eval_poly^(0+128),w
  4389     0857  072C               	addwf	eval_poly@d^(0+128),w
  4390     0858  0084               	movwf	4
  4391     0859  160A  118A  2000  120A  158A  	fcall	stringdir
  4392     085E  00B0               	movwf	(??_eval_poly+1)^(0+128)
  4393     085F  160A  118A  2000  120A  158A  	fcall	stringdir
  4394     0864  00B1               	movwf	((??_eval_poly+1)^(0+128)+1)
  4395     0865  160A  118A  2000  120A  158A  	fcall	stringdir
  4396     086A  00B2               	movwf	((??_eval_poly+1)^(0+128)+2)
  4397     086B  160A  118A  2000  120A  158A  	fcall	stringdir
  4398     0870  00B3               	movwf	((??_eval_poly+1)^(0+128)+3)
  4399     0871  0833               	movf	(??_eval_poly+4)^(0+128),w
  4400     0872  1283               	bcf	3,5	;RP0=0, select bank0
  4401     0873  1303               	bcf	3,6	;RP1=0, select bank0
  4402     0874  00E5               	movwf	___fladd@b+3
  4403     0875  1683               	bsf	3,5	;RP0=1, select bank1
  4404     0876  1303               	bcf	3,6	;RP1=0, select bank1
  4405     0877  0832               	movf	(??_eval_poly+3)^(0+128),w
  4406     0878  1283               	bcf	3,5	;RP0=0, select bank0
  4407     0879  1303               	bcf	3,6	;RP1=0, select bank0
  4408     087A  00E4               	movwf	___fladd@b+2
  4409     087B  1683               	bsf	3,5	;RP0=1, select bank1
  4410     087C  1303               	bcf	3,6	;RP1=0, select bank1
  4411     087D  0831               	movf	(??_eval_poly+2)^(0+128),w
  4412     087E  1283               	bcf	3,5	;RP0=0, select bank0
  4413     087F  1303               	bcf	3,6	;RP1=0, select bank0
  4414     0880  00E3               	movwf	___fladd@b+1
  4415     0881  1683               	bsf	3,5	;RP0=1, select bank1
  4416     0882  1303               	bcf	3,6	;RP1=0, select bank1
  4417     0883  0830               	movf	(??_eval_poly+1)^(0+128),w
  4418     0884  1283               	bcf	3,5	;RP0=0, select bank0
  4419     0885  1303               	bcf	3,6	;RP1=0, select bank0
  4420     0886  00E2               	movwf	___fladd@b
  4421     0887  1683               	bsf	3,5	;RP0=1, select bank1
  4422     0888  1303               	bcf	3,6	;RP1=0, select bank1
  4423     0889  0837               	movf	(eval_poly@res+3)^(0+128),w
  4424     088A  1283               	bcf	3,5	;RP0=0, select bank0
  4425     088B  1303               	bcf	3,6	;RP1=0, select bank0
  4426     088C  00B1               	movwf	___flmul@b+3
  4427     088D  1683               	bsf	3,5	;RP0=1, select bank1
  4428     088E  1303               	bcf	3,6	;RP1=0, select bank1
  4429     088F  0836               	movf	(eval_poly@res+2)^(0+128),w
  4430     0890  1283               	bcf	3,5	;RP0=0, select bank0
  4431     0891  1303               	bcf	3,6	;RP1=0, select bank0
  4432     0892  00B0               	movwf	___flmul@b+2
  4433     0893  1683               	bsf	3,5	;RP0=1, select bank1
  4434     0894  1303               	bcf	3,6	;RP1=0, select bank1
  4435     0895  0835               	movf	(eval_poly@res+1)^(0+128),w
  4436     0896  1283               	bcf	3,5	;RP0=0, select bank0
  4437     0897  1303               	bcf	3,6	;RP1=0, select bank0
  4438     0898  00AF               	movwf	___flmul@b+1
  4439     0899  1683               	bsf	3,5	;RP0=1, select bank1
  4440     089A  1303               	bcf	3,6	;RP1=0, select bank1
  4441     089B  0834               	movf	eval_poly@res^(0+128),w
  4442     089C  1283               	bcf	3,5	;RP0=0, select bank0
  4443     089D  1303               	bcf	3,6	;RP1=0, select bank0
  4444     089E  00AE               	movwf	___flmul@b
  4445     089F  1683               	bsf	3,5	;RP0=1, select bank1
  4446     08A0  1303               	bcf	3,6	;RP1=0, select bank1
  4447     08A1  082B               	movf	(eval_poly@x+3)^(0+128),w
  4448     08A2  1283               	bcf	3,5	;RP0=0, select bank0
  4449     08A3  1303               	bcf	3,6	;RP1=0, select bank0
  4450     08A4  00B5               	movwf	___flmul@a+3
  4451     08A5  1683               	bsf	3,5	;RP0=1, select bank1
  4452     08A6  1303               	bcf	3,6	;RP1=0, select bank1
  4453     08A7  082A               	movf	(eval_poly@x+2)^(0+128),w
  4454     08A8  1283               	bcf	3,5	;RP0=0, select bank0
  4455     08A9  1303               	bcf	3,6	;RP1=0, select bank0
  4456     08AA  00B4               	movwf	___flmul@a+2
  4457     08AB  1683               	bsf	3,5	;RP0=1, select bank1
  4458     08AC  1303               	bcf	3,6	;RP1=0, select bank1
  4459     08AD  0829               	movf	(eval_poly@x+1)^(0+128),w
  4460     08AE  1283               	bcf	3,5	;RP0=0, select bank0
  4461     08AF  1303               	bcf	3,6	;RP1=0, select bank0
  4462     08B0  00B3               	movwf	___flmul@a+1
  4463     08B1  1683               	bsf	3,5	;RP0=1, select bank1
  4464     08B2  1303               	bcf	3,6	;RP1=0, select bank1
  4465     08B3  0828               	movf	eval_poly@x^(0+128),w
  4466     08B4  1283               	bcf	3,5	;RP0=0, select bank0
  4467     08B5  1303               	bcf	3,6	;RP1=0, select bank0
  4468     08B6  00B2               	movwf	___flmul@a
  4469     08B7  120A  118A  202E  120A  158A  	fcall	___flmul
  4470     08BC  1283               	bcf	3,5	;RP0=0, select bank0
  4471     08BD  1303               	bcf	3,6	;RP1=0, select bank0
  4472     08BE  0831               	movf	?___flmul+3,w
  4473     08BF  00E9               	movwf	___fladd@a+3
  4474     08C0  0830               	movf	?___flmul+2,w
  4475     08C1  00E8               	movwf	___fladd@a+2
  4476     08C2  082F               	movf	?___flmul+1,w
  4477     08C3  00E7               	movwf	___fladd@a+1
  4478     08C4  082E               	movf	?___flmul,w
  4479     08C5  00E6               	movwf	___fladd@a
  4480     08C6  120A  158A  2526  120A  158A  	fcall	___fladd
  4481     08CB  1283               	bcf	3,5	;RP0=0, select bank0
  4482     08CC  1303               	bcf	3,6	;RP1=0, select bank0
  4483     08CD  0865               	movf	?___fladd+3,w
  4484     08CE  1683               	bsf	3,5	;RP0=1, select bank1
  4485     08CF  1303               	bcf	3,6	;RP1=0, select bank1
  4486     08D0  00B7               	movwf	(eval_poly@res+3)^(0+128)
  4487     08D1  1283               	bcf	3,5	;RP0=0, select bank0
  4488     08D2  1303               	bcf	3,6	;RP1=0, select bank0
  4489     08D3  0864               	movf	?___fladd+2,w
  4490     08D4  1683               	bsf	3,5	;RP0=1, select bank1
  4491     08D5  1303               	bcf	3,6	;RP1=0, select bank1
  4492     08D6  00B6               	movwf	(eval_poly@res+2)^(0+128)
  4493     08D7  1283               	bcf	3,5	;RP0=0, select bank0
  4494     08D8  1303               	bcf	3,6	;RP1=0, select bank0
  4495     08D9  0863               	movf	?___fladd+1,w
  4496     08DA  1683               	bsf	3,5	;RP0=1, select bank1
  4497     08DB  1303               	bcf	3,6	;RP1=0, select bank1
  4498     08DC  00B5               	movwf	(eval_poly@res+1)^(0+128)
  4499     08DD  1283               	bcf	3,5	;RP0=0, select bank0
  4500     08DE  1303               	bcf	3,6	;RP1=0, select bank0
  4501     08DF  0862               	movf	?___fladd,w
  4502     08E0  1683               	bsf	3,5	;RP0=1, select bank1
  4503     08E1  1303               	bcf	3,6	;RP1=0, select bank1
  4504     08E2  00B4               	movwf	eval_poly@res^(0+128)
  4505     08E3                     l3358:
  4506     08E3  082D               	movf	eval_poly@n^(0+128),w
  4507     08E4  042E               	iorwf	(eval_poly@n+1)^(0+128),w
  4508     08E5  1D03               	btfss	3,2
  4509     08E6  28E8               	goto	u5141
  4510     08E7  28E9               	goto	u5140
  4511     08E8                     u5141:
  4512     08E8  2847               	goto	l3356
  4513     08E9                     u5140:
  4514     08E9                     l3360:
  4515     08E9  0837               	movf	(eval_poly@res+3)^(0+128),w
  4516     08EA  00AB               	movwf	(?_eval_poly+3)^(0+128)
  4517     08EB  0836               	movf	(eval_poly@res+2)^(0+128),w
  4518     08EC  00AA               	movwf	(?_eval_poly+2)^(0+128)
  4519     08ED  0835               	movf	(eval_poly@res+1)^(0+128),w
  4520     08EE  00A9               	movwf	(?_eval_poly+1)^(0+128)
  4521     08EF  0834               	movf	eval_poly@res^(0+128),w
  4522     08F0  00A8               	movwf	?_eval_poly^(0+128)
  4523     08F1                     l741:
  4524     08F1  0008               	return
  4525     08F2                     __end_of_eval_poly:
  4526                           
  4527                           	psect	text12
  4528     002E                     __ptext12:	
  4529 ;; *************** function ___flmul *****************
  4530 ;; Defined at:
  4531 ;;		line 8 in file "D:\Software\MPLAB_XC8\pic\sources\c90\common\sprcmul.c"
  4532 ;; Parameters:    Size  Location     Type
  4533 ;;  b               4   14[BANK0 ] int 
  4534 ;;  a               4   18[BANK0 ] int 
  4535 ;; Auto vars:     Size  Location     Type
  4536 ;;  prod            4   34[BANK0 ] struct .
  4537 ;;  grs             4   29[BANK0 ] unsigned long 
  4538 ;;  temp            2   38[BANK0 ] struct .
  4539 ;;  bexp            1   33[BANK0 ] unsigned char 
  4540 ;;  aexp            1   28[BANK0 ] unsigned char 
  4541 ;;  sign            1   27[BANK0 ] unsigned char 
  4542 ;; Return value:  Size  Location     Type
  4543 ;;                  4   14[BANK0 ] unsigned char 
  4544 ;; Registers used:
  4545 ;;		wreg, status,2, status,0, btemp+1, pclath, cstack
  4546 ;; Tracked objects:
  4547 ;;		On entry : 0/0
  4548 ;;		On exit  : 0/0
  4549 ;;		Unchanged: 0/0
  4550 ;; Data sizes:     COMMON   BANK0   BANK1   BANK3   BANK2
  4551 ;;      Params:         0       8       0       0       0
  4552 ;;      Locals:         0      13       0       0       0
  4553 ;;      Temps:          0       5       0       0       0
  4554 ;;      Totals:         0      26       0       0       0
  4555 ;;Total ram usage:       26 bytes
  4556 ;; Hardware stack levels used: 1
  4557 ;; Hardware stack levels required when called: 2
  4558 ;; This function calls:
  4559 ;;		__Umul8_16
  4560 ;; This function is called by:
  4561 ;;		_sinu
  4562 ;;		_sin
  4563 ;;		_eval_poly
  4564 ;; This function uses a non-reentrant model
  4565 ;;
  4566                           
  4567     002E                     ___flmul:	
  4568                           ;psect for function ___flmul
  4569                           
  4570     002E                     l3094:	
  4571                           ;incstack = 0
  4572                           ; Regs used in ___flmul: [wreg+status,2+status,0+btemp+1+pclath+cstack]
  4573                           
  4574     002E  1283               	bcf	3,5	;RP0=0, select bank0
  4575     002F  1303               	bcf	3,6	;RP1=0, select bank0
  4576     0030  0831               	movf	___flmul@b+3,w
  4577     0031  3980               	andlw	128
  4578     0032  00BB               	movwf	___flmul@sign
  4579     0033                     l3096:
  4580     0033  0831               	movf	___flmul@b+3,w
  4581     0034  00B6               	movwf	??___flmul
  4582     0035  0736               	addwf	??___flmul,w
  4583     0036  00C1               	movwf	___flmul@bexp
  4584     0037                     l3098:
  4585     0037  1FB0               	btfss	___flmul@b+2,7
  4586     0038  283A               	goto	u4521
  4587     0039  283B               	goto	u4520
  4588     003A                     u4521:
  4589     003A  283C               	goto	l3102
  4590     003B                     u4520:
  4591     003B                     l3100:
  4592     003B  1441               	bsf	___flmul@bexp,0
  4593     003C                     l3102:
  4594     003C  0841               	movf	___flmul@bexp,w
  4595     003D  1903               	btfsc	3,2
  4596     003E  2840               	goto	u4531
  4597     003F  2841               	goto	u4530
  4598     0040                     u4531:
  4599     0040  2850               	goto	l3110
  4600     0041                     u4530:
  4601     0041                     l3104:
  4602     0041  0A41               	incf	___flmul@bexp,w
  4603     0042  1D03               	btfss	3,2
  4604     0043  2845               	goto	u4541
  4605     0044  2846               	goto	u4540
  4606     0045                     u4541:
  4607     0045  284E               	goto	l3108
  4608     0046                     u4540:
  4609     0046                     l3106:
  4610     0046  3000               	movlw	0
  4611     0047  00B1               	movwf	___flmul@b+3
  4612     0048  3000               	movlw	0
  4613     0049  00B0               	movwf	___flmul@b+2
  4614     004A  3000               	movlw	0
  4615     004B  00AF               	movwf	___flmul@b+1
  4616     004C  3000               	movlw	0
  4617     004D  00AE               	movwf	___flmul@b
  4618     004E                     l3108:
  4619     004E  17B0               	bsf	___flmul@b+2,7
  4620     004F  2858               	goto	l3112
  4621     0050                     l3110:
  4622     0050  3000               	movlw	0
  4623     0051  00B1               	movwf	___flmul@b+3
  4624     0052  3000               	movlw	0
  4625     0053  00B0               	movwf	___flmul@b+2
  4626     0054  3000               	movlw	0
  4627     0055  00AF               	movwf	___flmul@b+1
  4628     0056  3000               	movlw	0
  4629     0057  00AE               	movwf	___flmul@b
  4630     0058                     l3112:
  4631     0058  0835               	movf	___flmul@a+3,w
  4632     0059  3980               	andlw	128
  4633     005A  00FF               	movwf	btemp+1
  4634     005B  087F               	movf	btemp+1,w
  4635     005C  06BB               	xorwf	___flmul@sign,f
  4636     005D                     l3114:
  4637     005D  0835               	movf	___flmul@a+3,w
  4638     005E  00B6               	movwf	??___flmul
  4639     005F  0736               	addwf	??___flmul,w
  4640     0060  00BC               	movwf	___flmul@aexp
  4641     0061                     l3116:
  4642     0061  1FB4               	btfss	___flmul@a+2,7
  4643     0062  2864               	goto	u4551
  4644     0063  2865               	goto	u4550
  4645     0064                     u4551:
  4646     0064  2866               	goto	l3120
  4647     0065                     u4550:
  4648     0065                     l3118:
  4649     0065  143C               	bsf	___flmul@aexp,0
  4650     0066                     l3120:
  4651     0066  083C               	movf	___flmul@aexp,w
  4652     0067  1903               	btfsc	3,2
  4653     0068  286A               	goto	u4561
  4654     0069  286B               	goto	u4560
  4655     006A                     u4561:
  4656     006A  287A               	goto	l3128
  4657     006B                     u4560:
  4658     006B                     l3122:
  4659     006B  0A3C               	incf	___flmul@aexp,w
  4660     006C  1D03               	btfss	3,2
  4661     006D  286F               	goto	u4571
  4662     006E  2870               	goto	u4570
  4663     006F                     u4571:
  4664     006F  2878               	goto	l3126
  4665     0070                     u4570:
  4666     0070                     l3124:
  4667     0070  3000               	movlw	0
  4668     0071  00B5               	movwf	___flmul@a+3
  4669     0072  3000               	movlw	0
  4670     0073  00B4               	movwf	___flmul@a+2
  4671     0074  3000               	movlw	0
  4672     0075  00B3               	movwf	___flmul@a+1
  4673     0076  3000               	movlw	0
  4674     0077  00B2               	movwf	___flmul@a
  4675     0078                     l3126:
  4676     0078  17B4               	bsf	___flmul@a+2,7
  4677     0079  2882               	goto	l3130
  4678     007A                     l3128:
  4679     007A  3000               	movlw	0
  4680     007B  00B5               	movwf	___flmul@a+3
  4681     007C  3000               	movlw	0
  4682     007D  00B4               	movwf	___flmul@a+2
  4683     007E  3000               	movlw	0
  4684     007F  00B3               	movwf	___flmul@a+1
  4685     0080  3000               	movlw	0
  4686     0081  00B2               	movwf	___flmul@a
  4687     0082                     l3130:
  4688     0082  083C               	movf	___flmul@aexp,w
  4689     0083  1903               	btfsc	3,2
  4690     0084  2886               	goto	u4581
  4691     0085  2887               	goto	u4580
  4692     0086                     u4581:
  4693     0086  288C               	goto	l3134
  4694     0087                     u4580:
  4695     0087                     l3132:
  4696     0087  0841               	movf	___flmul@bexp,w
  4697     0088  1D03               	btfss	3,2
  4698     0089  288B               	goto	u4591
  4699     008A  288C               	goto	u4590
  4700     008B                     u4591:
  4701     008B  2895               	goto	l3138
  4702     008C                     u4590:
  4703     008C                     l3134:
  4704     008C  3000               	movlw	0
  4705     008D  00B1               	movwf	?___flmul+3
  4706     008E  3000               	movlw	0
  4707     008F  00B0               	movwf	?___flmul+2
  4708     0090  3000               	movlw	0
  4709     0091  00AF               	movwf	?___flmul+1
  4710     0092  3000               	movlw	0
  4711     0093  00AE               	movwf	?___flmul
  4712     0094  2B72               	goto	l661
  4713     0095                     l3138:
  4714     0095  082E               	movf	___flmul@b,w
  4715     0096  00F4               	movwf	__Umul8_16@multiplicand
  4716     0097  0834               	movf	___flmul@a+2,w
  4717     0098  160A  118A  239C  120A  118A  	fcall	__Umul8_16
  4718     009D  0875               	movf	?__Umul8_16+1,w
  4719     009E  1283               	bcf	3,5	;RP0=0, select bank0
  4720     009F  1303               	bcf	3,6	;RP1=0, select bank0
  4721     00A0  00C7               	movwf	___flmul@temp+1
  4722     00A1  0874               	movf	?__Umul8_16,w
  4723     00A2  00C6               	movwf	___flmul@temp
  4724     00A3                     l3140:
  4725     00A3  0846               	movf	___flmul@temp,w
  4726     00A4  00B6               	movwf	??___flmul
  4727     00A5  01B7               	clrf	??___flmul+1
  4728     00A6  01B8               	clrf	??___flmul+2
  4729     00A7  01B9               	clrf	??___flmul+3
  4730     00A8  0839               	movf	??___flmul+3,w
  4731     00A9  00C0               	movwf	___flmul@grs+3
  4732     00AA  0838               	movf	??___flmul+2,w
  4733     00AB  00BF               	movwf	___flmul@grs+2
  4734     00AC  0837               	movf	??___flmul+1,w
  4735     00AD  00BE               	movwf	___flmul@grs+1
  4736     00AE  0836               	movf	??___flmul,w
  4737     00AF  00BD               	movwf	___flmul@grs
  4738     00B0                     l3142:
  4739     00B0  0847               	movf	___flmul@temp+1,w
  4740     00B1  00B6               	movwf	??___flmul
  4741     00B2  01B7               	clrf	??___flmul+1
  4742     00B3  01B8               	clrf	??___flmul+2
  4743     00B4  01B9               	clrf	??___flmul+3
  4744     00B5  0839               	movf	??___flmul+3,w
  4745     00B6  00C5               	movwf	___flmul@prod+3
  4746     00B7  0838               	movf	??___flmul+2,w
  4747     00B8  00C4               	movwf	___flmul@prod+2
  4748     00B9  0837               	movf	??___flmul+1,w
  4749     00BA  00C3               	movwf	___flmul@prod+1
  4750     00BB  0836               	movf	??___flmul,w
  4751     00BC  00C2               	movwf	___flmul@prod
  4752     00BD  082F               	movf	___flmul@b+1,w
  4753     00BE  00F4               	movwf	__Umul8_16@multiplicand
  4754     00BF  0833               	movf	___flmul@a+1,w
  4755     00C0  160A  118A  239C  120A  118A  	fcall	__Umul8_16
  4756     00C5  0875               	movf	?__Umul8_16+1,w
  4757     00C6  1283               	bcf	3,5	;RP0=0, select bank0
  4758     00C7  1303               	bcf	3,6	;RP1=0, select bank0
  4759     00C8  00C7               	movwf	___flmul@temp+1
  4760     00C9  0874               	movf	?__Umul8_16,w
  4761     00CA  00C6               	movwf	___flmul@temp
  4762     00CB                     l3144:
  4763     00CB  0846               	movf	___flmul@temp,w
  4764     00CC  00B6               	movwf	??___flmul
  4765     00CD  01B7               	clrf	??___flmul+1
  4766     00CE  01B8               	clrf	??___flmul+2
  4767     00CF  01B9               	clrf	??___flmul+3
  4768     00D0  0836               	movf	??___flmul,w
  4769     00D1  07BD               	addwf	___flmul@grs,f
  4770     00D2  0837               	movf	??___flmul+1,w
  4771     00D3  1103               	clrz
  4772     00D4  1803               	skipnc
  4773     00D5  3E01               	addlw	1
  4774     00D6  1903               	skipnz
  4775     00D7  28D9               	goto	u4601
  4776     00D8  07BE               	addwf	___flmul@grs+1,f
  4777     00D9                     u4601:
  4778     00D9  0838               	movf	??___flmul+2,w
  4779     00DA  1103               	clrz
  4780     00DB  1803               	skipnc
  4781     00DC  3E01               	addlw	1
  4782     00DD  1903               	skipnz
  4783     00DE  28E0               	goto	u4602
  4784     00DF  07BF               	addwf	___flmul@grs+2,f
  4785     00E0                     u4602:
  4786     00E0  0839               	movf	??___flmul+3,w
  4787     00E1  1103               	clrz
  4788     00E2  1803               	skipnc
  4789     00E3  3E01               	addlw	1
  4790     00E4  1903               	skipnz
  4791     00E5  28E7               	goto	u4603
  4792     00E6  07C0               	addwf	___flmul@grs+3,f
  4793     00E7                     u4603:
  4794     00E7                     l3146:
  4795     00E7  0847               	movf	___flmul@temp+1,w
  4796     00E8  00B6               	movwf	??___flmul
  4797     00E9  01B7               	clrf	??___flmul+1
  4798     00EA  01B8               	clrf	??___flmul+2
  4799     00EB  01B9               	clrf	??___flmul+3
  4800     00EC  0836               	movf	??___flmul,w
  4801     00ED  07C2               	addwf	___flmul@prod,f
  4802     00EE  0837               	movf	??___flmul+1,w
  4803     00EF  1103               	clrz
  4804     00F0  1803               	skipnc
  4805     00F1  3E01               	addlw	1
  4806     00F2  1903               	skipnz
  4807     00F3  28F5               	goto	u4611
  4808     00F4  07C3               	addwf	___flmul@prod+1,f
  4809     00F5                     u4611:
  4810     00F5  0838               	movf	??___flmul+2,w
  4811     00F6  1103               	clrz
  4812     00F7  1803               	skipnc
  4813     00F8  3E01               	addlw	1
  4814     00F9  1903               	skipnz
  4815     00FA  28FC               	goto	u4612
  4816     00FB  07C4               	addwf	___flmul@prod+2,f
  4817     00FC                     u4612:
  4818     00FC  0839               	movf	??___flmul+3,w
  4819     00FD  1103               	clrz
  4820     00FE  1803               	skipnc
  4821     00FF  3E01               	addlw	1
  4822     0100  1903               	skipnz
  4823     0101  2903               	goto	u4613
  4824     0102  07C5               	addwf	___flmul@prod+3,f
  4825     0103                     u4613:
  4826     0103  0830               	movf	___flmul@b+2,w
  4827     0104  00F4               	movwf	__Umul8_16@multiplicand
  4828     0105  0832               	movf	___flmul@a,w
  4829     0106  160A  118A  239C  120A  118A  	fcall	__Umul8_16
  4830     010B  0875               	movf	?__Umul8_16+1,w
  4831     010C  1283               	bcf	3,5	;RP0=0, select bank0
  4832     010D  1303               	bcf	3,6	;RP1=0, select bank0
  4833     010E  00C7               	movwf	___flmul@temp+1
  4834     010F  0874               	movf	?__Umul8_16,w
  4835     0110  00C6               	movwf	___flmul@temp
  4836     0111                     l3148:
  4837     0111  0846               	movf	___flmul@temp,w
  4838     0112  00B6               	movwf	??___flmul
  4839     0113  01B7               	clrf	??___flmul+1
  4840     0114  01B8               	clrf	??___flmul+2
  4841     0115  01B9               	clrf	??___flmul+3
  4842     0116  0836               	movf	??___flmul,w
  4843     0117  07BD               	addwf	___flmul@grs,f
  4844     0118  0837               	movf	??___flmul+1,w
  4845     0119  1103               	clrz
  4846     011A  1803               	skipnc
  4847     011B  3E01               	addlw	1
  4848     011C  1903               	skipnz
  4849     011D  291F               	goto	u4621
  4850     011E  07BE               	addwf	___flmul@grs+1,f
  4851     011F                     u4621:
  4852     011F  0838               	movf	??___flmul+2,w
  4853     0120  1103               	clrz
  4854     0121  1803               	skipnc
  4855     0122  3E01               	addlw	1
  4856     0123  1903               	skipnz
  4857     0124  2926               	goto	u4622
  4858     0125  07BF               	addwf	___flmul@grs+2,f
  4859     0126                     u4622:
  4860     0126  0839               	movf	??___flmul+3,w
  4861     0127  1103               	clrz
  4862     0128  1803               	skipnc
  4863     0129  3E01               	addlw	1
  4864     012A  1903               	skipnz
  4865     012B  292D               	goto	u4623
  4866     012C  07C0               	addwf	___flmul@grs+3,f
  4867     012D                     u4623:
  4868     012D                     l3150:
  4869     012D  0847               	movf	___flmul@temp+1,w
  4870     012E  00B6               	movwf	??___flmul
  4871     012F  01B7               	clrf	??___flmul+1
  4872     0130  01B8               	clrf	??___flmul+2
  4873     0131  01B9               	clrf	??___flmul+3
  4874     0132  0836               	movf	??___flmul,w
  4875     0133  07C2               	addwf	___flmul@prod,f
  4876     0134  0837               	movf	??___flmul+1,w
  4877     0135  1103               	clrz
  4878     0136  1803               	skipnc
  4879     0137  3E01               	addlw	1
  4880     0138  1903               	skipnz
  4881     0139  293B               	goto	u4631
  4882     013A  07C3               	addwf	___flmul@prod+1,f
  4883     013B                     u4631:
  4884     013B  0838               	movf	??___flmul+2,w
  4885     013C  1103               	clrz
  4886     013D  1803               	skipnc
  4887     013E  3E01               	addlw	1
  4888     013F  1903               	skipnz
  4889     0140  2942               	goto	u4632
  4890     0141  07C4               	addwf	___flmul@prod+2,f
  4891     0142                     u4632:
  4892     0142  0839               	movf	??___flmul+3,w
  4893     0143  1103               	clrz
  4894     0144  1803               	skipnc
  4895     0145  3E01               	addlw	1
  4896     0146  1903               	skipnz
  4897     0147  2949               	goto	u4633
  4898     0148  07C5               	addwf	___flmul@prod+3,f
  4899     0149                     u4633:
  4900     0149                     l3152:
  4901     0149  3008               	movlw	8
  4902     014A  00B6               	movwf	??___flmul
  4903     014B                     u4645:
  4904     014B  1003               	clrc
  4905     014C  0DBD               	rlf	___flmul@grs,f
  4906     014D  0DBE               	rlf	___flmul@grs+1,f
  4907     014E  0DBF               	rlf	___flmul@grs+2,f
  4908     014F  0DC0               	rlf	___flmul@grs+3,f
  4909     0150  0BB6               	decfsz	??___flmul,f
  4910     0151  294B               	goto	u4645
  4911     0152                     l3154:
  4912     0152  082F               	movf	___flmul@b+1,w
  4913     0153  00F4               	movwf	__Umul8_16@multiplicand
  4914     0154  0832               	movf	___flmul@a,w
  4915     0155  160A  118A  239C  120A  118A  	fcall	__Umul8_16
  4916     015A  0875               	movf	?__Umul8_16+1,w
  4917     015B  1283               	bcf	3,5	;RP0=0, select bank0
  4918     015C  1303               	bcf	3,6	;RP1=0, select bank0
  4919     015D  00C7               	movwf	___flmul@temp+1
  4920     015E  0874               	movf	?__Umul8_16,w
  4921     015F  00C6               	movwf	___flmul@temp
  4922     0160                     l3156:
  4923     0160  0846               	movf	___flmul@temp,w
  4924     0161  00B6               	movwf	??___flmul
  4925     0162  0847               	movf	___flmul@temp+1,w
  4926     0163  00B7               	movwf	??___flmul+1
  4927     0164  01B8               	clrf	??___flmul+2
  4928     0165  01B9               	clrf	??___flmul+3
  4929     0166  0836               	movf	??___flmul,w
  4930     0167  07BD               	addwf	___flmul@grs,f
  4931     0168  0837               	movf	??___flmul+1,w
  4932     0169  1103               	clrz
  4933     016A  1803               	skipnc
  4934     016B  3E01               	addlw	1
  4935     016C  1903               	skipnz
  4936     016D  296F               	goto	u4651
  4937     016E  07BE               	addwf	___flmul@grs+1,f
  4938     016F                     u4651:
  4939     016F  0838               	movf	??___flmul+2,w
  4940     0170  1103               	clrz
  4941     0171  1803               	skipnc
  4942     0172  3E01               	addlw	1
  4943     0173  1903               	skipnz
  4944     0174  2976               	goto	u4652
  4945     0175  07BF               	addwf	___flmul@grs+2,f
  4946     0176                     u4652:
  4947     0176  0839               	movf	??___flmul+3,w
  4948     0177  1103               	clrz
  4949     0178  1803               	skipnc
  4950     0179  3E01               	addlw	1
  4951     017A  1903               	skipnz
  4952     017B  297D               	goto	u4653
  4953     017C  07C0               	addwf	___flmul@grs+3,f
  4954     017D                     u4653:
  4955     017D                     l3158:
  4956     017D  082E               	movf	___flmul@b,w
  4957     017E  00F4               	movwf	__Umul8_16@multiplicand
  4958     017F  0833               	movf	___flmul@a+1,w
  4959     0180  160A  118A  239C  120A  118A  	fcall	__Umul8_16
  4960     0185  0875               	movf	?__Umul8_16+1,w
  4961     0186  1283               	bcf	3,5	;RP0=0, select bank0
  4962     0187  1303               	bcf	3,6	;RP1=0, select bank0
  4963     0188  00C7               	movwf	___flmul@temp+1
  4964     0189  0874               	movf	?__Umul8_16,w
  4965     018A  00C6               	movwf	___flmul@temp
  4966     018B                     l3160:
  4967     018B  0846               	movf	___flmul@temp,w
  4968     018C  00B6               	movwf	??___flmul
  4969     018D  0847               	movf	___flmul@temp+1,w
  4970     018E  00B7               	movwf	??___flmul+1
  4971     018F  01B8               	clrf	??___flmul+2
  4972     0190  01B9               	clrf	??___flmul+3
  4973     0191  0836               	movf	??___flmul,w
  4974     0192  07BD               	addwf	___flmul@grs,f
  4975     0193  0837               	movf	??___flmul+1,w
  4976     0194  1103               	clrz
  4977     0195  1803               	skipnc
  4978     0196  3E01               	addlw	1
  4979     0197  1903               	skipnz
  4980     0198  299A               	goto	u4661
  4981     0199  07BE               	addwf	___flmul@grs+1,f
  4982     019A                     u4661:
  4983     019A  0838               	movf	??___flmul+2,w
  4984     019B  1103               	clrz
  4985     019C  1803               	skipnc
  4986     019D  3E01               	addlw	1
  4987     019E  1903               	skipnz
  4988     019F  29A1               	goto	u4662
  4989     01A0  07BF               	addwf	___flmul@grs+2,f
  4990     01A1                     u4662:
  4991     01A1  0839               	movf	??___flmul+3,w
  4992     01A2  1103               	clrz
  4993     01A3  1803               	skipnc
  4994     01A4  3E01               	addlw	1
  4995     01A5  1903               	skipnz
  4996     01A6  29A8               	goto	u4663
  4997     01A7  07C0               	addwf	___flmul@grs+3,f
  4998     01A8                     u4663:
  4999     01A8                     l3162:
  5000     01A8  3008               	movlw	8
  5001     01A9  00B6               	movwf	??___flmul
  5002     01AA                     u4675:
  5003     01AA  1003               	clrc
  5004     01AB  0DBD               	rlf	___flmul@grs,f
  5005     01AC  0DBE               	rlf	___flmul@grs+1,f
  5006     01AD  0DBF               	rlf	___flmul@grs+2,f
  5007     01AE  0DC0               	rlf	___flmul@grs+3,f
  5008     01AF  0BB6               	decfsz	??___flmul,f
  5009     01B0  29AA               	goto	u4675
  5010     01B1  082E               	movf	___flmul@b,w
  5011     01B2  00F4               	movwf	__Umul8_16@multiplicand
  5012     01B3  0832               	movf	___flmul@a,w
  5013     01B4  160A  118A  239C  120A  118A  	fcall	__Umul8_16
  5014     01B9  0875               	movf	?__Umul8_16+1,w
  5015     01BA  1283               	bcf	3,5	;RP0=0, select bank0
  5016     01BB  1303               	bcf	3,6	;RP1=0, select bank0
  5017     01BC  00C7               	movwf	___flmul@temp+1
  5018     01BD  0874               	movf	?__Umul8_16,w
  5019     01BE  00C6               	movwf	___flmul@temp
  5020     01BF                     l3164:
  5021     01BF  0846               	movf	___flmul@temp,w
  5022     01C0  00B6               	movwf	??___flmul
  5023     01C1  0847               	movf	___flmul@temp+1,w
  5024     01C2  00B7               	movwf	??___flmul+1
  5025     01C3  01B8               	clrf	??___flmul+2
  5026     01C4  01B9               	clrf	??___flmul+3
  5027     01C5  0836               	movf	??___flmul,w
  5028     01C6  07BD               	addwf	___flmul@grs,f
  5029     01C7  0837               	movf	??___flmul+1,w
  5030     01C8  1103               	clrz
  5031     01C9  1803               	skipnc
  5032     01CA  3E01               	addlw	1
  5033     01CB  1903               	skipnz
  5034     01CC  29CE               	goto	u4681
  5035     01CD  07BE               	addwf	___flmul@grs+1,f
  5036     01CE                     u4681:
  5037     01CE  0838               	movf	??___flmul+2,w
  5038     01CF  1103               	clrz
  5039     01D0  1803               	skipnc
  5040     01D1  3E01               	addlw	1
  5041     01D2  1903               	skipnz
  5042     01D3  29D5               	goto	u4682
  5043     01D4  07BF               	addwf	___flmul@grs+2,f
  5044     01D5                     u4682:
  5045     01D5  0839               	movf	??___flmul+3,w
  5046     01D6  1103               	clrz
  5047     01D7  1803               	skipnc
  5048     01D8  3E01               	addlw	1
  5049     01D9  1903               	skipnz
  5050     01DA  29DC               	goto	u4683
  5051     01DB  07C0               	addwf	___flmul@grs+3,f
  5052     01DC                     u4683:
  5053     01DC                     l3166:
  5054     01DC  082F               	movf	___flmul@b+1,w
  5055     01DD  00F4               	movwf	__Umul8_16@multiplicand
  5056     01DE  0834               	movf	___flmul@a+2,w
  5057     01DF  160A  118A  239C  120A  118A  	fcall	__Umul8_16
  5058     01E4  0875               	movf	?__Umul8_16+1,w
  5059     01E5  1283               	bcf	3,5	;RP0=0, select bank0
  5060     01E6  1303               	bcf	3,6	;RP1=0, select bank0
  5061     01E7  00C7               	movwf	___flmul@temp+1
  5062     01E8  0874               	movf	?__Umul8_16,w
  5063     01E9  00C6               	movwf	___flmul@temp
  5064     01EA  0846               	movf	___flmul@temp,w
  5065     01EB  00B6               	movwf	??___flmul
  5066     01EC  0847               	movf	___flmul@temp+1,w
  5067     01ED  00B7               	movwf	??___flmul+1
  5068     01EE  01B8               	clrf	??___flmul+2
  5069     01EF  01B9               	clrf	??___flmul+3
  5070     01F0  0836               	movf	??___flmul,w
  5071     01F1  07C2               	addwf	___flmul@prod,f
  5072     01F2  0837               	movf	??___flmul+1,w
  5073     01F3  1103               	clrz
  5074     01F4  1803               	skipnc
  5075     01F5  3E01               	addlw	1
  5076     01F6  1903               	skipnz
  5077     01F7  29F9               	goto	u4691
  5078     01F8  07C3               	addwf	___flmul@prod+1,f
  5079     01F9                     u4691:
  5080     01F9  0838               	movf	??___flmul+2,w
  5081     01FA  1103               	clrz
  5082     01FB  1803               	skipnc
  5083     01FC  3E01               	addlw	1
  5084     01FD  1903               	skipnz
  5085     01FE  2A00               	goto	u4692
  5086     01FF  07C4               	addwf	___flmul@prod+2,f
  5087     0200                     u4692:
  5088     0200  0839               	movf	??___flmul+3,w
  5089     0201  1103               	clrz
  5090     0202  1803               	skipnc
  5091     0203  3E01               	addlw	1
  5092     0204  1903               	skipnz
  5093     0205  2A07               	goto	u4693
  5094     0206  07C5               	addwf	___flmul@prod+3,f
  5095     0207                     u4693:
  5096     0207                     l3168:
  5097     0207  0830               	movf	___flmul@b+2,w
  5098     0208  00F4               	movwf	__Umul8_16@multiplicand
  5099     0209  0833               	movf	___flmul@a+1,w
  5100     020A  160A  118A  239C  120A  118A  	fcall	__Umul8_16
  5101     020F  0875               	movf	?__Umul8_16+1,w
  5102     0210  1283               	bcf	3,5	;RP0=0, select bank0
  5103     0211  1303               	bcf	3,6	;RP1=0, select bank0
  5104     0212  00C7               	movwf	___flmul@temp+1
  5105     0213  0874               	movf	?__Umul8_16,w
  5106     0214  00C6               	movwf	___flmul@temp
  5107     0215                     l3170:
  5108     0215  0846               	movf	___flmul@temp,w
  5109     0216  00B6               	movwf	??___flmul
  5110     0217  0847               	movf	___flmul@temp+1,w
  5111     0218  00B7               	movwf	??___flmul+1
  5112     0219  01B8               	clrf	??___flmul+2
  5113     021A  01B9               	clrf	??___flmul+3
  5114     021B  0836               	movf	??___flmul,w
  5115     021C  07C2               	addwf	___flmul@prod,f
  5116     021D  0837               	movf	??___flmul+1,w
  5117     021E  1103               	clrz
  5118     021F  1803               	skipnc
  5119     0220  3E01               	addlw	1
  5120     0221  1903               	skipnz
  5121     0222  2A24               	goto	u4701
  5122     0223  07C3               	addwf	___flmul@prod+1,f
  5123     0224                     u4701:
  5124     0224  0838               	movf	??___flmul+2,w
  5125     0225  1103               	clrz
  5126     0226  1803               	skipnc
  5127     0227  3E01               	addlw	1
  5128     0228  1903               	skipnz
  5129     0229  2A2B               	goto	u4702
  5130     022A  07C4               	addwf	___flmul@prod+2,f
  5131     022B                     u4702:
  5132     022B  0839               	movf	??___flmul+3,w
  5133     022C  1103               	clrz
  5134     022D  1803               	skipnc
  5135     022E  3E01               	addlw	1
  5136     022F  1903               	skipnz
  5137     0230  2A32               	goto	u4703
  5138     0231  07C5               	addwf	___flmul@prod+3,f
  5139     0232                     u4703:
  5140     0232  0830               	movf	___flmul@b+2,w
  5141     0233  00F4               	movwf	__Umul8_16@multiplicand
  5142     0234  0834               	movf	___flmul@a+2,w
  5143     0235  160A  118A  239C  120A  118A  	fcall	__Umul8_16
  5144     023A  0875               	movf	?__Umul8_16+1,w
  5145     023B  1283               	bcf	3,5	;RP0=0, select bank0
  5146     023C  1303               	bcf	3,6	;RP1=0, select bank0
  5147     023D  00C7               	movwf	___flmul@temp+1
  5148     023E  0874               	movf	?__Umul8_16,w
  5149     023F  00C6               	movwf	___flmul@temp
  5150     0240                     l3172:
  5151     0240  0846               	movf	___flmul@temp,w
  5152     0241  00B6               	movwf	??___flmul
  5153     0242  0847               	movf	___flmul@temp+1,w
  5154     0243  00B7               	movwf	??___flmul+1
  5155     0244  01B8               	clrf	??___flmul+2
  5156     0245  01B9               	clrf	??___flmul+3
  5157     0246  3008               	movlw	8
  5158     0247                     u4715:
  5159     0247  1003               	clrc
  5160     0248  0DB6               	rlf	??___flmul,f
  5161     0249  0DB7               	rlf	??___flmul+1,f
  5162     024A  0DB8               	rlf	??___flmul+2,f
  5163     024B  0DB9               	rlf	??___flmul+3,f
  5164     024C                     u4710:
  5165     024C  3EFF               	addlw	-1
  5166     024D  1D03               	skipz
  5167     024E  2A47               	goto	u4715
  5168     024F  0836               	movf	??___flmul,w
  5169     0250  07C2               	addwf	___flmul@prod,f
  5170     0251  0837               	movf	??___flmul+1,w
  5171     0252  1103               	clrz
  5172     0253  1803               	skipnc
  5173     0254  3E01               	addlw	1
  5174     0255  1903               	skipnz
  5175     0256  2A58               	goto	u4721
  5176     0257  07C3               	addwf	___flmul@prod+1,f
  5177     0258                     u4721:
  5178     0258  0838               	movf	??___flmul+2,w
  5179     0259  1103               	clrz
  5180     025A  1803               	skipnc
  5181     025B  3E01               	addlw	1
  5182     025C  1903               	skipnz
  5183     025D  2A5F               	goto	u4722
  5184     025E  07C4               	addwf	___flmul@prod+2,f
  5185     025F                     u4722:
  5186     025F  0839               	movf	??___flmul+3,w
  5187     0260  1103               	clrz
  5188     0261  1803               	skipnc
  5189     0262  3E01               	addlw	1
  5190     0263  1903               	skipnz
  5191     0264  2A66               	goto	u4723
  5192     0265  07C5               	addwf	___flmul@prod+3,f
  5193     0266                     u4723:
  5194     0266                     l3174:
  5195     0266  083D               	movf	___flmul@grs,w
  5196     0267  00B6               	movwf	??___flmul
  5197     0268  083E               	movf	___flmul@grs+1,w
  5198     0269  00B7               	movwf	??___flmul+1
  5199     026A  083F               	movf	___flmul@grs+2,w
  5200     026B  00B8               	movwf	??___flmul+2
  5201     026C  0840               	movf	___flmul@grs+3,w
  5202     026D  00B9               	movwf	??___flmul+3
  5203     026E  3018               	movlw	24
  5204     026F                     u4735:
  5205     026F  1003               	clrc
  5206     0270  0CB9               	rrf	??___flmul+3,f
  5207     0271  0CB8               	rrf	??___flmul+2,f
  5208     0272  0CB7               	rrf	??___flmul+1,f
  5209     0273  0CB6               	rrf	??___flmul,f
  5210     0274                     u4730:
  5211     0274  3EFF               	addlw	-1
  5212     0275  1D03               	skipz
  5213     0276  2A6F               	goto	u4735
  5214     0277  0836               	movf	??___flmul,w
  5215     0278  07C2               	addwf	___flmul@prod,f
  5216     0279  0837               	movf	??___flmul+1,w
  5217     027A  1103               	clrz
  5218     027B  1803               	skipnc
  5219     027C  3E01               	addlw	1
  5220     027D  1903               	skipnz
  5221     027E  2A80               	goto	u4741
  5222     027F  07C3               	addwf	___flmul@prod+1,f
  5223     0280                     u4741:
  5224     0280  0838               	movf	??___flmul+2,w
  5225     0281  1103               	clrz
  5226     0282  1803               	skipnc
  5227     0283  3E01               	addlw	1
  5228     0284  1903               	skipnz
  5229     0285  2A87               	goto	u4742
  5230     0286  07C4               	addwf	___flmul@prod+2,f
  5231     0287                     u4742:
  5232     0287  0839               	movf	??___flmul+3,w
  5233     0288  1103               	clrz
  5234     0289  1803               	skipnc
  5235     028A  3E01               	addlw	1
  5236     028B  1903               	skipnz
  5237     028C  2A8E               	goto	u4743
  5238     028D  07C5               	addwf	___flmul@prod+3,f
  5239     028E                     u4743:
  5240     028E                     l3176:
  5241     028E  3008               	movlw	8
  5242     028F  00B6               	movwf	??___flmul
  5243     0290                     u4755:
  5244     0290  1003               	clrc
  5245     0291  0DBD               	rlf	___flmul@grs,f
  5246     0292  0DBE               	rlf	___flmul@grs+1,f
  5247     0293  0DBF               	rlf	___flmul@grs+2,f
  5248     0294  0DC0               	rlf	___flmul@grs+3,f
  5249     0295  0BB6               	decfsz	??___flmul,f
  5250     0296  2A90               	goto	u4755
  5251     0297                     l3178:
  5252     0297  0841               	movf	___flmul@bexp,w
  5253     0298  073C               	addwf	___flmul@aexp,w
  5254     0299  00B6               	movwf	??___flmul
  5255     029A  01B7               	clrf	??___flmul+1
  5256     029B  0DB7               	rlf	??___flmul+1,f
  5257     029C  0836               	movf	??___flmul,w
  5258     029D  3E82               	addlw	130
  5259     029E  00C6               	movwf	___flmul@temp
  5260     029F  0837               	movf	??___flmul+1,w
  5261     02A0  1803               	skipnc
  5262     02A1  3E01               	addlw	1
  5263     02A2  3EFF               	addlw	255
  5264     02A3  00C7               	movwf	___flmul@temp+1
  5265     02A4  2AC2               	goto	l3190
  5266     02A5                     l3180:
  5267     02A5  3001               	movlw	1
  5268     02A6  00B6               	movwf	??___flmul
  5269     02A7                     u4765:
  5270     02A7  1003               	clrc
  5271     02A8  0DC2               	rlf	___flmul@prod,f
  5272     02A9  0DC3               	rlf	___flmul@prod+1,f
  5273     02AA  0DC4               	rlf	___flmul@prod+2,f
  5274     02AB  0DC5               	rlf	___flmul@prod+3,f
  5275     02AC  0BB6               	decfsz	??___flmul,f
  5276     02AD  2AA7               	goto	u4765
  5277     02AE                     l3182:
  5278     02AE  1FC0               	btfss	___flmul@grs+3,7
  5279     02AF  2AB1               	goto	u4771
  5280     02B0  2AB2               	goto	u4770
  5281     02B1                     u4771:
  5282     02B1  2AB3               	goto	l3186
  5283     02B2                     u4770:
  5284     02B2                     l3184:
  5285     02B2  1442               	bsf	___flmul@prod,0
  5286     02B3                     l3186:
  5287     02B3  3001               	movlw	1
  5288     02B4  00B6               	movwf	??___flmul
  5289     02B5                     u4785:
  5290     02B5  1003               	clrc
  5291     02B6  0DBD               	rlf	___flmul@grs,f
  5292     02B7  0DBE               	rlf	___flmul@grs+1,f
  5293     02B8  0DBF               	rlf	___flmul@grs+2,f
  5294     02B9  0DC0               	rlf	___flmul@grs+3,f
  5295     02BA  0BB6               	decfsz	??___flmul,f
  5296     02BB  2AB5               	goto	u4785
  5297     02BC                     l3188:
  5298     02BC  30FF               	movlw	255
  5299     02BD  07C6               	addwf	___flmul@temp,f
  5300     02BE  1803               	skipnc
  5301     02BF  0AC7               	incf	___flmul@temp+1,f
  5302     02C0  30FF               	movlw	255
  5303     02C1  07C7               	addwf	___flmul@temp+1,f
  5304     02C2                     l3190:
  5305     02C2  1FC4               	btfss	___flmul@prod+2,7
  5306     02C3  2AC5               	goto	u4791
  5307     02C4  2AC6               	goto	u4790
  5308     02C5                     u4791:
  5309     02C5  2AA5               	goto	l3180
  5310     02C6                     u4790:
  5311     02C6                     l3192:
  5312     02C6  01BC               	clrf	___flmul@aexp
  5313     02C7                     l3194:
  5314     02C7  1FC0               	btfss	___flmul@grs+3,7
  5315     02C8  2ACA               	goto	u4801
  5316     02C9  2ACB               	goto	u4800
  5317     02CA                     u4801:
  5318     02CA  2AE7               	goto	l3202
  5319     02CB                     u4800:
  5320     02CB                     l3196:
  5321     02CB  30FF               	movlw	255
  5322     02CC  053D               	andwf	___flmul@grs,w
  5323     02CD  00B6               	movwf	??___flmul
  5324     02CE  30FF               	movlw	255
  5325     02CF  053E               	andwf	___flmul@grs+1,w
  5326     02D0  00B7               	movwf	??___flmul+1
  5327     02D1  30FF               	movlw	255
  5328     02D2  053F               	andwf	___flmul@grs+2,w
  5329     02D3  00B8               	movwf	??___flmul+2
  5330     02D4  307F               	movlw	127
  5331     02D5  0540               	andwf	___flmul@grs+3,w
  5332     02D6  00B9               	movwf	??___flmul+3
  5333     02D7  0839               	movf	??___flmul+3,w
  5334     02D8  0438               	iorwf	??___flmul+2,w
  5335     02D9  0437               	iorwf	??___flmul+1,w
  5336     02DA  0436               	iorwf	??___flmul,w
  5337     02DB  1903               	skipnz
  5338     02DC  2ADE               	goto	u4811
  5339     02DD  2ADF               	goto	u4810
  5340     02DE                     u4811:
  5341     02DE  2AE2               	goto	l667
  5342     02DF                     u4810:
  5343     02DF                     l3198:
  5344     02DF  01BC               	clrf	___flmul@aexp
  5345     02E0  0ABC               	incf	___flmul@aexp,f
  5346     02E1  2AE7               	goto	l3202
  5347     02E2                     l667:
  5348     02E2  1C42               	btfss	___flmul@prod,0
  5349     02E3  2AE5               	goto	u4821
  5350     02E4  2AE6               	goto	u4820
  5351     02E5                     u4821:
  5352     02E5  2AE7               	goto	l3202
  5353     02E6                     u4820:
  5354     02E6  2ADF               	goto	l3198
  5355     02E7                     l3202:
  5356     02E7  083C               	movf	___flmul@aexp,w
  5357     02E8  1903               	btfsc	3,2
  5358     02E9  2AEB               	goto	u4831
  5359     02EA  2AEC               	goto	u4830
  5360     02EB                     u4831:
  5361     02EB  2B1D               	goto	l3212
  5362     02EC                     u4830:
  5363     02EC                     l3204:
  5364     02EC  3001               	movlw	1
  5365     02ED  07C2               	addwf	___flmul@prod,f
  5366     02EE  3000               	movlw	0
  5367     02EF  1803               	skipnc
  5368     02F0  3001               	movlw	1
  5369     02F1  07C3               	addwf	___flmul@prod+1,f
  5370     02F2  3000               	movlw	0
  5371     02F3  1803               	skipnc
  5372     02F4  3001               	movlw	1
  5373     02F5  07C4               	addwf	___flmul@prod+2,f
  5374     02F6  3000               	movlw	0
  5375     02F7  1803               	skipnc
  5376     02F8  3001               	movlw	1
  5377     02F9  07C5               	addwf	___flmul@prod+3,f
  5378     02FA                     l3206:
  5379     02FA  1C45               	btfss	___flmul@prod+3,0
  5380     02FB  2AFD               	goto	u4841
  5381     02FC  2AFE               	goto	u4840
  5382     02FD                     u4841:
  5383     02FD  2B1D               	goto	l3212
  5384     02FE                     u4840:
  5385     02FE                     l3208:
  5386     02FE  0842               	movf	___flmul@prod,w
  5387     02FF  00B6               	movwf	??___flmul
  5388     0300  0843               	movf	___flmul@prod+1,w
  5389     0301  00B7               	movwf	??___flmul+1
  5390     0302  0844               	movf	___flmul@prod+2,w
  5391     0303  00B8               	movwf	??___flmul+2
  5392     0304  0845               	movf	___flmul@prod+3,w
  5393     0305  00B9               	movwf	??___flmul+3
  5394     0306  3001               	movlw	1
  5395     0307  00BA               	movwf	??___flmul+4
  5396     0308                     u4855:
  5397     0308  0D39               	rlf	??___flmul+3,w
  5398     0309  0CB9               	rrf	??___flmul+3,f
  5399     030A  0CB8               	rrf	??___flmul+2,f
  5400     030B  0CB7               	rrf	??___flmul+1,f
  5401     030C  0CB6               	rrf	??___flmul,f
  5402     030D                     u4850:
  5403     030D  0BBA               	decfsz	??___flmul+4,f
  5404     030E  2B08               	goto	u4855
  5405     030F  0839               	movf	??___flmul+3,w
  5406     0310  00C5               	movwf	___flmul@prod+3
  5407     0311  0838               	movf	??___flmul+2,w
  5408     0312  00C4               	movwf	___flmul@prod+2
  5409     0313  0837               	movf	??___flmul+1,w
  5410     0314  00C3               	movwf	___flmul@prod+1
  5411     0315  0836               	movf	??___flmul,w
  5412     0316  00C2               	movwf	___flmul@prod
  5413     0317                     l3210:
  5414     0317  3001               	movlw	1
  5415     0318  07C6               	addwf	___flmul@temp,f
  5416     0319  1803               	skipnc
  5417     031A  0AC7               	incf	___flmul@temp+1,f
  5418     031B  3000               	movlw	0
  5419     031C  07C7               	addwf	___flmul@temp+1,f
  5420     031D                     l3212:
  5421     031D  0847               	movf	___flmul@temp+1,w
  5422     031E  3A80               	xorlw	128
  5423     031F  00FF               	movwf	btemp+1
  5424     0320  3080               	movlw	128
  5425     0321  027F               	subwf	btemp+1,w
  5426     0322  1D03               	skipz
  5427     0323  2B26               	goto	u4865
  5428     0324  30FF               	movlw	255
  5429     0325  0246               	subwf	___flmul@temp,w
  5430     0326                     u4865:
  5431     0326  1C03               	skipc
  5432     0327  2B29               	goto	u4861
  5433     0328  2B2A               	goto	u4860
  5434     0329                     u4861:
  5435     0329  2B35               	goto	l3216
  5436     032A                     u4860:
  5437     032A                     l3214:
  5438     032A  307F               	movlw	127
  5439     032B  1283               	bcf	3,5	;RP0=0, select bank0
  5440     032C  1303               	bcf	3,6	;RP1=0, select bank0
  5441     032D  00C5               	movwf	___flmul@prod+3
  5442     032E  3080               	movlw	128
  5443     032F  00C4               	movwf	___flmul@prod+2
  5444     0330  3000               	movlw	0
  5445     0331  00C3               	movwf	___flmul@prod+1
  5446     0332  3000               	movlw	0
  5447     0333  00C2               	movwf	___flmul@prod
  5448     0334  2B66               	goto	l3230
  5449     0335                     l3216:
  5450     0335  1283               	bcf	3,5	;RP0=0, select bank0
  5451     0336  1303               	bcf	3,6	;RP1=0, select bank0
  5452     0337  0847               	movf	___flmul@temp+1,w
  5453     0338  3A80               	xorlw	128
  5454     0339  00FF               	movwf	btemp+1
  5455     033A  3080               	movlw	128
  5456     033B  027F               	subwf	btemp+1,w
  5457     033C  1D03               	skipz
  5458     033D  2B40               	goto	u4875
  5459     033E  3001               	movlw	1
  5460     033F  0246               	subwf	___flmul@temp,w
  5461     0340                     u4875:
  5462     0340  1803               	skipnc
  5463     0341  2B43               	goto	u4871
  5464     0342  2B44               	goto	u4870
  5465     0343                     u4871:
  5466     0343  2B50               	goto	l3222
  5467     0344                     u4870:
  5468     0344                     l3218:
  5469     0344  3000               	movlw	0
  5470     0345  1283               	bcf	3,5	;RP0=0, select bank0
  5471     0346  1303               	bcf	3,6	;RP1=0, select bank0
  5472     0347  00C5               	movwf	___flmul@prod+3
  5473     0348  3000               	movlw	0
  5474     0349  00C4               	movwf	___flmul@prod+2
  5475     034A  3000               	movlw	0
  5476     034B  00C3               	movwf	___flmul@prod+1
  5477     034C  3000               	movlw	0
  5478     034D  00C2               	movwf	___flmul@prod
  5479     034E                     l3220:
  5480     034E  01BB               	clrf	___flmul@sign
  5481     034F  2B66               	goto	l3230
  5482     0350                     l3222:
  5483     0350  1283               	bcf	3,5	;RP0=0, select bank0
  5484     0351  1303               	bcf	3,6	;RP1=0, select bank0
  5485     0352  0846               	movf	___flmul@temp,w
  5486     0353  00C1               	movwf	___flmul@bexp
  5487     0354  30FF               	movlw	255
  5488     0355  05C2               	andwf	___flmul@prod,f
  5489     0356  30FF               	movlw	255
  5490     0357  05C3               	andwf	___flmul@prod+1,f
  5491     0358  307F               	movlw	127
  5492     0359  05C4               	andwf	___flmul@prod+2,f
  5493     035A  3000               	movlw	0
  5494     035B  05C5               	andwf	___flmul@prod+3,f
  5495     035C                     l3224:
  5496     035C  1C41               	btfss	___flmul@bexp,0
  5497     035D  2B5F               	goto	u4881
  5498     035E  2B60               	goto	u4880
  5499     035F                     u4881:
  5500     035F  2B61               	goto	l3228
  5501     0360                     u4880:
  5502     0360                     l3226:
  5503     0360  17C4               	bsf	___flmul@prod+2,7
  5504     0361                     l3228:
  5505     0361  0841               	movf	___flmul@bexp,w
  5506     0362  00B6               	movwf	??___flmul
  5507     0363  1003               	clrc
  5508     0364  0C36               	rrf	??___flmul,w
  5509     0365  00C5               	movwf	___flmul@prod+3
  5510     0366                     l3230:
  5511     0366  083B               	movf	___flmul@sign,w
  5512     0367  00FF               	movwf	btemp+1
  5513     0368  087F               	movf	btemp+1,w
  5514     0369  04C5               	iorwf	___flmul@prod+3,f
  5515     036A                     l3232:
  5516     036A  0845               	movf	___flmul@prod+3,w
  5517     036B  00B1               	movwf	?___flmul+3
  5518     036C  0844               	movf	___flmul@prod+2,w
  5519     036D  00B0               	movwf	?___flmul+2
  5520     036E  0843               	movf	___flmul@prod+1,w
  5521     036F  00AF               	movwf	?___flmul+1
  5522     0370  0842               	movf	___flmul@prod,w
  5523     0371  00AE               	movwf	?___flmul
  5524     0372                     l661:
  5525     0372  0008               	return
  5526     0373                     __end_of___flmul:
  5527                           
  5528                           	psect	text13
  5529     139C                     __ptext13:	
  5530 ;; *************** function __Umul8_16 *****************
  5531 ;; Defined at:
  5532 ;;		line 4 in file "D:\Software\MPLAB_XC8\pic\sources\c90\common\Umul8_16.c"
  5533 ;; Parameters:    Size  Location     Type
  5534 ;;  multiplier      1    wreg     unsigned char 
  5535 ;;  multiplicand    1    4[COMMON] unsigned char 
  5536 ;; Auto vars:     Size  Location     Type
  5537 ;;  multiplier      1    6[BANK0 ] unsigned char 
  5538 ;;  word_mpld       2    4[BANK0 ] unsigned int 
  5539 ;;  product         2    2[BANK0 ] unsigned int 
  5540 ;; Return value:  Size  Location     Type
  5541 ;;                  2    4[COMMON] unsigned int 
  5542 ;; Registers used:
  5543 ;;		wreg, status,2, status,0
  5544 ;; Tracked objects:
  5545 ;;		On entry : 0/0
  5546 ;;		On exit  : 0/0
  5547 ;;		Unchanged: 0/0
  5548 ;; Data sizes:     COMMON   BANK0   BANK1   BANK3   BANK2
  5549 ;;      Params:         2       0       0       0       0
  5550 ;;      Locals:         0       5       0       0       0
  5551 ;;      Temps:          0       2       0       0       0
  5552 ;;      Totals:         2       7       0       0       0
  5553 ;;Total ram usage:        9 bytes
  5554 ;; Hardware stack levels used: 1
  5555 ;; Hardware stack levels required when called: 1
  5556 ;; This function calls:
  5557 ;;		Nothing
  5558 ;; This function is called by:
  5559 ;;		___flmul
  5560 ;; This function uses a non-reentrant model
  5561 ;;
  5562                           
  5563     139C                     __Umul8_16:	
  5564                           ;psect for function __Umul8_16
  5565                           
  5566                           
  5567                           ;incstack = 0
  5568                           ; Regs used in __Umul8_16: [wreg+status,2+status,0]
  5569                           ;__Umul8_16@multiplier stored from wreg
  5570     139C  1283               	bcf	3,5	;RP0=0, select bank0
  5571     139D  1303               	bcf	3,6	;RP1=0, select bank0
  5572     139E  00A6               	movwf	__Umul8_16@multiplier
  5573     139F                     l2822:
  5574     139F  01A2               	clrf	__Umul8_16@product
  5575     13A0  01A3               	clrf	__Umul8_16@product+1
  5576     13A1                     l2824:
  5577     13A1  0874               	movf	__Umul8_16@multiplicand,w
  5578     13A2  00A0               	movwf	??__Umul8_16
  5579     13A3  01A1               	clrf	??__Umul8_16+1
  5580     13A4  0820               	movf	??__Umul8_16,w
  5581     13A5  00A4               	movwf	__Umul8_16@word_mpld
  5582     13A6  0821               	movf	??__Umul8_16+1,w
  5583     13A7  00A5               	movwf	__Umul8_16@word_mpld+1
  5584     13A8                     l2826:
  5585     13A8  1C26               	btfss	__Umul8_16@multiplier,0
  5586     13A9  2BAB               	goto	u3861
  5587     13AA  2BAC               	goto	u3860
  5588     13AB                     u3861:
  5589     13AB  2BB2               	goto	l680
  5590     13AC                     u3860:
  5591     13AC                     l2828:
  5592     13AC  0824               	movf	__Umul8_16@word_mpld,w
  5593     13AD  07A2               	addwf	__Umul8_16@product,f
  5594     13AE  1803               	skipnc
  5595     13AF  0AA3               	incf	__Umul8_16@product+1,f
  5596     13B0  0825               	movf	__Umul8_16@word_mpld+1,w
  5597     13B1  07A3               	addwf	__Umul8_16@product+1,f
  5598     13B2                     l680:
  5599     13B2  3001               	movlw	1
  5600     13B3                     u3875:
  5601     13B3  1003               	clrc
  5602     13B4  0DA4               	rlf	__Umul8_16@word_mpld,f
  5603     13B5  0DA5               	rlf	__Umul8_16@word_mpld+1,f
  5604     13B6  3EFF               	addlw	-1
  5605     13B7  1D03               	skipz
  5606     13B8  2BB3               	goto	u3875
  5607     13B9  1003               	clrc
  5608     13BA  0CA6               	rrf	__Umul8_16@multiplier,f
  5609     13BB                     l2830:
  5610     13BB  0826               	movf	__Umul8_16@multiplier,w
  5611     13BC  1D03               	btfss	3,2
  5612     13BD  2BBF               	goto	u3881
  5613     13BE  2BC0               	goto	u3880
  5614     13BF                     u3881:
  5615     13BF  2BA8               	goto	l2826
  5616     13C0                     u3880:
  5617     13C0                     l2832:
  5618     13C0  0823               	movf	__Umul8_16@product+1,w
  5619     13C1  00F5               	movwf	?__Umul8_16+1
  5620     13C2  0822               	movf	__Umul8_16@product,w
  5621     13C3  00F4               	movwf	?__Umul8_16
  5622     13C4                     l682:
  5623     13C4  0008               	return
  5624     13C5                     __end_of__Umul8_16:
  5625                           
  5626                           	psect	text14
  5627     143C                     __ptext14:	
  5628 ;; *************** function ___flsub *****************
  5629 ;; Defined at:
  5630 ;;		line 242 in file "D:\Software\MPLAB_XC8\pic\sources\c90\common\sprcadd.c"
  5631 ;; Parameters:    Size  Location     Type
  5632 ;;  a               4   26[BANK1 ] unsigned int 
  5633 ;;  b               4   30[BANK1 ] unsigned int 
  5634 ;; Auto vars:     Size  Location     Type
  5635 ;;		None
  5636 ;; Return value:  Size  Location     Type
  5637 ;;                  4   26[BANK1 ] unsigned int 
  5638 ;; Registers used:
  5639 ;;		wreg, status,2, status,0, btemp+1, pclath, cstack
  5640 ;; Tracked objects:
  5641 ;;		On entry : 0/0
  5642 ;;		On exit  : 0/0
  5643 ;;		Unchanged: 0/0
  5644 ;; Data sizes:     COMMON   BANK0   BANK1   BANK3   BANK2
  5645 ;;      Params:         0       0       8       0       0
  5646 ;;      Locals:         0       0       0       0       0
  5647 ;;      Temps:          0       0       0       0       0
  5648 ;;      Totals:         0       0       8       0       0
  5649 ;;Total ram usage:        8 bytes
  5650 ;; Hardware stack levels used: 1
  5651 ;; Hardware stack levels required when called: 2
  5652 ;; This function calls:
  5653 ;;		___fladd
  5654 ;; This function is called by:
  5655 ;;		_sin
  5656 ;; This function uses a non-reentrant model
  5657 ;;
  5658                           
  5659     143C                     ___flsub:	
  5660                           ;psect for function ___flsub
  5661                           
  5662     143C                     l3318:	
  5663                           ;incstack = 0
  5664                           ; Regs used in ___flsub: [wreg+status,2+status,0+btemp+1+pclath+cstack]
  5665                           
  5666     143C  3080               	movlw	128
  5667     143D  1683               	bsf	3,5	;RP0=1, select bank1
  5668     143E  1303               	bcf	3,6	;RP1=0, select bank1
  5669     143F  06BD               	xorwf	(___flsub@a+3)^(0+128),f
  5670     1440                     l3320:
  5671     1440  0841               	movf	(___flsub@b+3)^(0+128),w
  5672     1441  1283               	bcf	3,5	;RP0=0, select bank0
  5673     1442  1303               	bcf	3,6	;RP1=0, select bank0
  5674     1443  00E5               	movwf	___fladd@b+3
  5675     1444  1683               	bsf	3,5	;RP0=1, select bank1
  5676     1445  1303               	bcf	3,6	;RP1=0, select bank1
  5677     1446  0840               	movf	(___flsub@b+2)^(0+128),w
  5678     1447  1283               	bcf	3,5	;RP0=0, select bank0
  5679     1448  1303               	bcf	3,6	;RP1=0, select bank0
  5680     1449  00E4               	movwf	___fladd@b+2
  5681     144A  1683               	bsf	3,5	;RP0=1, select bank1
  5682     144B  1303               	bcf	3,6	;RP1=0, select bank1
  5683     144C  083F               	movf	(___flsub@b+1)^(0+128),w
  5684     144D  1283               	bcf	3,5	;RP0=0, select bank0
  5685     144E  1303               	bcf	3,6	;RP1=0, select bank0
  5686     144F  00E3               	movwf	___fladd@b+1
  5687     1450  1683               	bsf	3,5	;RP0=1, select bank1
  5688     1451  1303               	bcf	3,6	;RP1=0, select bank1
  5689     1452  083E               	movf	___flsub@b^(0+128),w
  5690     1453  1283               	bcf	3,5	;RP0=0, select bank0
  5691     1454  1303               	bcf	3,6	;RP1=0, select bank0
  5692     1455  00E2               	movwf	___fladd@b
  5693     1456  1683               	bsf	3,5	;RP0=1, select bank1
  5694     1457  1303               	bcf	3,6	;RP1=0, select bank1
  5695     1458  083D               	movf	(___flsub@a+3)^(0+128),w
  5696     1459  1283               	bcf	3,5	;RP0=0, select bank0
  5697     145A  1303               	bcf	3,6	;RP1=0, select bank0
  5698     145B  00E9               	movwf	___fladd@a+3
  5699     145C  1683               	bsf	3,5	;RP0=1, select bank1
  5700     145D  1303               	bcf	3,6	;RP1=0, select bank1
  5701     145E  083C               	movf	(___flsub@a+2)^(0+128),w
  5702     145F  1283               	bcf	3,5	;RP0=0, select bank0
  5703     1460  1303               	bcf	3,6	;RP1=0, select bank0
  5704     1461  00E8               	movwf	___fladd@a+2
  5705     1462  1683               	bsf	3,5	;RP0=1, select bank1
  5706     1463  1303               	bcf	3,6	;RP1=0, select bank1
  5707     1464  083B               	movf	(___flsub@a+1)^(0+128),w
  5708     1465  1283               	bcf	3,5	;RP0=0, select bank0
  5709     1466  1303               	bcf	3,6	;RP1=0, select bank0
  5710     1467  00E7               	movwf	___fladd@a+1
  5711     1468  1683               	bsf	3,5	;RP0=1, select bank1
  5712     1469  1303               	bcf	3,6	;RP1=0, select bank1
  5713     146A  083A               	movf	___flsub@a^(0+128),w
  5714     146B  1283               	bcf	3,5	;RP0=0, select bank0
  5715     146C  1303               	bcf	3,6	;RP1=0, select bank0
  5716     146D  00E6               	movwf	___fladd@a
  5717     146E  120A  158A  2526  160A  118A  	fcall	___fladd
  5718     1473  1283               	bcf	3,5	;RP0=0, select bank0
  5719     1474  1303               	bcf	3,6	;RP1=0, select bank0
  5720     1475  0865               	movf	?___fladd+3,w
  5721     1476  1683               	bsf	3,5	;RP0=1, select bank1
  5722     1477  1303               	bcf	3,6	;RP1=0, select bank1
  5723     1478  00BD               	movwf	(?___flsub+3)^(0+128)
  5724     1479  1283               	bcf	3,5	;RP0=0, select bank0
  5725     147A  1303               	bcf	3,6	;RP1=0, select bank0
  5726     147B  0864               	movf	?___fladd+2,w
  5727     147C  1683               	bsf	3,5	;RP0=1, select bank1
  5728     147D  1303               	bcf	3,6	;RP1=0, select bank1
  5729     147E  00BC               	movwf	(?___flsub+2)^(0+128)
  5730     147F  1283               	bcf	3,5	;RP0=0, select bank0
  5731     1480  1303               	bcf	3,6	;RP1=0, select bank0
  5732     1481  0863               	movf	?___fladd+1,w
  5733     1482  1683               	bsf	3,5	;RP0=1, select bank1
  5734     1483  1303               	bcf	3,6	;RP1=0, select bank1
  5735     1484  00BB               	movwf	(?___flsub+1)^(0+128)
  5736     1485  1283               	bcf	3,5	;RP0=0, select bank0
  5737     1486  1303               	bcf	3,6	;RP1=0, select bank0
  5738     1487  0862               	movf	?___fladd,w
  5739     1488  1683               	bsf	3,5	;RP0=1, select bank1
  5740     1489  1303               	bcf	3,6	;RP1=0, select bank1
  5741     148A  00BA               	movwf	?___flsub^(0+128)
  5742     148B                     l611:
  5743     148B  0008               	return
  5744     148C                     __end_of___flsub:
  5745                           
  5746                           	psect	text15
  5747     0D26                     __ptext15:	
  5748 ;; *************** function ___fladd *****************
  5749 ;; Defined at:
  5750 ;;		line 10 in file "D:\Software\MPLAB_XC8\pic\sources\c90\common\sprcadd.c"
  5751 ;; Parameters:    Size  Location     Type
  5752 ;;  b               4   66[BANK0 ] unsigned int 
  5753 ;;  a               4   70[BANK0 ] unsigned int 
  5754 ;; Auto vars:     Size  Location     Type
  5755 ;;  grs             1   77[BANK0 ] unsigned char 
  5756 ;;  bexp            1   76[BANK0 ] unsigned char 
  5757 ;;  aexp            1   75[BANK0 ] unsigned char 
  5758 ;;  signs           1   74[BANK0 ] unsigned char 
  5759 ;; Return value:  Size  Location     Type
  5760 ;;                  4   66[BANK0 ] unsigned char 
  5761 ;; Registers used:
  5762 ;;		wreg, status,2, status,0, btemp+1
  5763 ;; Tracked objects:
  5764 ;;		On entry : 0/0
  5765 ;;		On exit  : 0/0
  5766 ;;		Unchanged: 0/0
  5767 ;; Data sizes:     COMMON   BANK0   BANK1   BANK3   BANK2
  5768 ;;      Params:         0       8       0       0       0
  5769 ;;      Locals:         0       4       0       0       0
  5770 ;;      Temps:          0       0       8       0       0
  5771 ;;      Totals:         0      12       8       0       0
  5772 ;;Total ram usage:       20 bytes
  5773 ;; Hardware stack levels used: 1
  5774 ;; Hardware stack levels required when called: 1
  5775 ;; This function calls:
  5776 ;;		Nothing
  5777 ;; This function is called by:
  5778 ;;		_sinu
  5779 ;;		___flsub
  5780 ;;		_eval_poly
  5781 ;;		_floor
  5782 ;; This function uses a non-reentrant model
  5783 ;;
  5784                           
  5785     0D26                     ___fladd:	
  5786                           ;psect for function ___fladd
  5787                           
  5788     0D26                     l2894:	
  5789                           ;incstack = 0
  5790                           ; Regs used in ___fladd: [wreg+status,2+status,0+btemp+1]
  5791                           
  5792     0D26  1283               	bcf	3,5	;RP0=0, select bank0
  5793     0D27  1303               	bcf	3,6	;RP1=0, select bank0
  5794     0D28  0865               	movf	___fladd@b+3,w
  5795     0D29  3980               	andlw	128
  5796     0D2A  00EA               	movwf	___fladd@signs
  5797     0D2B                     l2896:
  5798     0D2B  0865               	movf	___fladd@b+3,w
  5799     0D2C  1683               	bsf	3,5	;RP0=1, select bank1
  5800     0D2D  1303               	bcf	3,6	;RP1=0, select bank1
  5801     0D2E  00A0               	movwf	??___fladd^(0+128)
  5802     0D2F  0720               	addwf	??___fladd^(0+128),w
  5803     0D30  1283               	bcf	3,5	;RP0=0, select bank0
  5804     0D31  1303               	bcf	3,6	;RP1=0, select bank0
  5805     0D32  00EC               	movwf	___fladd@bexp
  5806     0D33                     l2898:
  5807     0D33  1FE4               	btfss	___fladd@b+2,7
  5808     0D34  2D36               	goto	u4061
  5809     0D35  2D37               	goto	u4060
  5810     0D36                     u4061:
  5811     0D36  2D38               	goto	l2902
  5812     0D37                     u4060:
  5813     0D37                     l2900:
  5814     0D37  146C               	bsf	___fladd@bexp,0
  5815     0D38                     l2902:
  5816     0D38  086C               	movf	___fladd@bexp,w
  5817     0D39  1903               	btfsc	3,2
  5818     0D3A  2D3C               	goto	u4071
  5819     0D3B  2D3D               	goto	u4070
  5820     0D3C                     u4071:
  5821     0D3C  2D4D               	goto	l2912
  5822     0D3D                     u4070:
  5823     0D3D                     l2904:
  5824     0D3D  0A6C               	incf	___fladd@bexp,w
  5825     0D3E  1D03               	btfss	3,2
  5826     0D3F  2D41               	goto	u4081
  5827     0D40  2D42               	goto	u4080
  5828     0D41                     u4081:
  5829     0D41  2D4A               	goto	l2908
  5830     0D42                     u4080:
  5831     0D42                     l2906:
  5832     0D42  3000               	movlw	0
  5833     0D43  00E5               	movwf	___fladd@b+3
  5834     0D44  3000               	movlw	0
  5835     0D45  00E4               	movwf	___fladd@b+2
  5836     0D46  3000               	movlw	0
  5837     0D47  00E3               	movwf	___fladd@b+1
  5838     0D48  3000               	movlw	0
  5839     0D49  00E2               	movwf	___fladd@b
  5840     0D4A                     l2908:
  5841     0D4A  17E4               	bsf	___fladd@b+2,7
  5842     0D4B                     l2910:
  5843     0D4B  01E5               	clrf	___fladd@b+3
  5844     0D4C  2D55               	goto	l2914
  5845     0D4D                     l2912:
  5846     0D4D  3000               	movlw	0
  5847     0D4E  00E5               	movwf	___fladd@b+3
  5848     0D4F  3000               	movlw	0
  5849     0D50  00E4               	movwf	___fladd@b+2
  5850     0D51  3000               	movlw	0
  5851     0D52  00E3               	movwf	___fladd@b+1
  5852     0D53  3000               	movlw	0
  5853     0D54  00E2               	movwf	___fladd@b
  5854     0D55                     l2914:
  5855     0D55  0869               	movf	___fladd@a+3,w
  5856     0D56  3980               	andlw	128
  5857     0D57  00EB               	movwf	___fladd@aexp
  5858     0D58                     l2916:
  5859     0D58  086B               	movf	___fladd@aexp,w
  5860     0D59  066A               	xorwf	___fladd@signs,w
  5861     0D5A  1903               	skipnz
  5862     0D5B  2D5D               	goto	u4091
  5863     0D5C  2D5E               	goto	u4090
  5864     0D5D                     u4091:
  5865     0D5D  2D5F               	goto	l2920
  5866     0D5E                     u4090:
  5867     0D5E                     l2918:
  5868     0D5E  176A               	bsf	___fladd@signs,6
  5869     0D5F                     l2920:
  5870     0D5F  0869               	movf	___fladd@a+3,w
  5871     0D60  1683               	bsf	3,5	;RP0=1, select bank1
  5872     0D61  1303               	bcf	3,6	;RP1=0, select bank1
  5873     0D62  00A0               	movwf	??___fladd^(0+128)
  5874     0D63  0720               	addwf	??___fladd^(0+128),w
  5875     0D64  1283               	bcf	3,5	;RP0=0, select bank0
  5876     0D65  1303               	bcf	3,6	;RP1=0, select bank0
  5877     0D66  00EB               	movwf	___fladd@aexp
  5878     0D67                     l2922:
  5879     0D67  1FE8               	btfss	___fladd@a+2,7
  5880     0D68  2D6A               	goto	u4101
  5881     0D69  2D6B               	goto	u4100
  5882     0D6A                     u4101:
  5883     0D6A  2D6C               	goto	l2926
  5884     0D6B                     u4100:
  5885     0D6B                     l2924:
  5886     0D6B  146B               	bsf	___fladd@aexp,0
  5887     0D6C                     l2926:
  5888     0D6C  086B               	movf	___fladd@aexp,w
  5889     0D6D  1903               	btfsc	3,2
  5890     0D6E  2D70               	goto	u4111
  5891     0D6F  2D71               	goto	u4110
  5892     0D70                     u4111:
  5893     0D70  2D81               	goto	l2936
  5894     0D71                     u4110:
  5895     0D71                     l2928:
  5896     0D71  0A6B               	incf	___fladd@aexp,w
  5897     0D72  1D03               	btfss	3,2
  5898     0D73  2D75               	goto	u4121
  5899     0D74  2D76               	goto	u4120
  5900     0D75                     u4121:
  5901     0D75  2D7E               	goto	l2932
  5902     0D76                     u4120:
  5903     0D76                     l2930:
  5904     0D76  3000               	movlw	0
  5905     0D77  00E9               	movwf	___fladd@a+3
  5906     0D78  3000               	movlw	0
  5907     0D79  00E8               	movwf	___fladd@a+2
  5908     0D7A  3000               	movlw	0
  5909     0D7B  00E7               	movwf	___fladd@a+1
  5910     0D7C  3000               	movlw	0
  5911     0D7D  00E6               	movwf	___fladd@a
  5912     0D7E                     l2932:
  5913     0D7E  17E8               	bsf	___fladd@a+2,7
  5914     0D7F                     l2934:
  5915     0D7F  01E9               	clrf	___fladd@a+3
  5916     0D80  2D89               	goto	l565
  5917     0D81                     l2936:
  5918     0D81  3000               	movlw	0
  5919     0D82  00E9               	movwf	___fladd@a+3
  5920     0D83  3000               	movlw	0
  5921     0D84  00E8               	movwf	___fladd@a+2
  5922     0D85  3000               	movlw	0
  5923     0D86  00E7               	movwf	___fladd@a+1
  5924     0D87  3000               	movlw	0
  5925     0D88  00E6               	movwf	___fladd@a
  5926     0D89                     l565:
  5927     0D89  086C               	movf	___fladd@bexp,w
  5928     0D8A  026B               	subwf	___fladd@aexp,w
  5929     0D8B  1803               	skipnc
  5930     0D8C  2D8E               	goto	u4131
  5931     0D8D  2D8F               	goto	u4130
  5932     0D8E                     u4131:
  5933     0D8E  2DB5               	goto	l2972
  5934     0D8F                     u4130:
  5935     0D8F                     l2938:
  5936     0D8F  1F6A               	btfss	___fladd@signs,6
  5937     0D90  2D92               	goto	u4141
  5938     0D91  2D93               	goto	u4140
  5939     0D92                     u4141:
  5940     0D92  2D97               	goto	l2942
  5941     0D93                     u4140:
  5942     0D93                     l2940:
  5943     0D93  3080               	movlw	128
  5944     0D94  00FF               	movwf	btemp+1
  5945     0D95  087F               	movf	btemp+1,w
  5946     0D96  06EA               	xorwf	___fladd@signs,f
  5947     0D97                     l2942:
  5948     0D97  086C               	movf	___fladd@bexp,w
  5949     0D98  00ED               	movwf	___fladd@grs
  5950     0D99                     l2944:
  5951     0D99  086B               	movf	___fladd@aexp,w
  5952     0D9A  00EC               	movwf	___fladd@bexp
  5953     0D9B                     l2946:
  5954     0D9B  086D               	movf	___fladd@grs,w
  5955     0D9C  00EB               	movwf	___fladd@aexp
  5956     0D9D                     l2948:
  5957     0D9D  0862               	movf	___fladd@b,w
  5958     0D9E  00ED               	movwf	___fladd@grs
  5959     0D9F                     l2950:
  5960     0D9F  0866               	movf	___fladd@a,w
  5961     0DA0  00E2               	movwf	___fladd@b
  5962     0DA1                     l2952:
  5963     0DA1  086D               	movf	___fladd@grs,w
  5964     0DA2  00E6               	movwf	___fladd@a
  5965     0DA3                     l2954:
  5966     0DA3  0863               	movf	___fladd@b+1,w
  5967     0DA4  00ED               	movwf	___fladd@grs
  5968     0DA5                     l2956:
  5969     0DA5  0867               	movf	___fladd@a+1,w
  5970     0DA6  00E3               	movwf	___fladd@b+1
  5971     0DA7                     l2958:
  5972     0DA7  086D               	movf	___fladd@grs,w
  5973     0DA8  00E7               	movwf	___fladd@a+1
  5974     0DA9                     l2960:
  5975     0DA9  0864               	movf	___fladd@b+2,w
  5976     0DAA  00ED               	movwf	___fladd@grs
  5977     0DAB                     l2962:
  5978     0DAB  0868               	movf	___fladd@a+2,w
  5979     0DAC  00E4               	movwf	___fladd@b+2
  5980     0DAD                     l2964:
  5981     0DAD  086D               	movf	___fladd@grs,w
  5982     0DAE  00E8               	movwf	___fladd@a+2
  5983     0DAF                     l2966:
  5984     0DAF  0865               	movf	___fladd@b+3,w
  5985     0DB0  00ED               	movwf	___fladd@grs
  5986     0DB1                     l2968:
  5987     0DB1  0869               	movf	___fladd@a+3,w
  5988     0DB2  00E5               	movwf	___fladd@b+3
  5989     0DB3                     l2970:
  5990     0DB3  086D               	movf	___fladd@grs,w
  5991     0DB4  00E9               	movwf	___fladd@a+3
  5992     0DB5                     l2972:
  5993     0DB5  01ED               	clrf	___fladd@grs
  5994     0DB6                     l2974:
  5995     0DB6  086B               	movf	___fladd@aexp,w
  5996     0DB7  1683               	bsf	3,5	;RP0=1, select bank1
  5997     0DB8  1303               	bcf	3,6	;RP1=0, select bank1
  5998     0DB9  00A0               	movwf	??___fladd^(0+128)
  5999     0DBA  01A1               	clrf	(??___fladd^(0+128)+1)
  6000     0DBB  0821               	movf	(??___fladd+1)^(0+128),w
  6001     0DBC  00A3               	movwf	((??___fladd+2)^(0+128)+1)
  6002     0DBD  1283               	bcf	3,5	;RP0=0, select bank0
  6003     0DBE  1303               	bcf	3,6	;RP1=0, select bank0
  6004     0DBF  086C               	movf	___fladd@bexp,w
  6005     0DC0  1683               	bsf	3,5	;RP0=1, select bank1
  6006     0DC1  1303               	bcf	3,6	;RP1=0, select bank1
  6007     0DC2  0220               	subwf	??___fladd^(0+128),w
  6008     0DC3  00A2               	movwf	(??___fladd+2)^(0+128)
  6009     0DC4  1C03               	skipc
  6010     0DC5  03A3               	decf	((??___fladd+2)^(0+128)+1),f
  6011     0DC6  0823               	movf	(??___fladd+3)^(0+128),w
  6012     0DC7  3A80               	xorlw	128
  6013     0DC8  00FF               	movwf	btemp+1
  6014     0DC9  3080               	movlw	128
  6015     0DCA  027F               	subwf	btemp+1,w
  6016     0DCB  1D03               	skipz
  6017     0DCC  2DCF               	goto	u4155
  6018     0DCD  301A               	movlw	26
  6019     0DCE  0222               	subwf	(??___fladd+2)^(0+128),w
  6020     0DCF                     u4155:
  6021     0DCF  1C03               	skipc
  6022     0DD0  2DD2               	goto	u4151
  6023     0DD1  2DD3               	goto	u4150
  6024     0DD2                     u4151:
  6025     0DD2  2E16               	goto	l2990
  6026     0DD3                     u4150:
  6027     0DD3                     l2976:
  6028     0DD3  1283               	bcf	3,5	;RP0=0, select bank0
  6029     0DD4  1303               	bcf	3,6	;RP1=0, select bank0
  6030     0DD5  0865               	movf	___fladd@b+3,w
  6031     0DD6  0464               	iorwf	___fladd@b+2,w
  6032     0DD7  0463               	iorwf	___fladd@b+1,w
  6033     0DD8  0462               	iorwf	___fladd@b,w
  6034     0DD9  1D03               	skipz
  6035     0DDA  2DDC               	goto	u4161
  6036     0DDB  2DDE               	goto	u4160
  6037     0DDC                     u4161:
  6038     0DDC  3001               	movlw	1
  6039     0DDD  2DDF               	goto	u4170
  6040     0DDE                     u4160:
  6041     0DDE  3000               	movlw	0
  6042     0DDF                     u4170:
  6043     0DDF  00ED               	movwf	___fladd@grs
  6044     0DE0  3000               	movlw	0
  6045     0DE1  00E5               	movwf	___fladd@b+3
  6046     0DE2  3000               	movlw	0
  6047     0DE3  00E4               	movwf	___fladd@b+2
  6048     0DE4  3000               	movlw	0
  6049     0DE5  00E3               	movwf	___fladd@b+1
  6050     0DE6  3000               	movlw	0
  6051     0DE7  00E2               	movwf	___fladd@b
  6052     0DE8  086B               	movf	___fladd@aexp,w
  6053     0DE9  00EC               	movwf	___fladd@bexp
  6054     0DEA  2E1E               	goto	l569
  6055     0DEB                     l571:
  6056     0DEB  1C6D               	btfss	___fladd@grs,0
  6057     0DEC  2DEE               	goto	u4181
  6058     0DED  2DEF               	goto	u4180
  6059     0DEE                     u4181:
  6060     0DEE  2DFA               	goto	l2980
  6061     0DEF                     u4180:
  6062     0DEF                     l2978:
  6063     0DEF  086D               	movf	___fladd@grs,w
  6064     0DF0  1683               	bsf	3,5	;RP0=1, select bank1
  6065     0DF1  1303               	bcf	3,6	;RP1=0, select bank1
  6066     0DF2  00A0               	movwf	??___fladd^(0+128)
  6067     0DF3  1003               	clrc
  6068     0DF4  0C20               	rrf	??___fladd^(0+128),w
  6069     0DF5  3801               	iorlw	1
  6070     0DF6  1283               	bcf	3,5	;RP0=0, select bank0
  6071     0DF7  1303               	bcf	3,6	;RP1=0, select bank0
  6072     0DF8  00ED               	movwf	___fladd@grs
  6073     0DF9  2DFC               	goto	l2982
  6074     0DFA                     l2980:
  6075     0DFA  1003               	clrc
  6076     0DFB  0CED               	rrf	___fladd@grs,f
  6077     0DFC                     l2982:
  6078     0DFC  1C62               	btfss	___fladd@b,0
  6079     0DFD  2DFF               	goto	u4191
  6080     0DFE  2E00               	goto	u4190
  6081     0DFF                     u4191:
  6082     0DFF  2E01               	goto	l2986
  6083     0E00                     u4190:
  6084     0E00                     l2984:
  6085     0E00  17ED               	bsf	___fladd@grs,7
  6086     0E01                     l2986:
  6087     0E01  3001               	movlw	1
  6088     0E02  1683               	bsf	3,5	;RP0=1, select bank1
  6089     0E03  1303               	bcf	3,6	;RP1=0, select bank1
  6090     0E04  00A0               	movwf	??___fladd^(0+128)
  6091     0E05                     u4205:
  6092     0E05  1283               	bcf	3,5	;RP0=0, select bank0
  6093     0E06  1303               	bcf	3,6	;RP1=0, select bank0
  6094     0E07  0D65               	rlf	___fladd@b+3,w
  6095     0E08  0CE5               	rrf	___fladd@b+3,f
  6096     0E09  0CE4               	rrf	___fladd@b+2,f
  6097     0E0A  0CE3               	rrf	___fladd@b+1,f
  6098     0E0B  0CE2               	rrf	___fladd@b,f
  6099     0E0C  1683               	bsf	3,5	;RP0=1, select bank1
  6100     0E0D  1303               	bcf	3,6	;RP1=0, select bank1
  6101     0E0E  0BA0               	decfsz	(??___fladd^(0+128))& (0+127),f
  6102     0E0F  2E05               	goto	u4205
  6103     0E10                     l2988:
  6104     0E10  3001               	movlw	1
  6105     0E11  00FF               	movwf	btemp+1
  6106     0E12  087F               	movf	btemp+1,w
  6107     0E13  1283               	bcf	3,5	;RP0=0, select bank0
  6108     0E14  1303               	bcf	3,6	;RP1=0, select bank0
  6109     0E15  07EC               	addwf	___fladd@bexp,f
  6110     0E16                     l2990:
  6111     0E16  1283               	bcf	3,5	;RP0=0, select bank0
  6112     0E17  1303               	bcf	3,6	;RP1=0, select bank0
  6113     0E18  086B               	movf	___fladd@aexp,w
  6114     0E19  026C               	subwf	___fladd@bexp,w
  6115     0E1A  1C03               	skipc
  6116     0E1B  2E1D               	goto	u4211
  6117     0E1C  2E1E               	goto	u4210
  6118     0E1D                     u4211:
  6119     0E1D  2DEB               	goto	l571
  6120     0E1E                     u4210:
  6121     0E1E                     l569:
  6122     0E1E  1B6A               	btfsc	___fladd@signs,6
  6123     0E1F  2E21               	goto	u4221
  6124     0E20  2E22               	goto	u4220
  6125     0E21                     u4221:
  6126     0E21  2E77               	goto	l3016
  6127     0E22                     u4220:
  6128     0E22                     l2992:
  6129     0E22  086C               	movf	___fladd@bexp,w
  6130     0E23  1D03               	btfss	3,2
  6131     0E24  2E26               	goto	u4231
  6132     0E25  2E27               	goto	u4230
  6133     0E26                     u4231:
  6134     0E26  2E30               	goto	l2998
  6135     0E27                     u4230:
  6136     0E27                     l2994:
  6137     0E27  3000               	movlw	0
  6138     0E28  00E5               	movwf	?___fladd+3
  6139     0E29  3000               	movlw	0
  6140     0E2A  00E4               	movwf	?___fladd+2
  6141     0E2B  3000               	movlw	0
  6142     0E2C  00E3               	movwf	?___fladd+1
  6143     0E2D  3000               	movlw	0
  6144     0E2E  00E2               	movwf	?___fladd
  6145     0E2F  2FFF               	goto	l578
  6146     0E30                     l2998:
  6147     0E30  0866               	movf	___fladd@a,w
  6148     0E31  07E2               	addwf	___fladd@b,f
  6149     0E32  0867               	movf	___fladd@a+1,w
  6150     0E33  1103               	clrz
  6151     0E34  1803               	skipnc
  6152     0E35  3E01               	addlw	1
  6153     0E36  1903               	skipnz
  6154     0E37  2E39               	goto	u4241
  6155     0E38  07E3               	addwf	___fladd@b+1,f
  6156     0E39                     u4241:
  6157     0E39  0868               	movf	___fladd@a+2,w
  6158     0E3A  1103               	clrz
  6159     0E3B  1803               	skipnc
  6160     0E3C  3E01               	addlw	1
  6161     0E3D  1903               	skipnz
  6162     0E3E  2E40               	goto	u4242
  6163     0E3F  07E4               	addwf	___fladd@b+2,f
  6164     0E40                     u4242:
  6165     0E40  0869               	movf	___fladd@a+3,w
  6166     0E41  1103               	clrz
  6167     0E42  1803               	skipnc
  6168     0E43  3E01               	addlw	1
  6169     0E44  1903               	skipnz
  6170     0E45  2E47               	goto	u4243
  6171     0E46  07E5               	addwf	___fladd@b+3,f
  6172     0E47                     u4243:
  6173     0E47                     l3000:
  6174     0E47  1C65               	btfss	___fladd@b+3,0
  6175     0E48  2E4A               	goto	u4251
  6176     0E49  2E4B               	goto	u4250
  6177     0E4A                     u4251:
  6178     0E4A  2F67               	goto	l3052
  6179     0E4B                     u4250:
  6180     0E4B                     l3002:
  6181     0E4B  1C6D               	btfss	___fladd@grs,0
  6182     0E4C  2E4E               	goto	u4261
  6183     0E4D  2E4F               	goto	u4260
  6184     0E4E                     u4261:
  6185     0E4E  2E5A               	goto	l3006
  6186     0E4F                     u4260:
  6187     0E4F                     l3004:
  6188     0E4F  086D               	movf	___fladd@grs,w
  6189     0E50  1683               	bsf	3,5	;RP0=1, select bank1
  6190     0E51  1303               	bcf	3,6	;RP1=0, select bank1
  6191     0E52  00A0               	movwf	??___fladd^(0+128)
  6192     0E53  1003               	clrc
  6193     0E54  0C20               	rrf	??___fladd^(0+128),w
  6194     0E55  3801               	iorlw	1
  6195     0E56  1283               	bcf	3,5	;RP0=0, select bank0
  6196     0E57  1303               	bcf	3,6	;RP1=0, select bank0
  6197     0E58  00ED               	movwf	___fladd@grs
  6198     0E59  2E5C               	goto	l3008
  6199     0E5A                     l3006:
  6200     0E5A  1003               	clrc
  6201     0E5B  0CED               	rrf	___fladd@grs,f
  6202     0E5C                     l3008:
  6203     0E5C  1C62               	btfss	___fladd@b,0
  6204     0E5D  2E5F               	goto	u4271
  6205     0E5E  2E60               	goto	u4270
  6206     0E5F                     u4271:
  6207     0E5F  2E61               	goto	l3012
  6208     0E60                     u4270:
  6209     0E60                     l3010:
  6210     0E60  17ED               	bsf	___fladd@grs,7
  6211     0E61                     l3012:
  6212     0E61  3001               	movlw	1
  6213     0E62  1683               	bsf	3,5	;RP0=1, select bank1
  6214     0E63  1303               	bcf	3,6	;RP1=0, select bank1
  6215     0E64  00A0               	movwf	??___fladd^(0+128)
  6216     0E65                     u4285:
  6217     0E65  1283               	bcf	3,5	;RP0=0, select bank0
  6218     0E66  1303               	bcf	3,6	;RP1=0, select bank0
  6219     0E67  0D65               	rlf	___fladd@b+3,w
  6220     0E68  0CE5               	rrf	___fladd@b+3,f
  6221     0E69  0CE4               	rrf	___fladd@b+2,f
  6222     0E6A  0CE3               	rrf	___fladd@b+1,f
  6223     0E6B  0CE2               	rrf	___fladd@b,f
  6224     0E6C  1683               	bsf	3,5	;RP0=1, select bank1
  6225     0E6D  1303               	bcf	3,6	;RP1=0, select bank1
  6226     0E6E  0BA0               	decfsz	(??___fladd^(0+128))& (0+127),f
  6227     0E6F  2E65               	goto	u4285
  6228     0E70                     l3014:
  6229     0E70  3001               	movlw	1
  6230     0E71  00FF               	movwf	btemp+1
  6231     0E72  087F               	movf	btemp+1,w
  6232     0E73  1283               	bcf	3,5	;RP0=0, select bank0
  6233     0E74  1303               	bcf	3,6	;RP1=0, select bank0
  6234     0E75  07EC               	addwf	___fladd@bexp,f
  6235     0E76  2F67               	goto	l3052
  6236     0E77                     l3016:
  6237     0E77  0865               	movf	___fladd@b+3,w
  6238     0E78  3A80               	xorlw	128
  6239     0E79  00FF               	movwf	btemp+1
  6240     0E7A  0869               	movf	___fladd@a+3,w
  6241     0E7B  3A80               	xorlw	128
  6242     0E7C  027F               	subwf	btemp+1,w
  6243     0E7D  1D03               	skipz
  6244     0E7E  2E89               	goto	u4293
  6245     0E7F  0868               	movf	___fladd@a+2,w
  6246     0E80  0264               	subwf	___fladd@b+2,w
  6247     0E81  1D03               	skipz
  6248     0E82  2E89               	goto	u4293
  6249     0E83  0867               	movf	___fladd@a+1,w
  6250     0E84  0263               	subwf	___fladd@b+1,w
  6251     0E85  1D03               	skipz
  6252     0E86  2E89               	goto	u4293
  6253     0E87  0866               	movf	___fladd@a,w
  6254     0E88  0262               	subwf	___fladd@b,w
  6255     0E89                     u4293:
  6256     0E89  1803               	skipnc
  6257     0E8A  2E8C               	goto	u4291
  6258     0E8B  2E8D               	goto	u4290
  6259     0E8C                     u4291:
  6260     0E8C  2F19               	goto	l3028
  6261     0E8D                     u4290:
  6262     0E8D                     l3018:
  6263     0E8D  30FF               	movlw	255
  6264     0E8E  1683               	bsf	3,5	;RP0=1, select bank1
  6265     0E8F  1303               	bcf	3,6	;RP1=0, select bank1
  6266     0E90  00A0               	movwf	??___fladd^(0+128)
  6267     0E91  30FF               	movlw	255
  6268     0E92  00A1               	movwf	(??___fladd^(0+128)+1)
  6269     0E93  30FF               	movlw	255
  6270     0E94  00A2               	movwf	(??___fladd^(0+128)+2)
  6271     0E95  30FF               	movlw	255
  6272     0E96  00A3               	movwf	(??___fladd^(0+128)+3)
  6273     0E97  1283               	bcf	3,5	;RP0=0, select bank0
  6274     0E98  1303               	bcf	3,6	;RP1=0, select bank0
  6275     0E99  0866               	movf	___fladd@a,w
  6276     0E9A  1683               	bsf	3,5	;RP0=1, select bank1
  6277     0E9B  1303               	bcf	3,6	;RP1=0, select bank1
  6278     0E9C  00A4               	movwf	(??___fladd+4)^(0+128)
  6279     0E9D  1283               	bcf	3,5	;RP0=0, select bank0
  6280     0E9E  1303               	bcf	3,6	;RP1=0, select bank0
  6281     0E9F  0867               	movf	___fladd@a+1,w
  6282     0EA0  1683               	bsf	3,5	;RP0=1, select bank1
  6283     0EA1  1303               	bcf	3,6	;RP1=0, select bank1
  6284     0EA2  00A5               	movwf	((??___fladd+4)^(0+128)+1)
  6285     0EA3  1283               	bcf	3,5	;RP0=0, select bank0
  6286     0EA4  1303               	bcf	3,6	;RP1=0, select bank0
  6287     0EA5  0868               	movf	___fladd@a+2,w
  6288     0EA6  1683               	bsf	3,5	;RP0=1, select bank1
  6289     0EA7  1303               	bcf	3,6	;RP1=0, select bank1
  6290     0EA8  00A6               	movwf	((??___fladd+4)^(0+128)+2)
  6291     0EA9  1283               	bcf	3,5	;RP0=0, select bank0
  6292     0EAA  1303               	bcf	3,6	;RP1=0, select bank0
  6293     0EAB  0869               	movf	___fladd@a+3,w
  6294     0EAC  1683               	bsf	3,5	;RP0=1, select bank1
  6295     0EAD  1303               	bcf	3,6	;RP1=0, select bank1
  6296     0EAE  00A7               	movwf	((??___fladd+4)^(0+128)+3)
  6297     0EAF  1283               	bcf	3,5	;RP0=0, select bank0
  6298     0EB0  1303               	bcf	3,6	;RP1=0, select bank0
  6299     0EB1  0862               	movf	___fladd@b,w
  6300     0EB2  1683               	bsf	3,5	;RP0=1, select bank1
  6301     0EB3  1303               	bcf	3,6	;RP1=0, select bank1
  6302     0EB4  02A4               	subwf	(??___fladd+4)^(0+128),f
  6303     0EB5  1283               	bcf	3,5	;RP0=0, select bank0
  6304     0EB6  1303               	bcf	3,6	;RP1=0, select bank0
  6305     0EB7  0863               	movf	___fladd@b+1,w
  6306     0EB8  1C03               	skipc
  6307     0EB9  0F63               	incfsz	___fladd@b+1,w
  6308     0EBA  2EBC               	goto	u4301
  6309     0EBB  2EBF               	goto	u4302
  6310     0EBC                     u4301:
  6311     0EBC  1683               	bsf	3,5	;RP0=1, select bank1
  6312     0EBD  1303               	bcf	3,6	;RP1=0, select bank1
  6313     0EBE  02A5               	subwf	((??___fladd+4)^(0+128)+1),f
  6314     0EBF                     u4302:
  6315     0EBF  1283               	bcf	3,5	;RP0=0, select bank0
  6316     0EC0  1303               	bcf	3,6	;RP1=0, select bank0
  6317     0EC1  0864               	movf	___fladd@b+2,w
  6318     0EC2  1C03               	skipc
  6319     0EC3  0F64               	incfsz	___fladd@b+2,w
  6320     0EC4  2EC6               	goto	u4303
  6321     0EC5  2EC9               	goto	u4304
  6322     0EC6                     u4303:
  6323     0EC6  1683               	bsf	3,5	;RP0=1, select bank1
  6324     0EC7  1303               	bcf	3,6	;RP1=0, select bank1
  6325     0EC8  02A6               	subwf	((??___fladd+4)^(0+128)+2),f
  6326     0EC9                     u4304:
  6327     0EC9  1283               	bcf	3,5	;RP0=0, select bank0
  6328     0ECA  1303               	bcf	3,6	;RP1=0, select bank0
  6329     0ECB  0865               	movf	___fladd@b+3,w
  6330     0ECC  1C03               	skipc
  6331     0ECD  0F65               	incfsz	___fladd@b+3,w
  6332     0ECE  2ED0               	goto	u4305
  6333     0ECF  2ED3               	goto	u4306
  6334     0ED0                     u4305:
  6335     0ED0  1683               	bsf	3,5	;RP0=1, select bank1
  6336     0ED1  1303               	bcf	3,6	;RP1=0, select bank1
  6337     0ED2  02A7               	subwf	((??___fladd+4)^(0+128)+3),f
  6338     0ED3                     u4306:
  6339     0ED3  1283               	bcf	3,5	;RP0=0, select bank0
  6340     0ED4  1303               	bcf	3,6	;RP1=0, select bank0
  6341     0ED5  1683               	bsf	3,5	;RP0=1, select bank1
  6342     0ED6  1303               	bcf	3,6	;RP1=0, select bank1
  6343     0ED7  0824               	movf	(??___fladd+4)^(0+128),w
  6344     0ED8  07A0               	addwf	??___fladd^(0+128),f
  6345     0ED9  0825               	movf	(??___fladd+5)^(0+128),w
  6346     0EDA  1803               	skipnc
  6347     0EDB  0F25               	incfsz	(??___fladd+5)^(0+128),w
  6348     0EDC  2EDE               	goto	u4310
  6349     0EDD  2EDF               	goto	u4311
  6350     0EDE                     u4310:
  6351     0EDE  07A1               	addwf	(??___fladd^(0+128)+1),f
  6352     0EDF                     u4311:
  6353     0EDF  0826               	movf	(??___fladd+6)^(0+128),w
  6354     0EE0  1803               	skipnc
  6355     0EE1  0F26               	incfsz	(??___fladd+6)^(0+128),w
  6356     0EE2  2EE4               	goto	u4312
  6357     0EE3  2EE5               	goto	u4313
  6358     0EE4                     u4312:
  6359     0EE4  07A2               	addwf	(??___fladd^(0+128)+2),f
  6360     0EE5                     u4313:
  6361     0EE5  0827               	movf	(??___fladd+7)^(0+128),w
  6362     0EE6  1803               	skipnc
  6363     0EE7  0A27               	incf	(??___fladd+7)^(0+128),w
  6364     0EE8  07A3               	addwf	(??___fladd^(0+128)+3),f
  6365     0EE9  0823               	movf	(??___fladd+3)^(0+128),w
  6366     0EEA  1283               	bcf	3,5	;RP0=0, select bank0
  6367     0EEB  1303               	bcf	3,6	;RP1=0, select bank0
  6368     0EEC  00E5               	movwf	___fladd@b+3
  6369     0EED  1683               	bsf	3,5	;RP0=1, select bank1
  6370     0EEE  1303               	bcf	3,6	;RP1=0, select bank1
  6371     0EEF  0822               	movf	(??___fladd+2)^(0+128),w
  6372     0EF0  1283               	bcf	3,5	;RP0=0, select bank0
  6373     0EF1  1303               	bcf	3,6	;RP1=0, select bank0
  6374     0EF2  00E4               	movwf	___fladd@b+2
  6375     0EF3  1683               	bsf	3,5	;RP0=1, select bank1
  6376     0EF4  1303               	bcf	3,6	;RP1=0, select bank1
  6377     0EF5  0821               	movf	(??___fladd+1)^(0+128),w
  6378     0EF6  1283               	bcf	3,5	;RP0=0, select bank0
  6379     0EF7  1303               	bcf	3,6	;RP1=0, select bank0
  6380     0EF8  00E3               	movwf	___fladd@b+1
  6381     0EF9  1683               	bsf	3,5	;RP0=1, select bank1
  6382     0EFA  1303               	bcf	3,6	;RP1=0, select bank1
  6383     0EFB  0820               	movf	??___fladd^(0+128),w
  6384     0EFC  1283               	bcf	3,5	;RP0=0, select bank0
  6385     0EFD  1303               	bcf	3,6	;RP1=0, select bank0
  6386     0EFE  00E2               	movwf	___fladd@b
  6387     0EFF                     l3020:
  6388     0EFF  3080               	movlw	128
  6389     0F00  00FF               	movwf	btemp+1
  6390     0F01  087F               	movf	btemp+1,w
  6391     0F02  06EA               	xorwf	___fladd@signs,f
  6392     0F03                     l3022:
  6393     0F03  09ED               	comf	___fladd@grs,f
  6394     0F04  0AED               	incf	___fladd@grs,f
  6395     0F05                     l3024:
  6396     0F05  086D               	movf	___fladd@grs,w
  6397     0F06  1D03               	btfss	3,2
  6398     0F07  2F09               	goto	u4321
  6399     0F08  2F0A               	goto	u4320
  6400     0F09                     u4321:
  6401     0F09  2F27               	goto	l586
  6402     0F0A                     u4320:
  6403     0F0A                     l3026:
  6404     0F0A  3001               	movlw	1
  6405     0F0B  07E2               	addwf	___fladd@b,f
  6406     0F0C  3000               	movlw	0
  6407     0F0D  1803               	skipnc
  6408     0F0E  3001               	movlw	1
  6409     0F0F  07E3               	addwf	___fladd@b+1,f
  6410     0F10  3000               	movlw	0
  6411     0F11  1803               	skipnc
  6412     0F12  3001               	movlw	1
  6413     0F13  07E4               	addwf	___fladd@b+2,f
  6414     0F14  3000               	movlw	0
  6415     0F15  1803               	skipnc
  6416     0F16  3001               	movlw	1
  6417     0F17  07E5               	addwf	___fladd@b+3,f
  6418     0F18  2F27               	goto	l586
  6419     0F19                     l3028:
  6420     0F19  0866               	movf	___fladd@a,w
  6421     0F1A  02E2               	subwf	___fladd@b,f
  6422     0F1B  0867               	movf	___fladd@a+1,w
  6423     0F1C  1C03               	skipc
  6424     0F1D  0F67               	incfsz	___fladd@a+1,w
  6425     0F1E  02E3               	subwf	___fladd@b+1,f
  6426     0F1F  0868               	movf	___fladd@a+2,w
  6427     0F20  1C03               	skipc
  6428     0F21  0F68               	incfsz	___fladd@a+2,w
  6429     0F22  02E4               	subwf	___fladd@b+2,f
  6430     0F23  0869               	movf	___fladd@a+3,w
  6431     0F24  1C03               	skipc
  6432     0F25  0F69               	incfsz	___fladd@a+3,w
  6433     0F26  02E5               	subwf	___fladd@b+3,f
  6434     0F27                     l586:
  6435     0F27  0865               	movf	___fladd@b+3,w
  6436     0F28  0464               	iorwf	___fladd@b+2,w
  6437     0F29  0463               	iorwf	___fladd@b+1,w
  6438     0F2A  0462               	iorwf	___fladd@b,w
  6439     0F2B  1D03               	skipz
  6440     0F2C  2F2E               	goto	u4331
  6441     0F2D  2F2F               	goto	u4330
  6442     0F2E                     u4331:
  6443     0F2E  2F63               	goto	l3050
  6444     0F2F                     u4330:
  6445     0F2F                     l3030:
  6446     0F2F  086D               	movf	___fladd@grs,w
  6447     0F30  1D03               	btfss	3,2
  6448     0F31  2F33               	goto	u4341
  6449     0F32  2F34               	goto	u4340
  6450     0F33                     u4341:
  6451     0F33  2F63               	goto	l3050
  6452     0F34                     u4340:
  6453     0F34                     l3032:
  6454     0F34  3000               	movlw	0
  6455     0F35  00E5               	movwf	?___fladd+3
  6456     0F36  3000               	movlw	0
  6457     0F37  00E4               	movwf	?___fladd+2
  6458     0F38  3000               	movlw	0
  6459     0F39  00E3               	movwf	?___fladd+1
  6460     0F3A  3000               	movlw	0
  6461     0F3B  00E2               	movwf	?___fladd
  6462     0F3C  2FFF               	goto	l578
  6463     0F3D                     l3036:
  6464     0F3D  3001               	movlw	1
  6465     0F3E  1683               	bsf	3,5	;RP0=1, select bank1
  6466     0F3F  1303               	bcf	3,6	;RP1=0, select bank1
  6467     0F40  00A0               	movwf	??___fladd^(0+128)
  6468     0F41                     u4355:
  6469     0F41  1003               	clrc
  6470     0F42  1283               	bcf	3,5	;RP0=0, select bank0
  6471     0F43  1303               	bcf	3,6	;RP1=0, select bank0
  6472     0F44  0DE2               	rlf	___fladd@b,f
  6473     0F45  0DE3               	rlf	___fladd@b+1,f
  6474     0F46  0DE4               	rlf	___fladd@b+2,f
  6475     0F47  0DE5               	rlf	___fladd@b+3,f
  6476     0F48  1683               	bsf	3,5	;RP0=1, select bank1
  6477     0F49  1303               	bcf	3,6	;RP1=0, select bank1
  6478     0F4A  0BA0               	decfsz	??___fladd^(0+128),f
  6479     0F4B  2F41               	goto	u4355
  6480     0F4C                     l3038:
  6481     0F4C  1283               	bcf	3,5	;RP0=0, select bank0
  6482     0F4D  1303               	bcf	3,6	;RP1=0, select bank0
  6483     0F4E  1FED               	btfss	___fladd@grs,7
  6484     0F4F  2F51               	goto	u4361
  6485     0F50  2F52               	goto	u4360
  6486     0F51                     u4361:
  6487     0F51  2F53               	goto	l590
  6488     0F52                     u4360:
  6489     0F52                     l3040:
  6490     0F52  1462               	bsf	___fladd@b,0
  6491     0F53                     l590:
  6492     0F53  1C6D               	btfss	___fladd@grs,0
  6493     0F54  2F56               	goto	u4371
  6494     0F55  2F57               	goto	u4370
  6495     0F56                     u4371:
  6496     0F56  2F5A               	goto	l3044
  6497     0F57                     u4370:
  6498     0F57                     l3042:
  6499     0F57  1403               	setc
  6500     0F58  0DED               	rlf	___fladd@grs,f
  6501     0F59  2F5C               	goto	l3046
  6502     0F5A                     l3044:
  6503     0F5A  1003               	clrc
  6504     0F5B  0DED               	rlf	___fladd@grs,f
  6505     0F5C                     l3046:
  6506     0F5C  086C               	movf	___fladd@bexp,w
  6507     0F5D  1903               	btfsc	3,2
  6508     0F5E  2F60               	goto	u4381
  6509     0F5F  2F61               	goto	u4380
  6510     0F60                     u4381:
  6511     0F60  2F63               	goto	l3050
  6512     0F61                     u4380:
  6513     0F61                     l3048:
  6514     0F61  3001               	movlw	1
  6515     0F62  02EC               	subwf	___fladd@bexp,f
  6516     0F63                     l3050:
  6517     0F63  1FE4               	btfss	___fladd@b+2,7
  6518     0F64  2F66               	goto	u4391
  6519     0F65  2F67               	goto	u4390
  6520     0F66                     u4391:
  6521     0F66  2F3D               	goto	l3036
  6522     0F67                     u4390:
  6523     0F67                     l3052:
  6524     0F67  01EB               	clrf	___fladd@aexp
  6525     0F68                     l3054:
  6526     0F68  1FED               	btfss	___fladd@grs,7
  6527     0F69  2F6B               	goto	u4401
  6528     0F6A  2F6C               	goto	u4400
  6529     0F6B                     u4401:
  6530     0F6B  2F7A               	goto	l3062
  6531     0F6C                     u4400:
  6532     0F6C                     l3056:
  6533     0F6C  086D               	movf	___fladd@grs,w
  6534     0F6D  397F               	andlw	127
  6535     0F6E  1903               	btfsc	3,2
  6536     0F6F  2F71               	goto	u4411
  6537     0F70  2F72               	goto	u4410
  6538     0F71                     u4411:
  6539     0F71  2F75               	goto	l596
  6540     0F72                     u4410:
  6541     0F72                     l3058:
  6542     0F72  01EB               	clrf	___fladd@aexp
  6543     0F73  0AEB               	incf	___fladd@aexp,f
  6544     0F74  2F7A               	goto	l3062
  6545     0F75                     l596:
  6546     0F75  1C62               	btfss	___fladd@b,0
  6547     0F76  2F78               	goto	u4421
  6548     0F77  2F79               	goto	u4420
  6549     0F78                     u4421:
  6550     0F78  2F7A               	goto	l3062
  6551     0F79                     u4420:
  6552     0F79  2F72               	goto	l3058
  6553     0F7A                     l3062:
  6554     0F7A  086B               	movf	___fladd@aexp,w
  6555     0F7B  1903               	btfsc	3,2
  6556     0F7C  2F7E               	goto	u4431
  6557     0F7D  2F7F               	goto	u4430
  6558     0F7E                     u4431:
  6559     0F7E  2FCF               	goto	l3072
  6560     0F7F                     u4430:
  6561     0F7F                     l3064:
  6562     0F7F  3001               	movlw	1
  6563     0F80  07E2               	addwf	___fladd@b,f
  6564     0F81  3000               	movlw	0
  6565     0F82  1803               	skipnc
  6566     0F83  3001               	movlw	1
  6567     0F84  07E3               	addwf	___fladd@b+1,f
  6568     0F85  3000               	movlw	0
  6569     0F86  1803               	skipnc
  6570     0F87  3001               	movlw	1
  6571     0F88  07E4               	addwf	___fladd@b+2,f
  6572     0F89  3000               	movlw	0
  6573     0F8A  1803               	skipnc
  6574     0F8B  3001               	movlw	1
  6575     0F8C  07E5               	addwf	___fladd@b+3,f
  6576     0F8D                     l3066:
  6577     0F8D  1C65               	btfss	___fladd@b+3,0
  6578     0F8E  2F90               	goto	u4441
  6579     0F8F  2F91               	goto	u4440
  6580     0F90                     u4441:
  6581     0F90  2FCF               	goto	l3072
  6582     0F91                     u4440:
  6583     0F91                     l3068:
  6584     0F91  0862               	movf	___fladd@b,w
  6585     0F92  1683               	bsf	3,5	;RP0=1, select bank1
  6586     0F93  1303               	bcf	3,6	;RP1=0, select bank1
  6587     0F94  00A0               	movwf	??___fladd^(0+128)
  6588     0F95  1283               	bcf	3,5	;RP0=0, select bank0
  6589     0F96  1303               	bcf	3,6	;RP1=0, select bank0
  6590     0F97  0863               	movf	___fladd@b+1,w
  6591     0F98  1683               	bsf	3,5	;RP0=1, select bank1
  6592     0F99  1303               	bcf	3,6	;RP1=0, select bank1
  6593     0F9A  00A1               	movwf	(??___fladd^(0+128)+1)
  6594     0F9B  1283               	bcf	3,5	;RP0=0, select bank0
  6595     0F9C  1303               	bcf	3,6	;RP1=0, select bank0
  6596     0F9D  0864               	movf	___fladd@b+2,w
  6597     0F9E  1683               	bsf	3,5	;RP0=1, select bank1
  6598     0F9F  1303               	bcf	3,6	;RP1=0, select bank1
  6599     0FA0  00A2               	movwf	(??___fladd^(0+128)+2)
  6600     0FA1  1283               	bcf	3,5	;RP0=0, select bank0
  6601     0FA2  1303               	bcf	3,6	;RP1=0, select bank0
  6602     0FA3  0865               	movf	___fladd@b+3,w
  6603     0FA4  1683               	bsf	3,5	;RP0=1, select bank1
  6604     0FA5  1303               	bcf	3,6	;RP1=0, select bank1
  6605     0FA6  00A3               	movwf	(??___fladd^(0+128)+3)
  6606     0FA7  3001               	movlw	1
  6607     0FA8  00A4               	movwf	(??___fladd+4)^(0+128)
  6608     0FA9                     u4455:
  6609     0FA9  0D23               	rlf	(??___fladd^(0+128)+3),w
  6610     0FAA  0CA3               	rrf	(??___fladd^(0+128)+3),f
  6611     0FAB  0CA2               	rrf	(??___fladd^(0+128)+2),f
  6612     0FAC  0CA1               	rrf	(??___fladd^(0+128)+1),f
  6613     0FAD  0CA0               	rrf	??___fladd^(0+128),f
  6614     0FAE                     u4450:
  6615     0FAE  0BA4               	decfsz	(??___fladd+4)^(0+128),f
  6616     0FAF  2FA9               	goto	u4455
  6617     0FB0  0823               	movf	(??___fladd+3)^(0+128),w
  6618     0FB1  1283               	bcf	3,5	;RP0=0, select bank0
  6619     0FB2  1303               	bcf	3,6	;RP1=0, select bank0
  6620     0FB3  00E5               	movwf	___fladd@b+3
  6621     0FB4  1683               	bsf	3,5	;RP0=1, select bank1
  6622     0FB5  1303               	bcf	3,6	;RP1=0, select bank1
  6623     0FB6  0822               	movf	(??___fladd+2)^(0+128),w
  6624     0FB7  1283               	bcf	3,5	;RP0=0, select bank0
  6625     0FB8  1303               	bcf	3,6	;RP1=0, select bank0
  6626     0FB9  00E4               	movwf	___fladd@b+2
  6627     0FBA  1683               	bsf	3,5	;RP0=1, select bank1
  6628     0FBB  1303               	bcf	3,6	;RP1=0, select bank1
  6629     0FBC  0821               	movf	(??___fladd+1)^(0+128),w
  6630     0FBD  1283               	bcf	3,5	;RP0=0, select bank0
  6631     0FBE  1303               	bcf	3,6	;RP1=0, select bank0
  6632     0FBF  00E3               	movwf	___fladd@b+1
  6633     0FC0  1683               	bsf	3,5	;RP0=1, select bank1
  6634     0FC1  1303               	bcf	3,6	;RP1=0, select bank1
  6635     0FC2  0820               	movf	??___fladd^(0+128),w
  6636     0FC3  1283               	bcf	3,5	;RP0=0, select bank0
  6637     0FC4  1303               	bcf	3,6	;RP1=0, select bank0
  6638     0FC5  00E2               	movwf	___fladd@b
  6639     0FC6  0A6C               	incf	___fladd@bexp,w
  6640     0FC7  1903               	btfsc	3,2
  6641     0FC8  2FCA               	goto	u4461
  6642     0FC9  2FCB               	goto	u4460
  6643     0FCA                     u4461:
  6644     0FCA  2FCF               	goto	l3072
  6645     0FCB                     u4460:
  6646     0FCB                     l3070:
  6647     0FCB  3001               	movlw	1
  6648     0FCC  00FF               	movwf	btemp+1
  6649     0FCD  087F               	movf	btemp+1,w
  6650     0FCE  07EC               	addwf	___fladd@bexp,f
  6651     0FCF                     l3072:
  6652     0FCF  0A6C               	incf	___fladd@bexp,w
  6653     0FD0  1903               	btfsc	3,2
  6654     0FD1  2FD3               	goto	u4471
  6655     0FD2  2FD4               	goto	u4470
  6656     0FD3                     u4471:
  6657     0FD3  2FD9               	goto	l3076
  6658     0FD4                     u4470:
  6659     0FD4                     l3074:
  6660     0FD4  086C               	movf	___fladd@bexp,w
  6661     0FD5  1D03               	btfss	3,2
  6662     0FD6  2FD8               	goto	u4481
  6663     0FD7  2FD9               	goto	u4480
  6664     0FD8                     u4481:
  6665     0FD8  2FE7               	goto	l3082
  6666     0FD9                     u4480:
  6667     0FD9                     l3076:
  6668     0FD9  3000               	movlw	0
  6669     0FDA  00E5               	movwf	___fladd@b+3
  6670     0FDB  3000               	movlw	0
  6671     0FDC  00E4               	movwf	___fladd@b+2
  6672     0FDD  3000               	movlw	0
  6673     0FDE  00E3               	movwf	___fladd@b+1
  6674     0FDF  3000               	movlw	0
  6675     0FE0  00E2               	movwf	___fladd@b
  6676     0FE1                     l3078:
  6677     0FE1  086C               	movf	___fladd@bexp,w
  6678     0FE2  1D03               	btfss	3,2
  6679     0FE3  2FE5               	goto	u4491
  6680     0FE4  2FE6               	goto	u4490
  6681     0FE5                     u4491:
  6682     0FE5  2FE7               	goto	l3082
  6683     0FE6                     u4490:
  6684     0FE6                     l3080:
  6685     0FE6  01EA               	clrf	___fladd@signs
  6686     0FE7                     l3082:
  6687     0FE7  1C6C               	btfss	___fladd@bexp,0
  6688     0FE8  2FEA               	goto	u4501
  6689     0FE9  2FEB               	goto	u4500
  6690     0FEA                     u4501:
  6691     0FEA  2FED               	goto	l3086
  6692     0FEB                     u4500:
  6693     0FEB                     l3084:
  6694     0FEB  17E4               	bsf	___fladd@b+2,7
  6695     0FEC  2FF1               	goto	l3088
  6696     0FED                     l3086:
  6697     0FED  307F               	movlw	127
  6698     0FEE  00FF               	movwf	btemp+1
  6699     0FEF  087F               	movf	btemp+1,w
  6700     0FF0  05E4               	andwf	___fladd@b+2,f
  6701     0FF1                     l3088:
  6702     0FF1  086C               	movf	___fladd@bexp,w
  6703     0FF2  1683               	bsf	3,5	;RP0=1, select bank1
  6704     0FF3  1303               	bcf	3,6	;RP1=0, select bank1
  6705     0FF4  00A0               	movwf	??___fladd^(0+128)
  6706     0FF5  1003               	clrc
  6707     0FF6  0C20               	rrf	??___fladd^(0+128),w
  6708     0FF7  1283               	bcf	3,5	;RP0=0, select bank0
  6709     0FF8  1303               	bcf	3,6	;RP1=0, select bank0
  6710     0FF9  00E5               	movwf	___fladd@b+3
  6711     0FFA                     l3090:
  6712     0FFA  1FEA               	btfss	___fladd@signs,7
  6713     0FFB  2FFD               	goto	u4511
  6714     0FFC  2FFE               	goto	u4510
  6715     0FFD                     u4511:
  6716     0FFD  2FFF               	goto	l608
  6717     0FFE                     u4510:
  6718     0FFE                     l3092:
  6719     0FFE  17E5               	bsf	___fladd@b+3,7
  6720     0FFF                     l608:
  6721     0FFF                     l578:
  6722     0FFF  0008               	return
  6723     1000                     __end_of___fladd:
  6724                           
  6725                           	psect	text16
  6726     134C                     __ptext16:	
  6727 ;; *************** function ___flneg *****************
  6728 ;; Defined at:
  6729 ;;		line 15 in file "D:\Software\MPLAB_XC8\pic\sources\c90\common\flneg.c"
  6730 ;; Parameters:    Size  Location     Type
  6731 ;;  f1              4    0[BANK0 ] unsigned char 
  6732 ;; Auto vars:     Size  Location     Type
  6733 ;;		None
  6734 ;; Return value:  Size  Location     Type
  6735 ;;                  4    0[BANK0 ] unsigned char 
  6736 ;; Registers used:
  6737 ;;		wreg
  6738 ;; Tracked objects:
  6739 ;;		On entry : 0/0
  6740 ;;		On exit  : 0/0
  6741 ;;		Unchanged: 0/0
  6742 ;; Data sizes:     COMMON   BANK0   BANK1   BANK3   BANK2
  6743 ;;      Params:         0       4       0       0       0
  6744 ;;      Locals:         0       0       0       0       0
  6745 ;;      Temps:          0       0       0       0       0
  6746 ;;      Totals:         0       4       0       0       0
  6747 ;;Total ram usage:        4 bytes
  6748 ;; Hardware stack levels used: 1
  6749 ;; Hardware stack levels required when called: 1
  6750 ;; This function calls:
  6751 ;;		Nothing
  6752 ;; This function is called by:
  6753 ;;		_sin
  6754 ;; This function uses a non-reentrant model
  6755 ;;
  6756                           
  6757     134C                     ___flneg:	
  6758                           ;psect for function ___flneg
  6759                           
  6760     134C                     l3310:	
  6761                           ;incstack = 0
  6762                           ; Regs used in ___flneg: [wreg]
  6763                           
  6764     134C  1283               	bcf	3,5	;RP0=0, select bank0
  6765     134D  1303               	bcf	3,6	;RP1=0, select bank0
  6766     134E  0823               	movf	___flneg@f1+3,w
  6767     134F  0422               	iorwf	___flneg@f1+2,w
  6768     1350  0421               	iorwf	___flneg@f1+1,w
  6769     1351  0420               	iorwf	___flneg@f1,w
  6770     1352  1903               	skipnz
  6771     1353  2B55               	goto	u5071
  6772     1354  2B56               	goto	u5070
  6773     1355                     u5071:
  6774     1355  2B58               	goto	l3314
  6775     1356                     u5070:
  6776     1356                     l3312:
  6777     1356  3080               	movlw	128
  6778     1357  06A3               	xorwf	___flneg@f1+3,f
  6779     1358                     l3314:
  6780     1358                     l454:
  6781     1358  0008               	return
  6782     1359                     __end_of___flneg:
  6783                           
  6784                           	psect	text17
  6785     0B57                     __ptext17:	
  6786 ;; *************** function ___fldiv *****************
  6787 ;; Defined at:
  6788 ;;		line 8 in file "D:\Software\MPLAB_XC8\pic\sources\c90\common\sprcdiv.c"
  6789 ;; Parameters:    Size  Location     Type
  6790 ;;  a               4   40[BANK0 ] unsigned char 
  6791 ;;  b               4   44[BANK0 ] unsigned char 
  6792 ;; Auto vars:     Size  Location     Type
  6793 ;;  grs             4   60[BANK0 ] unsigned long 
  6794 ;;  rem             4   53[BANK0 ] unsigned long 
  6795 ;;  new_exp         2   58[BANK0 ] int 
  6796 ;;  aexp            1   65[BANK0 ] unsigned char 
  6797 ;;  bexp            1   64[BANK0 ] unsigned char 
  6798 ;;  sign            1   57[BANK0 ] unsigned char 
  6799 ;; Return value:  Size  Location     Type
  6800 ;;                  4   40[BANK0 ] unsigned char 
  6801 ;; Registers used:
  6802 ;;		wreg, status,2, status,0, btemp+1
  6803 ;; Tracked objects:
  6804 ;;		On entry : 0/0
  6805 ;;		On exit  : 0/0
  6806 ;;		Unchanged: 0/0
  6807 ;; Data sizes:     COMMON   BANK0   BANK1   BANK3   BANK2
  6808 ;;      Params:         0       8       0       0       0
  6809 ;;      Locals:         0      13       0       0       0
  6810 ;;      Temps:          0       5       0       0       0
  6811 ;;      Totals:         0      26       0       0       0
  6812 ;;Total ram usage:       26 bytes
  6813 ;; Hardware stack levels used: 1
  6814 ;; Hardware stack levels required when called: 1
  6815 ;; This function calls:
  6816 ;;		Nothing
  6817 ;; This function is called by:
  6818 ;;		_sinu
  6819 ;;		_sin
  6820 ;; This function uses a non-reentrant model
  6821 ;;
  6822                           
  6823     0B57                     ___fldiv:	
  6824                           ;psect for function ___fldiv
  6825                           
  6826     0B57                     l2350:	
  6827                           ;incstack = 0
  6828                           ; Regs used in ___fldiv: [wreg+status,2+status,0+btemp+1]
  6829                           
  6830     0B57  1283               	bcf	3,5	;RP0=0, select bank0
  6831     0B58  1303               	bcf	3,6	;RP1=0, select bank0
  6832     0B59  084F               	movf	___fldiv@b+3,w
  6833     0B5A  3980               	andlw	128
  6834     0B5B  00D9               	movwf	___fldiv@sign
  6835     0B5C                     l2352:
  6836     0B5C  084F               	movf	___fldiv@b+3,w
  6837     0B5D  00D0               	movwf	??___fldiv
  6838     0B5E  0750               	addwf	??___fldiv,w
  6839     0B5F  00E0               	movwf	___fldiv@bexp
  6840     0B60                     l2354:
  6841     0B60  1FCE               	btfss	___fldiv@b+2,7
  6842     0B61  2B63               	goto	u3191
  6843     0B62  2B64               	goto	u3190
  6844     0B63                     u3191:
  6845     0B63  2B65               	goto	l2358
  6846     0B64                     u3190:
  6847     0B64                     l2356:
  6848     0B64  1460               	bsf	___fldiv@bexp,0
  6849     0B65                     l2358:
  6850     0B65  0860               	movf	___fldiv@bexp,w
  6851     0B66  1903               	btfsc	3,2
  6852     0B67  2B69               	goto	u3201
  6853     0B68  2B6A               	goto	u3200
  6854     0B69                     u3201:
  6855     0B69  2B7A               	goto	l2368
  6856     0B6A                     u3200:
  6857     0B6A                     l2360:
  6858     0B6A  0A60               	incf	___fldiv@bexp,w
  6859     0B6B  1D03               	btfss	3,2
  6860     0B6C  2B6E               	goto	u3211
  6861     0B6D  2B6F               	goto	u3210
  6862     0B6E                     u3211:
  6863     0B6E  2B77               	goto	l2364
  6864     0B6F                     u3210:
  6865     0B6F                     l2362:
  6866     0B6F  3000               	movlw	0
  6867     0B70  00CF               	movwf	___fldiv@b+3
  6868     0B71  3000               	movlw	0
  6869     0B72  00CE               	movwf	___fldiv@b+2
  6870     0B73  3000               	movlw	0
  6871     0B74  00CD               	movwf	___fldiv@b+1
  6872     0B75  3000               	movlw	0
  6873     0B76  00CC               	movwf	___fldiv@b
  6874     0B77                     l2364:
  6875     0B77  17CE               	bsf	___fldiv@b+2,7
  6876     0B78                     l2366:
  6877     0B78  01CF               	clrf	___fldiv@b+3
  6878     0B79  2B82               	goto	l2370
  6879     0B7A                     l2368:
  6880     0B7A  3000               	movlw	0
  6881     0B7B  00CF               	movwf	___fldiv@b+3
  6882     0B7C  3000               	movlw	0
  6883     0B7D  00CE               	movwf	___fldiv@b+2
  6884     0B7E  3000               	movlw	0
  6885     0B7F  00CD               	movwf	___fldiv@b+1
  6886     0B80  3000               	movlw	0
  6887     0B81  00CC               	movwf	___fldiv@b
  6888     0B82                     l2370:
  6889     0B82  084B               	movf	___fldiv@a+3,w
  6890     0B83  3980               	andlw	128
  6891     0B84  00FF               	movwf	btemp+1
  6892     0B85  087F               	movf	btemp+1,w
  6893     0B86  06D9               	xorwf	___fldiv@sign,f
  6894     0B87                     l2372:
  6895     0B87  084B               	movf	___fldiv@a+3,w
  6896     0B88  00D0               	movwf	??___fldiv
  6897     0B89  0750               	addwf	??___fldiv,w
  6898     0B8A  00E1               	movwf	___fldiv@aexp
  6899     0B8B                     l2374:
  6900     0B8B  1FCA               	btfss	___fldiv@a+2,7
  6901     0B8C  2B8E               	goto	u3221
  6902     0B8D  2B8F               	goto	u3220
  6903     0B8E                     u3221:
  6904     0B8E  2B90               	goto	l2378
  6905     0B8F                     u3220:
  6906     0B8F                     l2376:
  6907     0B8F  1461               	bsf	___fldiv@aexp,0
  6908     0B90                     l2378:
  6909     0B90  0861               	movf	___fldiv@aexp,w
  6910     0B91  1903               	btfsc	3,2
  6911     0B92  2B94               	goto	u3231
  6912     0B93  2B95               	goto	u3230
  6913     0B94                     u3231:
  6914     0B94  2BA5               	goto	l2388
  6915     0B95                     u3230:
  6916     0B95                     l2380:
  6917     0B95  0A61               	incf	___fldiv@aexp,w
  6918     0B96  1D03               	btfss	3,2
  6919     0B97  2B99               	goto	u3241
  6920     0B98  2B9A               	goto	u3240
  6921     0B99                     u3241:
  6922     0B99  2BA2               	goto	l2384
  6923     0B9A                     u3240:
  6924     0B9A                     l2382:
  6925     0B9A  3000               	movlw	0
  6926     0B9B  00CB               	movwf	___fldiv@a+3
  6927     0B9C  3000               	movlw	0
  6928     0B9D  00CA               	movwf	___fldiv@a+2
  6929     0B9E  3000               	movlw	0
  6930     0B9F  00C9               	movwf	___fldiv@a+1
  6931     0BA0  3000               	movlw	0
  6932     0BA1  00C8               	movwf	___fldiv@a
  6933     0BA2                     l2384:
  6934     0BA2  17CA               	bsf	___fldiv@a+2,7
  6935     0BA3                     l2386:
  6936     0BA3  01CB               	clrf	___fldiv@a+3
  6937     0BA4  2BAD               	goto	l621
  6938     0BA5                     l2388:
  6939     0BA5  3000               	movlw	0
  6940     0BA6  00CB               	movwf	___fldiv@a+3
  6941     0BA7  3000               	movlw	0
  6942     0BA8  00CA               	movwf	___fldiv@a+2
  6943     0BA9  3000               	movlw	0
  6944     0BAA  00C9               	movwf	___fldiv@a+1
  6945     0BAB  3000               	movlw	0
  6946     0BAC  00C8               	movwf	___fldiv@a
  6947     0BAD                     l621:
  6948     0BAD  084B               	movf	___fldiv@a+3,w
  6949     0BAE  044A               	iorwf	___fldiv@a+2,w
  6950     0BAF  0449               	iorwf	___fldiv@a+1,w
  6951     0BB0  0448               	iorwf	___fldiv@a,w
  6952     0BB1  1D03               	skipz
  6953     0BB2  2BB4               	goto	u3251
  6954     0BB3  2BB5               	goto	u3250
  6955     0BB4                     u3251:
  6956     0BB4  2BCE               	goto	l2398
  6957     0BB5                     u3250:
  6958     0BB5                     l2390:
  6959     0BB5  3000               	movlw	0
  6960     0BB6  00CF               	movwf	___fldiv@b+3
  6961     0BB7  3000               	movlw	0
  6962     0BB8  00CE               	movwf	___fldiv@b+2
  6963     0BB9  3000               	movlw	0
  6964     0BBA  00CD               	movwf	___fldiv@b+1
  6965     0BBB  3000               	movlw	0
  6966     0BBC  00CC               	movwf	___fldiv@b
  6967     0BBD  3080               	movlw	128
  6968     0BBE  04CE               	iorwf	___fldiv@b+2,f
  6969     0BBF  307F               	movlw	127
  6970     0BC0  04CF               	iorwf	___fldiv@b+3,f
  6971     0BC1                     l2392:
  6972     0BC1  0859               	movf	___fldiv@sign,w
  6973     0BC2  00FF               	movwf	btemp+1
  6974     0BC3  087F               	movf	btemp+1,w
  6975     0BC4  04CF               	iorwf	___fldiv@b+3,f
  6976     0BC5                     l2394:
  6977     0BC5  084F               	movf	___fldiv@b+3,w
  6978     0BC6  00CB               	movwf	?___fldiv+3
  6979     0BC7  084E               	movf	___fldiv@b+2,w
  6980     0BC8  00CA               	movwf	?___fldiv+2
  6981     0BC9  084D               	movf	___fldiv@b+1,w
  6982     0BCA  00C9               	movwf	?___fldiv+1
  6983     0BCB  084C               	movf	___fldiv@b,w
  6984     0BCC  00C8               	movwf	?___fldiv
  6985     0BCD  2D25               	goto	l623
  6986     0BCE                     l2398:
  6987     0BCE  0860               	movf	___fldiv@bexp,w
  6988     0BCF  1D03               	btfss	3,2
  6989     0BD0  2BD2               	goto	u3261
  6990     0BD1  2BD3               	goto	u3260
  6991     0BD2                     u3261:
  6992     0BD2  2BDC               	goto	l2404
  6993     0BD3                     u3260:
  6994     0BD3                     l2400:
  6995     0BD3  3000               	movlw	0
  6996     0BD4  00CB               	movwf	?___fldiv+3
  6997     0BD5  3000               	movlw	0
  6998     0BD6  00CA               	movwf	?___fldiv+2
  6999     0BD7  3000               	movlw	0
  7000     0BD8  00C9               	movwf	?___fldiv+1
  7001     0BD9  3000               	movlw	0
  7002     0BDA  00C8               	movwf	?___fldiv
  7003     0BDB  2D25               	goto	l623
  7004     0BDC                     l2404:
  7005     0BDC  0860               	movf	___fldiv@bexp,w
  7006     0BDD  00D0               	movwf	??___fldiv
  7007     0BDE  01D1               	clrf	??___fldiv+1
  7008     0BDF  0851               	movf	??___fldiv+1,w
  7009     0BE0  00D3               	movwf	??___fldiv+3
  7010     0BE1  0861               	movf	___fldiv@aexp,w
  7011     0BE2  0250               	subwf	??___fldiv,w
  7012     0BE3  00D2               	movwf	??___fldiv+2
  7013     0BE4  1C03               	skipc
  7014     0BE5  03D3               	decf	??___fldiv+3,f
  7015     0BE6  0852               	movf	??___fldiv+2,w
  7016     0BE7  3E7F               	addlw	127
  7017     0BE8  00DA               	movwf	___fldiv@new_exp
  7018     0BE9  0853               	movf	??___fldiv+3,w
  7019     0BEA  1803               	skipnc
  7020     0BEB  3E01               	addlw	1
  7021     0BEC  3E00               	addlw	0
  7022     0BED  00DB               	movwf	___fldiv@new_exp+1
  7023     0BEE                     l2406:
  7024     0BEE  084F               	movf	___fldiv@b+3,w
  7025     0BEF  00D8               	movwf	___fldiv@rem+3
  7026     0BF0  084E               	movf	___fldiv@b+2,w
  7027     0BF1  00D7               	movwf	___fldiv@rem+2
  7028     0BF2  084D               	movf	___fldiv@b+1,w
  7029     0BF3  00D6               	movwf	___fldiv@rem+1
  7030     0BF4  084C               	movf	___fldiv@b,w
  7031     0BF5  00D5               	movwf	___fldiv@rem
  7032     0BF6                     l2408:
  7033     0BF6  3000               	movlw	0
  7034     0BF7  00CF               	movwf	___fldiv@b+3
  7035     0BF8  3000               	movlw	0
  7036     0BF9  00CE               	movwf	___fldiv@b+2
  7037     0BFA  3000               	movlw	0
  7038     0BFB  00CD               	movwf	___fldiv@b+1
  7039     0BFC  3000               	movlw	0
  7040     0BFD  00CC               	movwf	___fldiv@b
  7041     0BFE                     l2410:
  7042     0BFE  3000               	movlw	0
  7043     0BFF  00DF               	movwf	___fldiv@grs+3
  7044     0C00  3000               	movlw	0
  7045     0C01  00DE               	movwf	___fldiv@grs+2
  7046     0C02  3000               	movlw	0
  7047     0C03  00DD               	movwf	___fldiv@grs+1
  7048     0C04  3000               	movlw	0
  7049     0C05  00DC               	movwf	___fldiv@grs
  7050     0C06                     l2412:
  7051     0C06  01E1               	clrf	___fldiv@aexp
  7052     0C07  2C52               	goto	l2432
  7053     0C08                     l2414:
  7054     0C08  0861               	movf	___fldiv@aexp,w
  7055     0C09  1903               	btfsc	3,2
  7056     0C0A  2C0C               	goto	u3271
  7057     0C0B  2C0D               	goto	u3270
  7058     0C0C                     u3271:
  7059     0C0C  2C2D               	goto	l2424
  7060     0C0D                     u3270:
  7061     0C0D                     l2416:
  7062     0C0D  3001               	movlw	1
  7063     0C0E  00D0               	movwf	??___fldiv
  7064     0C0F                     u3285:
  7065     0C0F  1003               	clrc
  7066     0C10  0DD5               	rlf	___fldiv@rem,f
  7067     0C11  0DD6               	rlf	___fldiv@rem+1,f
  7068     0C12  0DD7               	rlf	___fldiv@rem+2,f
  7069     0C13  0DD8               	rlf	___fldiv@rem+3,f
  7070     0C14  0BD0               	decfsz	??___fldiv,f
  7071     0C15  2C0F               	goto	u3285
  7072     0C16  3001               	movlw	1
  7073     0C17  00D0               	movwf	??___fldiv
  7074     0C18                     u3295:
  7075     0C18  1003               	clrc
  7076     0C19  0DCC               	rlf	___fldiv@b,f
  7077     0C1A  0DCD               	rlf	___fldiv@b+1,f
  7078     0C1B  0DCE               	rlf	___fldiv@b+2,f
  7079     0C1C  0DCF               	rlf	___fldiv@b+3,f
  7080     0C1D  0BD0               	decfsz	??___fldiv,f
  7081     0C1E  2C18               	goto	u3295
  7082     0C1F                     l2418:
  7083     0C1F  1FDF               	btfss	___fldiv@grs+3,7
  7084     0C20  2C22               	goto	u3301
  7085     0C21  2C23               	goto	u3300
  7086     0C22                     u3301:
  7087     0C22  2C24               	goto	l2422
  7088     0C23                     u3300:
  7089     0C23                     l2420:
  7090     0C23  144C               	bsf	___fldiv@b,0
  7091     0C24                     l2422:
  7092     0C24  3001               	movlw	1
  7093     0C25  00D0               	movwf	??___fldiv
  7094     0C26                     u3315:
  7095     0C26  1003               	clrc
  7096     0C27  0DDC               	rlf	___fldiv@grs,f
  7097     0C28  0DDD               	rlf	___fldiv@grs+1,f
  7098     0C29  0DDE               	rlf	___fldiv@grs+2,f
  7099     0C2A  0DDF               	rlf	___fldiv@grs+3,f
  7100     0C2B  0BD0               	decfsz	??___fldiv,f
  7101     0C2C  2C26               	goto	u3315
  7102     0C2D                     l2424:
  7103     0C2D  084B               	movf	___fldiv@a+3,w
  7104     0C2E  0258               	subwf	___fldiv@rem+3,w
  7105     0C2F  1D03               	skipz
  7106     0C30  2C3B               	goto	u3325
  7107     0C31  084A               	movf	___fldiv@a+2,w
  7108     0C32  0257               	subwf	___fldiv@rem+2,w
  7109     0C33  1D03               	skipz
  7110     0C34  2C3B               	goto	u3325
  7111     0C35  0849               	movf	___fldiv@a+1,w
  7112     0C36  0256               	subwf	___fldiv@rem+1,w
  7113     0C37  1D03               	skipz
  7114     0C38  2C3B               	goto	u3325
  7115     0C39  0848               	movf	___fldiv@a,w
  7116     0C3A  0255               	subwf	___fldiv@rem,w
  7117     0C3B                     u3325:
  7118     0C3B  1C03               	skipc
  7119     0C3C  2C3E               	goto	u3321
  7120     0C3D  2C3F               	goto	u3320
  7121     0C3E                     u3321:
  7122     0C3E  2C4E               	goto	l2430
  7123     0C3F                     u3320:
  7124     0C3F                     l2426:
  7125     0C3F  175F               	bsf	___fldiv@grs+3,6
  7126     0C40                     l2428:
  7127     0C40  0848               	movf	___fldiv@a,w
  7128     0C41  02D5               	subwf	___fldiv@rem,f
  7129     0C42  0849               	movf	___fldiv@a+1,w
  7130     0C43  1C03               	skipc
  7131     0C44  0F49               	incfsz	___fldiv@a+1,w
  7132     0C45  02D6               	subwf	___fldiv@rem+1,f
  7133     0C46  084A               	movf	___fldiv@a+2,w
  7134     0C47  1C03               	skipc
  7135     0C48  0F4A               	incfsz	___fldiv@a+2,w
  7136     0C49  02D7               	subwf	___fldiv@rem+2,f
  7137     0C4A  084B               	movf	___fldiv@a+3,w
  7138     0C4B  1C03               	skipc
  7139     0C4C  0F4B               	incfsz	___fldiv@a+3,w
  7140     0C4D  02D8               	subwf	___fldiv@rem+3,f
  7141     0C4E                     l2430:
  7142     0C4E  3001               	movlw	1
  7143     0C4F  00FF               	movwf	btemp+1
  7144     0C50  087F               	movf	btemp+1,w
  7145     0C51  07E1               	addwf	___fldiv@aexp,f
  7146     0C52                     l2432:
  7147     0C52  301A               	movlw	26
  7148     0C53  0261               	subwf	___fldiv@aexp,w
  7149     0C54  1C03               	skipc
  7150     0C55  2C57               	goto	u3331
  7151     0C56  2C58               	goto	u3330
  7152     0C57                     u3331:
  7153     0C57  2C08               	goto	l2414
  7154     0C58                     u3330:
  7155     0C58                     l2434:
  7156     0C58  0858               	movf	___fldiv@rem+3,w
  7157     0C59  0457               	iorwf	___fldiv@rem+2,w
  7158     0C5A  0456               	iorwf	___fldiv@rem+1,w
  7159     0C5B  0455               	iorwf	___fldiv@rem,w
  7160     0C5C  1903               	skipnz
  7161     0C5D  2C5F               	goto	u3341
  7162     0C5E  2C60               	goto	u3340
  7163     0C5F                     u3341:
  7164     0C5F  2C7F               	goto	l2448
  7165     0C60                     u3340:
  7166     0C60                     l2436:
  7167     0C60  145C               	bsf	___fldiv@grs,0
  7168     0C61  2C7F               	goto	l2448
  7169     0C62                     l2438:
  7170     0C62  3001               	movlw	1
  7171     0C63  00D0               	movwf	??___fldiv
  7172     0C64                     u3355:
  7173     0C64  1003               	clrc
  7174     0C65  0DCC               	rlf	___fldiv@b,f
  7175     0C66  0DCD               	rlf	___fldiv@b+1,f
  7176     0C67  0DCE               	rlf	___fldiv@b+2,f
  7177     0C68  0DCF               	rlf	___fldiv@b+3,f
  7178     0C69  0BD0               	decfsz	??___fldiv,f
  7179     0C6A  2C64               	goto	u3355
  7180     0C6B                     l2440:
  7181     0C6B  1FDF               	btfss	___fldiv@grs+3,7
  7182     0C6C  2C6E               	goto	u3361
  7183     0C6D  2C6F               	goto	u3360
  7184     0C6E                     u3361:
  7185     0C6E  2C70               	goto	l2444
  7186     0C6F                     u3360:
  7187     0C6F                     l2442:
  7188     0C6F  144C               	bsf	___fldiv@b,0
  7189     0C70                     l2444:
  7190     0C70  3001               	movlw	1
  7191     0C71  00D0               	movwf	??___fldiv
  7192     0C72                     u3375:
  7193     0C72  1003               	clrc
  7194     0C73  0DDC               	rlf	___fldiv@grs,f
  7195     0C74  0DDD               	rlf	___fldiv@grs+1,f
  7196     0C75  0DDE               	rlf	___fldiv@grs+2,f
  7197     0C76  0DDF               	rlf	___fldiv@grs+3,f
  7198     0C77  0BD0               	decfsz	??___fldiv,f
  7199     0C78  2C72               	goto	u3375
  7200     0C79                     l2446:
  7201     0C79  30FF               	movlw	255
  7202     0C7A  07DA               	addwf	___fldiv@new_exp,f
  7203     0C7B  1803               	skipnc
  7204     0C7C  0ADB               	incf	___fldiv@new_exp+1,f
  7205     0C7D  30FF               	movlw	255
  7206     0C7E  07DB               	addwf	___fldiv@new_exp+1,f
  7207     0C7F                     l2448:
  7208     0C7F  1FCE               	btfss	___fldiv@b+2,7
  7209     0C80  2C82               	goto	u3381
  7210     0C81  2C83               	goto	u3380
  7211     0C82                     u3381:
  7212     0C82  2C62               	goto	l2438
  7213     0C83                     u3380:
  7214     0C83                     l2450:
  7215     0C83  01E1               	clrf	___fldiv@aexp
  7216     0C84                     l2452:
  7217     0C84  1FDF               	btfss	___fldiv@grs+3,7
  7218     0C85  2C87               	goto	u3391
  7219     0C86  2C88               	goto	u3390
  7220     0C87                     u3391:
  7221     0C87  2CA4               	goto	l2460
  7222     0C88                     u3390:
  7223     0C88                     l2454:
  7224     0C88  30FF               	movlw	255
  7225     0C89  055C               	andwf	___fldiv@grs,w
  7226     0C8A  00D0               	movwf	??___fldiv
  7227     0C8B  30FF               	movlw	255
  7228     0C8C  055D               	andwf	___fldiv@grs+1,w
  7229     0C8D  00D1               	movwf	??___fldiv+1
  7230     0C8E  30FF               	movlw	255
  7231     0C8F  055E               	andwf	___fldiv@grs+2,w
  7232     0C90  00D2               	movwf	??___fldiv+2
  7233     0C91  307F               	movlw	127
  7234     0C92  055F               	andwf	___fldiv@grs+3,w
  7235     0C93  00D3               	movwf	??___fldiv+3
  7236     0C94  0853               	movf	??___fldiv+3,w
  7237     0C95  0452               	iorwf	??___fldiv+2,w
  7238     0C96  0451               	iorwf	??___fldiv+1,w
  7239     0C97  0450               	iorwf	??___fldiv,w
  7240     0C98  1903               	skipnz
  7241     0C99  2C9B               	goto	u3401
  7242     0C9A  2C9C               	goto	u3400
  7243     0C9B                     u3401:
  7244     0C9B  2C9F               	goto	l637
  7245     0C9C                     u3400:
  7246     0C9C                     l2456:
  7247     0C9C  01E1               	clrf	___fldiv@aexp
  7248     0C9D  0AE1               	incf	___fldiv@aexp,f
  7249     0C9E  2CA4               	goto	l2460
  7250     0C9F                     l637:
  7251     0C9F  1C4C               	btfss	___fldiv@b,0
  7252     0CA0  2CA2               	goto	u3411
  7253     0CA1  2CA3               	goto	u3410
  7254     0CA2                     u3411:
  7255     0CA2  2CA4               	goto	l2460
  7256     0CA3                     u3410:
  7257     0CA3  2C9C               	goto	l2456
  7258     0CA4                     l2460:
  7259     0CA4  0861               	movf	___fldiv@aexp,w
  7260     0CA5  1903               	btfsc	3,2
  7261     0CA6  2CA8               	goto	u3421
  7262     0CA7  2CA9               	goto	u3420
  7263     0CA8                     u3421:
  7264     0CA8  2CDA               	goto	l2470
  7265     0CA9                     u3420:
  7266     0CA9                     l2462:
  7267     0CA9  3001               	movlw	1
  7268     0CAA  07CC               	addwf	___fldiv@b,f
  7269     0CAB  3000               	movlw	0
  7270     0CAC  1803               	skipnc
  7271     0CAD  3001               	movlw	1
  7272     0CAE  07CD               	addwf	___fldiv@b+1,f
  7273     0CAF  3000               	movlw	0
  7274     0CB0  1803               	skipnc
  7275     0CB1  3001               	movlw	1
  7276     0CB2  07CE               	addwf	___fldiv@b+2,f
  7277     0CB3  3000               	movlw	0
  7278     0CB4  1803               	skipnc
  7279     0CB5  3001               	movlw	1
  7280     0CB6  07CF               	addwf	___fldiv@b+3,f
  7281     0CB7                     l2464:
  7282     0CB7  1C4F               	btfss	___fldiv@b+3,0
  7283     0CB8  2CBA               	goto	u3431
  7284     0CB9  2CBB               	goto	u3430
  7285     0CBA                     u3431:
  7286     0CBA  2CDA               	goto	l2470
  7287     0CBB                     u3430:
  7288     0CBB                     l2466:
  7289     0CBB  084C               	movf	___fldiv@b,w
  7290     0CBC  00D0               	movwf	??___fldiv
  7291     0CBD  084D               	movf	___fldiv@b+1,w
  7292     0CBE  00D1               	movwf	??___fldiv+1
  7293     0CBF  084E               	movf	___fldiv@b+2,w
  7294     0CC0  00D2               	movwf	??___fldiv+2
  7295     0CC1  084F               	movf	___fldiv@b+3,w
  7296     0CC2  00D3               	movwf	??___fldiv+3
  7297     0CC3  3001               	movlw	1
  7298     0CC4  00D4               	movwf	??___fldiv+4
  7299     0CC5                     u3445:
  7300     0CC5  0D53               	rlf	??___fldiv+3,w
  7301     0CC6  0CD3               	rrf	??___fldiv+3,f
  7302     0CC7  0CD2               	rrf	??___fldiv+2,f
  7303     0CC8  0CD1               	rrf	??___fldiv+1,f
  7304     0CC9  0CD0               	rrf	??___fldiv,f
  7305     0CCA                     u3440:
  7306     0CCA  0BD4               	decfsz	??___fldiv+4,f
  7307     0CCB  2CC5               	goto	u3445
  7308     0CCC  0853               	movf	??___fldiv+3,w
  7309     0CCD  00CF               	movwf	___fldiv@b+3
  7310     0CCE  0852               	movf	??___fldiv+2,w
  7311     0CCF  00CE               	movwf	___fldiv@b+2
  7312     0CD0  0851               	movf	??___fldiv+1,w
  7313     0CD1  00CD               	movwf	___fldiv@b+1
  7314     0CD2  0850               	movf	??___fldiv,w
  7315     0CD3  00CC               	movwf	___fldiv@b
  7316     0CD4                     l2468:
  7317     0CD4  3001               	movlw	1
  7318     0CD5  07DA               	addwf	___fldiv@new_exp,f
  7319     0CD6  1803               	skipnc
  7320     0CD7  0ADB               	incf	___fldiv@new_exp+1,f
  7321     0CD8  3000               	movlw	0
  7322     0CD9  07DB               	addwf	___fldiv@new_exp+1,f
  7323     0CDA                     l2470:
  7324     0CDA  085B               	movf	___fldiv@new_exp+1,w
  7325     0CDB  3A80               	xorlw	128
  7326     0CDC  00FF               	movwf	btemp+1
  7327     0CDD  3080               	movlw	128
  7328     0CDE  027F               	subwf	btemp+1,w
  7329     0CDF  1D03               	skipz
  7330     0CE0  2CE3               	goto	u3455
  7331     0CE1  30FF               	movlw	255
  7332     0CE2  025A               	subwf	___fldiv@new_exp,w
  7333     0CE3                     u3455:
  7334     0CE3  1C03               	skipc
  7335     0CE4  2CE6               	goto	u3451
  7336     0CE5  2CE7               	goto	u3450
  7337     0CE6                     u3451:
  7338     0CE6  2CF5               	goto	l2474
  7339     0CE7                     u3450:
  7340     0CE7                     l2472:
  7341     0CE7  30FF               	movlw	255
  7342     0CE8  1283               	bcf	3,5	;RP0=0, select bank0
  7343     0CE9  1303               	bcf	3,6	;RP1=0, select bank0
  7344     0CEA  00DA               	movwf	___fldiv@new_exp
  7345     0CEB  3000               	movlw	0
  7346     0CEC  00DB               	movwf	___fldiv@new_exp+1
  7347     0CED  3000               	movlw	0
  7348     0CEE  00CF               	movwf	___fldiv@b+3
  7349     0CEF  3000               	movlw	0
  7350     0CF0  00CE               	movwf	___fldiv@b+2
  7351     0CF1  3000               	movlw	0
  7352     0CF2  00CD               	movwf	___fldiv@b+1
  7353     0CF3  3000               	movlw	0
  7354     0CF4  00CC               	movwf	___fldiv@b
  7355     0CF5                     l2474:
  7356     0CF5  1283               	bcf	3,5	;RP0=0, select bank0
  7357     0CF6  1303               	bcf	3,6	;RP1=0, select bank0
  7358     0CF7  085B               	movf	___fldiv@new_exp+1,w
  7359     0CF8  3A80               	xorlw	128
  7360     0CF9  00FF               	movwf	btemp+1
  7361     0CFA  3080               	movlw	128
  7362     0CFB  027F               	subwf	btemp+1,w
  7363     0CFC  1D03               	skipz
  7364     0CFD  2D00               	goto	u3465
  7365     0CFE  3001               	movlw	1
  7366     0CFF  025A               	subwf	___fldiv@new_exp,w
  7367     0D00                     u3465:
  7368     0D00  1803               	skipnc
  7369     0D01  2D03               	goto	u3461
  7370     0D02  2D04               	goto	u3460
  7371     0D03                     u3461:
  7372     0D03  2D11               	goto	l643
  7373     0D04                     u3460:
  7374     0D04                     l2476:
  7375     0D04  1283               	bcf	3,5	;RP0=0, select bank0
  7376     0D05  1303               	bcf	3,6	;RP1=0, select bank0
  7377     0D06  01DA               	clrf	___fldiv@new_exp
  7378     0D07  01DB               	clrf	___fldiv@new_exp+1
  7379     0D08                     l2478:
  7380     0D08  3000               	movlw	0
  7381     0D09  00CF               	movwf	___fldiv@b+3
  7382     0D0A  3000               	movlw	0
  7383     0D0B  00CE               	movwf	___fldiv@b+2
  7384     0D0C  3000               	movlw	0
  7385     0D0D  00CD               	movwf	___fldiv@b+1
  7386     0D0E  3000               	movlw	0
  7387     0D0F  00CC               	movwf	___fldiv@b
  7388     0D10                     l2480:
  7389     0D10  01D9               	clrf	___fldiv@sign
  7390     0D11                     l643:
  7391     0D11  1283               	bcf	3,5	;RP0=0, select bank0
  7392     0D12  1303               	bcf	3,6	;RP1=0, select bank0
  7393     0D13  085A               	movf	___fldiv@new_exp,w
  7394     0D14  00E0               	movwf	___fldiv@bexp
  7395     0D15                     l2482:
  7396     0D15  1C60               	btfss	___fldiv@bexp,0
  7397     0D16  2D18               	goto	u3471
  7398     0D17  2D19               	goto	u3470
  7399     0D18                     u3471:
  7400     0D18  2D1B               	goto	l2486
  7401     0D19                     u3470:
  7402     0D19                     l2484:
  7403     0D19  17CE               	bsf	___fldiv@b+2,7
  7404     0D1A  2D1F               	goto	l2488
  7405     0D1B                     l2486:
  7406     0D1B  307F               	movlw	127
  7407     0D1C  00FF               	movwf	btemp+1
  7408     0D1D  087F               	movf	btemp+1,w
  7409     0D1E  05CE               	andwf	___fldiv@b+2,f
  7410     0D1F                     l2488:
  7411     0D1F  0860               	movf	___fldiv@bexp,w
  7412     0D20  00D0               	movwf	??___fldiv
  7413     0D21  1003               	clrc
  7414     0D22  0C50               	rrf	??___fldiv,w
  7415     0D23  00CF               	movwf	___fldiv@b+3
  7416     0D24  2BC1               	goto	l2392
  7417     0D25                     l623:
  7418     0D25  0008               	return
  7419     0D26                     __end_of___fldiv:
  7420                           
  7421                           	psect	text18
  7422     07B2                     __ptext18:	
  7423 ;; *************** function _sierra *****************
  7424 ;; Defined at:
  7425 ;;		line 150 in file "Generador_senales.c"
  7426 ;; Parameters:    Size  Location     Type
  7427 ;;  amplitud3       2    3[BANK0 ] int 
  7428 ;;  resolucion3     2    5[BANK0 ] int 
  7429 ;; Auto vars:     Size  Location     Type
  7430 ;;		None
  7431 ;; Return value:  Size  Location     Type
  7432 ;;                  1    wreg      void 
  7433 ;; Registers used:
  7434 ;;		wreg, status,2, status,0, btemp+1, pclath, cstack
  7435 ;; Tracked objects:
  7436 ;;		On entry : 0/0
  7437 ;;		On exit  : 0/0
  7438 ;;		Unchanged: 0/0
  7439 ;; Data sizes:     COMMON   BANK0   BANK1   BANK3   BANK2
  7440 ;;      Params:         0       4       0       0       0
  7441 ;;      Locals:         0       0       0       0       0
  7442 ;;      Temps:          0       2       0       0       0
  7443 ;;      Totals:         0       6       0       0       0
  7444 ;;Total ram usage:        6 bytes
  7445 ;; Hardware stack levels used: 1
  7446 ;; Hardware stack levels required when called: 3
  7447 ;; This function calls:
  7448 ;;		_DAC_Write_Value
  7449 ;; This function is called by:
  7450 ;;		_main
  7451 ;; This function uses a non-reentrant model
  7452 ;;
  7453                           
  7454     07B2                     _sierra:	
  7455                           ;psect for function _sierra
  7456                           
  7457     07B2                     l3500:	
  7458                           ;incstack = 0
  7459                           ; Regs used in _sierra: [wreg+status,2+status,0+btemp+1+pclath+cstack]
  7460                           
  7461                           
  7462                           ;Generador_senales.c: 150: void sierra(int amplitud3, int resolucion3);Generador_senales
      +                          .c: 151: {;Generador_senales.c: 152:     while(n<=amplitud3)
  7463     07B2  2FDA               	goto	l3508
  7464     07B3                     l3502:
  7465                           
  7466                           ;Generador_senales.c: 153:     {;Generador_senales.c: 154:     DAC_Write_Value(0xC0, n);
  7467     07B3  1683               	bsf	3,5	;RP0=1, select bank1
  7468     07B4  1303               	bcf	3,6	;RP1=0, select bank1
  7469     07B5  0866               	movf	(_n+1)^(0+128),w
  7470     07B6  00F6               	movwf	DAC_Write_Value@data+1
  7471     07B7  0865               	movf	_n^(0+128),w
  7472     07B8  00F5               	movwf	DAC_Write_Value@data
  7473     07B9  30C0               	movlw	192
  7474     07BA  160A  118A  23FB  120A  118A  	fcall	_DAC_Write_Value
  7475     07BF                     l3504:
  7476                           
  7477                           ;Generador_senales.c: 155:     n=n+resolucion3;
  7478     07BF  1283               	bcf	3,5	;RP0=0, select bank0
  7479     07C0  1303               	bcf	3,6	;RP1=0, select bank0
  7480     07C1  0825               	movf	sierra@resolucion3,w
  7481     07C2  1683               	bsf	3,5	;RP0=1, select bank1
  7482     07C3  1303               	bcf	3,6	;RP1=0, select bank1
  7483     07C4  0765               	addwf	_n^(0+128),w
  7484     07C5  00E5               	movwf	_n^(0+128)
  7485     07C6  1283               	bcf	3,5	;RP0=0, select bank0
  7486     07C7  1303               	bcf	3,6	;RP1=0, select bank0
  7487     07C8  0826               	movf	sierra@resolucion3+1,w
  7488     07C9  1803               	skipnc
  7489     07CA  0A26               	incf	sierra@resolucion3+1,w
  7490     07CB  1683               	bsf	3,5	;RP0=1, select bank1
  7491     07CC  1303               	bcf	3,6	;RP1=0, select bank1
  7492     07CD  0766               	addwf	(_n+1)^(0+128),w
  7493     07CE  00E6               	movwf	(_n+1)^(0+128)
  7494     07CF                     l3506:
  7495                           
  7496                           ;Generador_senales.c: 156:     _delay((unsigned long)((dl)*(20000000/4000.0)));
  7497     07CF  3007               	movlw	7
  7498     07D0  1283               	bcf	3,5	;RP0=0, select bank0
  7499     07D1  1303               	bcf	3,6	;RP1=0, select bank0
  7500     07D2  00A8               	movwf	??_sierra+1
  7501     07D3  307C               	movlw	124
  7502     07D4  00A7               	movwf	??_sierra
  7503     07D5                     u5447:
  7504     07D5  0BA7               	decfsz	??_sierra,f
  7505     07D6  2FD5               	goto	u5447
  7506     07D7  0BA8               	decfsz	??_sierra+1,f
  7507     07D8  2FD5               	goto	u5447
  7508     07D9  0000               	nop
  7509     07DA                     l3508:
  7510                           
  7511                           ;Generador_senales.c: 152:     while(n<=amplitud3)
  7512     07DA  1283               	bcf	3,5	;RP0=0, select bank0
  7513     07DB  1303               	bcf	3,6	;RP1=0, select bank0
  7514     07DC  0824               	movf	sierra@amplitud3+1,w
  7515     07DD  3A80               	xorlw	128
  7516     07DE  00A7               	movwf	??_sierra
  7517     07DF  1683               	bsf	3,5	;RP0=1, select bank1
  7518     07E0  1303               	bcf	3,6	;RP1=0, select bank1
  7519     07E1  0866               	movf	(_n+1)^(0+128),w
  7520     07E2  3A80               	xorlw	128
  7521     07E3  1283               	bcf	3,5	;RP0=0, select bank0
  7522     07E4  1303               	bcf	3,6	;RP1=0, select bank0
  7523     07E5  0227               	subwf	??_sierra,w
  7524     07E6  1D03               	skipz
  7525     07E7  2FEE               	goto	u5365
  7526     07E8  1683               	bsf	3,5	;RP0=1, select bank1
  7527     07E9  1303               	bcf	3,6	;RP1=0, select bank1
  7528     07EA  0865               	movf	_n^(0+128),w
  7529     07EB  1283               	bcf	3,5	;RP0=0, select bank0
  7530     07EC  1303               	bcf	3,6	;RP1=0, select bank0
  7531     07ED  0223               	subwf	sierra@amplitud3,w
  7532     07EE                     u5365:
  7533     07EE  1803               	skipnc
  7534     07EF  2FF1               	goto	u5361
  7535     07F0  2FF2               	goto	u5360
  7536     07F1                     u5361:
  7537     07F1  2FB3               	goto	l3502
  7538     07F2                     u5360:
  7539     07F2                     l3510:
  7540                           
  7541                           ;Generador_senales.c: 158:     n=0;
  7542     07F2  1683               	bsf	3,5	;RP0=1, select bank1
  7543     07F3  1303               	bcf	3,6	;RP1=0, select bank1
  7544     07F4  01E5               	clrf	_n^(0+128)
  7545     07F5  01E6               	clrf	(_n+1)^(0+128)
  7546     07F6                     l110:
  7547     07F6  0008               	return
  7548     07F7                     __end_of_sierra:
  7549                           
  7550                           	psect	text19
  7551     13FB                     __ptext19:	
  7552 ;; *************** function _DAC_Write_Value *****************
  7553 ;; Defined at:
  7554 ;;		line 21 in file "mcp4725.c"
  7555 ;; Parameters:    Size  Location     Type
  7556 ;;  address         1    wreg     unsigned char 
  7557 ;;  data            2    5[COMMON] int 
  7558 ;; Auto vars:     Size  Location     Type
  7559 ;;  address         1    2[BANK0 ] unsigned char 
  7560 ;; Return value:  Size  Location     Type
  7561 ;;                  1    wreg      void 
  7562 ;; Registers used:
  7563 ;;		wreg, status,2, status,0, btemp+1, pclath, cstack
  7564 ;; Tracked objects:
  7565 ;;		On entry : 0/0
  7566 ;;		On exit  : 0/0
  7567 ;;		Unchanged: 0/0
  7568 ;; Data sizes:     COMMON   BANK0   BANK1   BANK3   BANK2
  7569 ;;      Params:         2       0       0       0       0
  7570 ;;      Locals:         0       1       0       0       0
  7571 ;;      Temps:          0       2       0       0       0
  7572 ;;      Totals:         2       3       0       0       0
  7573 ;;Total ram usage:        5 bytes
  7574 ;; Hardware stack levels used: 1
  7575 ;; Hardware stack levels required when called: 2
  7576 ;; This function calls:
  7577 ;;		_I2C_Start
  7578 ;;		_I2C_Stop
  7579 ;;		_I2C_Write
  7580 ;; This function is called by:
  7581 ;;		_main
  7582 ;;		_sinu
  7583 ;;		_triang
  7584 ;;		_sierra
  7585 ;; This function uses a non-reentrant model
  7586 ;;
  7587                           
  7588     13FB                     _DAC_Write_Value:	
  7589                           ;psect for function _DAC_Write_Value
  7590                           
  7591                           
  7592                           ;incstack = 0
  7593                           ; Regs used in _DAC_Write_Value: [wreg+status,2+status,0+btemp+1+pclath+cstack]
  7594                           ;DAC_Write_Value@address stored from wreg
  7595     13FB  1283               	bcf	3,5	;RP0=0, select bank0
  7596     13FC  1303               	bcf	3,6	;RP1=0, select bank0
  7597     13FD  00A2               	movwf	DAC_Write_Value@address
  7598     13FE                     l3364:
  7599                           
  7600                           ;mcp4725.c: 21: void DAC_Write_Value(unsigned char address, int data);mcp4725.c: 22: {;m
      +                          cp4725.c: 23:     I2C_Start();
  7601     13FE  160A  118A  2342  160A  118A  	fcall	_I2C_Start
  7602     1403                     l3366:
  7603                           
  7604                           ;mcp4725.c: 24:     I2C_Write(address);
  7605     1403  1283               	bcf	3,5	;RP0=0, select bank0
  7606     1404  1303               	bcf	3,6	;RP1=0, select bank0
  7607     1405  0822               	movf	DAC_Write_Value@address,w
  7608     1406  120A  158A  200A  160A  118A  	fcall	_I2C_Write
  7609     140B                     l3368:
  7610                           
  7611                           ;mcp4725.c: 25:     I2C_Write(0x40);
  7612     140B  3040               	movlw	64
  7613     140C  120A  158A  200A  160A  118A  	fcall	_I2C_Write
  7614     1411                     l3370:
  7615                           
  7616                           ;mcp4725.c: 26:     I2C_Write((data & 0xFF0) >> 4);
  7617     1411  0876               	movf	DAC_Write_Value@data+1,w
  7618     1412  1283               	bcf	3,5	;RP0=0, select bank0
  7619     1413  1303               	bcf	3,6	;RP1=0, select bank0
  7620     1414  00A1               	movwf	??_DAC_Write_Value+1
  7621     1415  0875               	movf	DAC_Write_Value@data,w
  7622     1416  00A0               	movwf	??_DAC_Write_Value
  7623     1417  3004               	movlw	4
  7624     1418  00FF               	movwf	btemp+1
  7625     1419                     u5155:
  7626     1419  0D21               	rlf	??_DAC_Write_Value+1,w
  7627     141A  0CA1               	rrf	??_DAC_Write_Value+1,f
  7628     141B  0CA0               	rrf	??_DAC_Write_Value,f
  7629     141C  0BFF               	decfsz	btemp+1,f
  7630     141D  2C19               	goto	u5155
  7631     141E  0820               	movf	??_DAC_Write_Value,w
  7632     141F  120A  158A  200A  160A  118A  	fcall	_I2C_Write
  7633     1424                     l3372:
  7634                           
  7635                           ;mcp4725.c: 27:     I2C_Write((data & 0xF) << 4);
  7636     1424  0875               	movf	DAC_Write_Value@data,w
  7637     1425  390F               	andlw	15
  7638     1426  1283               	bcf	3,5	;RP0=0, select bank0
  7639     1427  1303               	bcf	3,6	;RP1=0, select bank0
  7640     1428  00A0               	movwf	??_DAC_Write_Value
  7641     1429  3003               	movlw	3
  7642     142A                     u5165:
  7643     142A  1003               	clrc
  7644     142B  0DA0               	rlf	??_DAC_Write_Value,f
  7645     142C  3EFF               	addlw	-1
  7646     142D  1D03               	skipz
  7647     142E  2C2A               	goto	u5165
  7648     142F  1003               	clrc
  7649     1430  0D20               	rlf	??_DAC_Write_Value,w
  7650     1431  120A  158A  200A  160A  118A  	fcall	_I2C_Write
  7651     1436                     l3374:
  7652                           
  7653                           ;mcp4725.c: 28:     I2C_Stop();
  7654     1436  120A  158A  2000  160A  118A  	fcall	_I2C_Stop
  7655     143B                     l186:
  7656     143B  0008               	return
  7657     143C                     __end_of_DAC_Write_Value:
  7658                           
  7659                           	psect	text20
  7660     1359                     __ptext20:	
  7661 ;; *************** function _I2C_Init_Master *****************
  7662 ;; Defined at:
  7663 ;;		line 12 in file "i2c.c"
  7664 ;; Parameters:    Size  Location     Type
  7665 ;;  sp_i2c          1    wreg     unsigned char 
  7666 ;; Auto vars:     Size  Location     Type
  7667 ;;  sp_i2c          1    4[COMMON] unsigned char 
  7668 ;; Return value:  Size  Location     Type
  7669 ;;                  1    wreg      void 
  7670 ;; Registers used:
  7671 ;;		wreg, status,2, status,0
  7672 ;; Tracked objects:
  7673 ;;		On entry : 0/0
  7674 ;;		On exit  : 0/0
  7675 ;;		Unchanged: 0/0
  7676 ;; Data sizes:     COMMON   BANK0   BANK1   BANK3   BANK2
  7677 ;;      Params:         0       0       0       0       0
  7678 ;;      Locals:         1       0       0       0       0
  7679 ;;      Temps:          0       0       0       0       0
  7680 ;;      Totals:         1       0       0       0       0
  7681 ;;Total ram usage:        1 bytes
  7682 ;; Hardware stack levels used: 1
  7683 ;; Hardware stack levels required when called: 1
  7684 ;; This function calls:
  7685 ;;		Nothing
  7686 ;; This function is called by:
  7687 ;;		_main
  7688 ;; This function uses a non-reentrant model
  7689 ;;
  7690                           
  7691     1359                     _I2C_Init_Master:	
  7692                           ;psect for function _I2C_Init_Master
  7693                           
  7694                           
  7695                           ;incstack = 0
  7696                           ; Regs used in _I2C_Init_Master: [wreg+status,2+status,0]
  7697                           ;I2C_Init_Master@sp_i2c stored from wreg
  7698     1359  00F4               	movwf	I2C_Init_Master@sp_i2c
  7699     135A                     l2626:
  7700                           
  7701                           ;i2c.c: 12: void I2C_Init_Master(unsigned char sp_i2c);i2c.c: 13: {;i2c.c: 14:     TRISC
      +                          bits.TRISC3 = 1;
  7702     135A  1683               	bsf	3,5	;RP0=1, select bank1
  7703     135B  1303               	bcf	3,6	;RP1=0, select bank1
  7704     135C  1587               	bsf	7,3	;volatile
  7705                           
  7706                           ;i2c.c: 15:     TRISCbits.TRISC4 = 1;
  7707     135D  1607               	bsf	7,4	;volatile
  7708     135E                     l2628:
  7709                           
  7710                           ;i2c.c: 16:     SSPSTAT = sp_i2c;
  7711     135E  0874               	movf	I2C_Init_Master@sp_i2c,w
  7712     135F  0094               	movwf	20	;volatile
  7713                           
  7714                           ;i2c.c: 17:  SSPCON = 0x28;
  7715     1360  3028               	movlw	40
  7716     1361  1283               	bcf	3,5	;RP0=0, select bank0
  7717     1362  1303               	bcf	3,6	;RP1=0, select bank0
  7718     1363  0094               	movwf	20	;volatile
  7719     1364                     l2630:
  7720                           
  7721                           ;i2c.c: 18:     SSPCON2 = 0x00;
  7722     1364  1683               	bsf	3,5	;RP0=1, select bank1
  7723     1365  1303               	bcf	3,6	;RP1=0, select bank1
  7724     1366  0191               	clrf	17	;volatile
  7725     1367                     l2632:
  7726                           
  7727                           ;i2c.c: 19:     if(sp_i2c == 0x80){
  7728     1367  3080               	movlw	128
  7729     1368  0674               	xorwf	I2C_Init_Master@sp_i2c,w
  7730     1369  1D03               	btfss	3,2
  7731     136A  2B6C               	goto	u3731
  7732     136B  2B6D               	goto	u3730
  7733     136C                     u3731:
  7734     136C  2B70               	goto	l2636
  7735     136D                     u3730:
  7736     136D                     l2634:
  7737                           
  7738                           ;i2c.c: 20:         SSPADD = 119;
  7739     136D  3077               	movlw	119
  7740     136E  0093               	movwf	19	;volatile
  7741                           
  7742                           ;i2c.c: 21:     }
  7743     136F  2B77               	goto	l132
  7744     1370                     l2636:
  7745     1370  0874               	movf	I2C_Init_Master@sp_i2c,w
  7746     1371  1D03               	btfss	3,2
  7747     1372  2B74               	goto	u3741
  7748     1373  2B75               	goto	u3740
  7749     1374                     u3741:
  7750     1374  2B77               	goto	l132
  7751     1375                     u3740:
  7752     1375                     l2638:
  7753                           
  7754                           ;i2c.c: 23:         SSPADD = 29;
  7755     1375  301D               	movlw	29
  7756     1376  0093               	movwf	19	;volatile
  7757     1377                     l132:
  7758     1377  0008               	return
  7759     1378                     __end_of_I2C_Init_Master:
  7760                           
  7761                           	psect	text21
  7762     1378                     __ptext21:	
  7763 ;; *************** function _DAC_Init *****************
  7764 ;; Defined at:
  7765 ;;		line 11 in file "mcp4725.c"
  7766 ;; Parameters:    Size  Location     Type
  7767 ;;  add_device      1    wreg     unsigned char 
  7768 ;; Auto vars:     Size  Location     Type
  7769 ;;  add_device      1    5[COMMON] unsigned char 
  7770 ;; Return value:  Size  Location     Type
  7771 ;;                  1    wreg      void 
  7772 ;; Registers used:
  7773 ;;		wreg, status,2, status,0, pclath, cstack
  7774 ;; Tracked objects:
  7775 ;;		On entry : 0/0
  7776 ;;		On exit  : 0/0
  7777 ;;		Unchanged: 0/0
  7778 ;; Data sizes:     COMMON   BANK0   BANK1   BANK3   BANK2
  7779 ;;      Params:         0       0       0       0       0
  7780 ;;      Locals:         1       0       0       0       0
  7781 ;;      Temps:          0       0       0       0       0
  7782 ;;      Totals:         1       0       0       0       0
  7783 ;;Total ram usage:        1 bytes
  7784 ;; Hardware stack levels used: 1
  7785 ;; Hardware stack levels required when called: 2
  7786 ;; This function calls:
  7787 ;;		_I2C_Start
  7788 ;;		_I2C_Stop
  7789 ;;		_I2C_Write
  7790 ;; This function is called by:
  7791 ;;		_main
  7792 ;; This function uses a non-reentrant model
  7793 ;;
  7794                           
  7795     1378                     _DAC_Init:	
  7796                           ;psect for function _DAC_Init
  7797                           
  7798                           
  7799                           ;incstack = 0
  7800                           ; Regs used in _DAC_Init: [wreg+status,2+status,0+pclath+cstack]
  7801                           ;DAC_Init@add_device stored from wreg
  7802     1378  00F5               	movwf	DAC_Init@add_device
  7803     1379                     l3454:
  7804                           
  7805                           ;mcp4725.c: 11: void DAC_Init(unsigned char add_device);mcp4725.c: 12: {;mcp4725.c: 13: 
      +                              I2C_Start();
  7806     1379  160A  118A  2342  160A  118A  	fcall	_I2C_Start
  7807     137E                     l3456:
  7808                           
  7809                           ;mcp4725.c: 14:     I2C_Write(add_device);
  7810     137E  0875               	movf	DAC_Init@add_device,w
  7811     137F  120A  158A  200A  160A  118A  	fcall	_I2C_Write
  7812     1384                     l3458:
  7813                           
  7814                           ;mcp4725.c: 15:     I2C_Write(0x40);
  7815     1384  3040               	movlw	64
  7816     1385  120A  158A  200A  160A  118A  	fcall	_I2C_Write
  7817     138A                     l3460:
  7818                           
  7819                           ;mcp4725.c: 16:     I2C_Write((0x00 & 0xFF0) >> 4);
  7820     138A  3000               	movlw	0
  7821     138B  120A  158A  200A  160A  118A  	fcall	_I2C_Write
  7822     1390                     l3462:
  7823                           
  7824                           ;mcp4725.c: 17:     I2C_Write((0x00 & 0xF) << 4);
  7825     1390  3000               	movlw	0
  7826     1391  120A  158A  200A  160A  118A  	fcall	_I2C_Write
  7827                           
  7828                           ;mcp4725.c: 18:     I2C_Stop();
  7829     1396  120A  158A  2000  160A  118A  	fcall	_I2C_Stop
  7830     139B                     l183:
  7831     139B  0008               	return
  7832     139C                     __end_of_DAC_Init:
  7833                           
  7834                           	psect	text22
  7835     080A                     __ptext22:	
  7836 ;; *************** function _I2C_Write *****************
  7837 ;; Defined at:
  7838 ;;		line 64 in file "i2c.c"
  7839 ;; Parameters:    Size  Location     Type
  7840 ;;  data            1    wreg     unsigned char 
  7841 ;; Auto vars:     Size  Location     Type
  7842 ;;  data            1    4[COMMON] unsigned char 
  7843 ;;  b_ok            2    0        short 
  7844 ;; Return value:  Size  Location     Type
  7845 ;;                  2  164[None  ] short 
  7846 ;; Registers used:
  7847 ;;		wreg
  7848 ;; Tracked objects:
  7849 ;;		On entry : 0/0
  7850 ;;		On exit  : 0/0
  7851 ;;		Unchanged: 0/0
  7852 ;; Data sizes:     COMMON   BANK0   BANK1   BANK3   BANK2
  7853 ;;      Params:         0       0       0       0       0
  7854 ;;      Locals:         1       0       0       0       0
  7855 ;;      Temps:          0       0       0       0       0
  7856 ;;      Totals:         1       0       0       0       0
  7857 ;;Total ram usage:        1 bytes
  7858 ;; Hardware stack levels used: 1
  7859 ;; Hardware stack levels required when called: 1
  7860 ;; This function calls:
  7861 ;;		Nothing
  7862 ;; This function is called by:
  7863 ;;		_DAC_Init
  7864 ;;		_DAC_Write_Value
  7865 ;; This function uses a non-reentrant model
  7866 ;;
  7867                           
  7868     080A                     _I2C_Write:	
  7869                           ;psect for function _I2C_Write
  7870                           
  7871                           
  7872                           ;incstack = 0
  7873                           ; Regs used in _I2C_Write: [wreg]
  7874                           ;I2C_Write@data stored from wreg
  7875     080A  00F4               	movwf	I2C_Write@data
  7876     080B                     l3304:
  7877                           
  7878                           ;i2c.c: 64: short I2C_Write(char data);i2c.c: 65: {;i2c.c: 66:     SSPBUF = data;
  7879     080B  0874               	movf	I2C_Write@data,w
  7880     080C  1283               	bcf	3,5	;RP0=0, select bank0
  7881     080D  1303               	bcf	3,6	;RP1=0, select bank0
  7882     080E  0093               	movwf	19	;volatile
  7883     080F                     l165:	
  7884                           ;i2c.c: 67:     while(PIR1bits.SSPIF == 0);
  7885                           
  7886     080F  1D8C               	btfss	12,3	;volatile
  7887     0810  2812               	goto	u5061
  7888     0811  2813               	goto	u5060
  7889     0812                     u5061:
  7890     0812  280F               	goto	l165
  7891     0813                     u5060:
  7892     0813                     l167:
  7893                           
  7894                           ;i2c.c: 68:     PIR1bits.SSPIF = 0;
  7895     0813  118C               	bcf	12,3	;volatile
  7896     0814                     l3306:
  7897     0814  1683               	bsf	3,5	;RP0=1, select bank1
  7898     0815  1303               	bcf	3,6	;RP1=0, select bank1
  7899     0816  0811               	movf	17,w	;volatile
  7900     0817                     l168:
  7901     0817  0008               	return
  7902     0818                     __end_of_I2C_Write:
  7903                           
  7904                           	psect	text23
  7905     0800                     __ptext23:	
  7906 ;; *************** function _I2C_Stop *****************
  7907 ;; Defined at:
  7908 ;;		line 34 in file "i2c.c"
  7909 ;; Parameters:    Size  Location     Type
  7910 ;;		None
  7911 ;; Auto vars:     Size  Location     Type
  7912 ;;		None
  7913 ;; Return value:  Size  Location     Type
  7914 ;;                  1    wreg      void 
  7915 ;; Registers used:
  7916 ;;		None
  7917 ;; Tracked objects:
  7918 ;;		On entry : 0/0
  7919 ;;		On exit  : 0/0
  7920 ;;		Unchanged: 0/0
  7921 ;; Data sizes:     COMMON   BANK0   BANK1   BANK3   BANK2
  7922 ;;      Params:         0       0       0       0       0
  7923 ;;      Locals:         0       0       0       0       0
  7924 ;;      Temps:          0       0       0       0       0
  7925 ;;      Totals:         0       0       0       0       0
  7926 ;;Total ram usage:        0 bytes
  7927 ;; Hardware stack levels used: 1
  7928 ;; Hardware stack levels required when called: 1
  7929 ;; This function calls:
  7930 ;;		Nothing
  7931 ;; This function is called by:
  7932 ;;		_DAC_Init
  7933 ;;		_DAC_Write_Value
  7934 ;; This function uses a non-reentrant model
  7935 ;;
  7936                           
  7937     0800                     _I2C_Stop:	
  7938                           ;psect for function _I2C_Stop
  7939                           
  7940     0800                     l3302:	
  7941                           ;incstack = 0
  7942                           ; Regs used in _I2C_Stop: []
  7943                           
  7944                           
  7945                           ;i2c.c: 36:     SSPCON2bits.PEN = 1;
  7946     0800  1683               	bsf	3,5	;RP0=1, select bank1
  7947     0801  1303               	bcf	3,6	;RP1=0, select bank1
  7948     0802  1511               	bsf	17,2	;volatile
  7949     0803                     l141:	
  7950                           ;i2c.c: 37:     while(PIR1bits.SSPIF == 0);
  7951                           
  7952     0803  1283               	bcf	3,5	;RP0=0, select bank0
  7953     0804  1D8C               	btfss	12,3	;volatile
  7954     0805  2807               	goto	u5051
  7955     0806  2808               	goto	u5050
  7956     0807                     u5051:
  7957     0807  2803               	goto	l141
  7958     0808                     u5050:
  7959     0808                     l143:
  7960                           
  7961                           ;i2c.c: 38:     PIR1bits.SSPIF = 0;
  7962     0808  118C               	bcf	12,3	;volatile
  7963     0809                     l144:
  7964     0809  0008               	return
  7965     080A                     __end_of_I2C_Stop:
  7966                           
  7967                           	psect	text24
  7968     1342                     __ptext24:	
  7969 ;; *************** function _I2C_Start *****************
  7970 ;; Defined at:
  7971 ;;		line 27 in file "i2c.c"
  7972 ;; Parameters:    Size  Location     Type
  7973 ;;		None
  7974 ;; Auto vars:     Size  Location     Type
  7975 ;;		None
  7976 ;; Return value:  Size  Location     Type
  7977 ;;                  1    wreg      void 
  7978 ;; Registers used:
  7979 ;;		None
  7980 ;; Tracked objects:
  7981 ;;		On entry : 0/0
  7982 ;;		On exit  : 0/0
  7983 ;;		Unchanged: 0/0
  7984 ;; Data sizes:     COMMON   BANK0   BANK1   BANK3   BANK2
  7985 ;;      Params:         0       0       0       0       0
  7986 ;;      Locals:         0       0       0       0       0
  7987 ;;      Temps:          0       0       0       0       0
  7988 ;;      Totals:         0       0       0       0       0
  7989 ;;Total ram usage:        0 bytes
  7990 ;; Hardware stack levels used: 1
  7991 ;; Hardware stack levels required when called: 1
  7992 ;; This function calls:
  7993 ;;		Nothing
  7994 ;; This function is called by:
  7995 ;;		_DAC_Init
  7996 ;;		_DAC_Write_Value
  7997 ;; This function uses a non-reentrant model
  7998 ;;
  7999                           
  8000     1342                     _I2C_Start:	
  8001                           ;psect for function _I2C_Start
  8002                           
  8003     1342                     l3300:	
  8004                           ;incstack = 0
  8005                           ; Regs used in _I2C_Start: []
  8006                           
  8007                           
  8008                           ;i2c.c: 29:     SSPCON2bits.SEN = 1;
  8009     1342  1683               	bsf	3,5	;RP0=1, select bank1
  8010     1343  1303               	bcf	3,6	;RP1=0, select bank1
  8011     1344  1411               	bsf	17,0	;volatile
  8012     1345                     l135:	
  8013                           ;i2c.c: 30:     while(PIR1bits.SSPIF == 0);
  8014                           
  8015     1345  1283               	bcf	3,5	;RP0=0, select bank0
  8016     1346  1D8C               	btfss	12,3	;volatile
  8017     1347  2B49               	goto	u5041
  8018     1348  2B4A               	goto	u5040
  8019     1349                     u5041:
  8020     1349  2B45               	goto	l135
  8021     134A                     u5040:
  8022     134A                     l137:
  8023                           
  8024                           ;i2c.c: 31:     PIR1bits.SSPIF = 0;
  8025     134A  118C               	bcf	12,3	;volatile
  8026     134B                     l138:
  8027     134B  0008               	return
  8028     134C                     __end_of_I2C_Start:
  8029                           
  8030                           	psect	text25
  8031     13C5                     __ptext25:	
  8032 ;; *************** function _int_usart *****************
  8033 ;; Defined at:
  8034 ;;		line 101 in file "Generador_senales.c"
  8035 ;; Parameters:    Size  Location     Type
  8036 ;;		None
  8037 ;; Auto vars:     Size  Location     Type
  8038 ;;		None
  8039 ;; Return value:  Size  Location     Type
  8040 ;;                  1    wreg      void 
  8041 ;; Registers used:
  8042 ;;		wreg
  8043 ;; Tracked objects:
  8044 ;;		On entry : 0/0
  8045 ;;		On exit  : 0/0
  8046 ;;		Unchanged: 0/0
  8047 ;; Data sizes:     COMMON   BANK0   BANK1   BANK3   BANK2
  8048 ;;      Params:         0       0       0       0       0
  8049 ;;      Locals:         0       0       0       0       0
  8050 ;;      Temps:          4       0       0       0       0
  8051 ;;      Totals:         4       0       0       0       0
  8052 ;;Total ram usage:        4 bytes
  8053 ;; Hardware stack levels used: 1
  8054 ;; This function calls:
  8055 ;;		Nothing
  8056 ;; This function is called by:
  8057 ;;		Interrupt level 1
  8058 ;; This function uses a non-reentrant model
  8059 ;;
  8060                           
  8061     13C5                     _int_usart:	
  8062                           ;psect for function _int_usart
  8063                           
  8064     13C5                     i1l2764:
  8065                           
  8066                           ;Generador_senales.c: 103:     if(PIR1bits.RCIF)
  8067     13C5  1283               	bcf	3,5	;RP0=0, select bank0
  8068     13C6  1303               	bcf	3,6	;RP1=0, select bank0
  8069     13C7  1E8C               	btfss	12,5	;volatile
  8070     13C8  2BCA               	goto	u379_21
  8071     13C9  2BCB               	goto	u379_20
  8072     13CA                     u379_21:
  8073     13CA  2BF4               	goto	i1l90
  8074     13CB                     u379_20:
  8075     13CB                     i1l2766:
  8076                           
  8077                           ;Generador_senales.c: 104:     {;Generador_senales.c: 105:         dato=RCREG;
  8078     13CB  081A               	movf	26,w	;volatile
  8079     13CC  00F9               	movwf	_dato
  8080                           
  8081                           ;Generador_senales.c: 106:         ascii=dato;
  8082     13CD  0879               	movf	_dato,w
  8083     13CE  00F0               	movwf	??_int_usart
  8084     13CF  01F1               	clrf	??_int_usart+1
  8085     13D0  0870               	movf	??_int_usart,w
  8086     13D1  1683               	bsf	3,5	;RP0=1, select bank1
  8087     13D2  1303               	bcf	3,6	;RP1=0, select bank1
  8088     13D3  00ED               	movwf	_ascii^(0+128)
  8089     13D4  0871               	movf	??_int_usart+1,w
  8090     13D5  00EE               	movwf	(_ascii+1)^(0+128)
  8091                           
  8092                           ;Generador_senales.c: 107:         TXREG=dato;
  8093     13D6  0879               	movf	_dato,w
  8094     13D7  1283               	bcf	3,5	;RP0=0, select bank0
  8095     13D8  1303               	bcf	3,6	;RP1=0, select bank0
  8096     13D9  0099               	movwf	25	;volatile
  8097     13DA                     i1l81:	
  8098                           ;Generador_senales.c: 109:             ;
  8099                           
  8100                           
  8101                           ;Generador_senales.c: 108:         while(TXSTAbits.TRMT==0)
  8102     13DA  1683               	bsf	3,5	;RP0=1, select bank1
  8103     13DB  1303               	bcf	3,6	;RP1=0, select bank1
  8104     13DC  1C98               	btfss	24,1	;volatile
  8105     13DD  2BDF               	goto	u380_21
  8106     13DE  2BE0               	goto	u380_20
  8107     13DF                     u380_21:
  8108     13DF  2BDA               	goto	i1l81
  8109     13E0                     u380_20:
  8110     13E0                     i1l2768:
  8111                           
  8112                           ;Generador_senales.c: 110:         TXREG=13;
  8113     13E0  300D               	movlw	13
  8114     13E1  1283               	bcf	3,5	;RP0=0, select bank0
  8115     13E2  1303               	bcf	3,6	;RP1=0, select bank0
  8116     13E3  0099               	movwf	25	;volatile
  8117     13E4                     i1l84:	
  8118                           ;Generador_senales.c: 112:             ;
  8119                           
  8120                           
  8121                           ;Generador_senales.c: 111:         while(TXSTAbits.TRMT==0)
  8122     13E4  1683               	bsf	3,5	;RP0=1, select bank1
  8123     13E5  1303               	bcf	3,6	;RP1=0, select bank1
  8124     13E6  1C98               	btfss	24,1	;volatile
  8125     13E7  2BE9               	goto	u381_21
  8126     13E8  2BEA               	goto	u381_20
  8127     13E9                     u381_21:
  8128     13E9  2BE4               	goto	i1l84
  8129     13EA                     u381_20:
  8130     13EA                     i1l2770:
  8131                           
  8132                           ;Generador_senales.c: 113:         TXREG=10;
  8133     13EA  300A               	movlw	10
  8134     13EB  1283               	bcf	3,5	;RP0=0, select bank0
  8135     13EC  1303               	bcf	3,6	;RP1=0, select bank0
  8136     13ED  0099               	movwf	25	;volatile
  8137     13EE                     i1l87:	
  8138                           ;Generador_senales.c: 115:             ;
  8139                           
  8140                           
  8141                           ;Generador_senales.c: 114:         while(TXSTAbits.TRMT==0)
  8142     13EE  1683               	bsf	3,5	;RP0=1, select bank1
  8143     13EF  1303               	bcf	3,6	;RP1=0, select bank1
  8144     13F0  1C98               	btfss	24,1	;volatile
  8145     13F1  2BF3               	goto	u382_21
  8146     13F2  2BF4               	goto	u382_20
  8147     13F3                     u382_21:
  8148     13F3  2BEE               	goto	i1l87
  8149     13F4                     u382_20:
  8150     13F4                     i1l90:
  8151     13F4  0873               	movf	??_int_usart+3,w
  8152     13F5  008A               	movwf	10
  8153     13F6  0E72               	swapf	??_int_usart+2,w
  8154     13F7  0083               	movwf	3
  8155     13F8  0EFE               	swapf	btemp,f
  8156     13F9  0E7E               	swapf	btemp,w
  8157     13FA  0009               	retfie
  8158     13FB                     __end_of_int_usart:
  8159     007E                     btemp	set	126	;btemp
  8160     007E                     wtemp0	set	126
  8161                           
  8162                           	psect	intentry
  8163     0004                     __pintentry:	
  8164                           ;incstack = 0
  8165                           ; Regs used in _int_usart: [wreg]
  8166                           
  8167     0004                     interrupt_function:
  8168     007E                     saved_w	set	btemp
  8169     0004  00FE               	movwf	btemp
  8170     0005  0E03               	swapf	3,w
  8171     0006  00F2               	movwf	??_int_usart+2
  8172     0007  080A               	movf	10,w
  8173     0008  00F3               	movwf	??_int_usart+3
  8174     0009  160A  118A  2BC5   	ljmp	_int_usart
  8175                           
  8176                           	psect	idloc
  8177                           
  8178                           ;Config register IDLOC0 @ 0x2000
  8179                           ;	unspecified, using default values
  8180     2000                     	org	8192
  8181     2000  3FFF               	dw	16383
  8182                           
  8183                           ;Config register IDLOC1 @ 0x2001
  8184                           ;	unspecified, using default values
  8185     2001                     	org	8193
  8186     2001  3FFF               	dw	16383
  8187                           
  8188                           ;Config register IDLOC2 @ 0x2002
  8189                           ;	unspecified, using default values
  8190     2002                     	org	8194
  8191     2002  3FFF               	dw	16383
  8192                           
  8193                           ;Config register IDLOC3 @ 0x2003
  8194                           ;	unspecified, using default values
  8195     2003                     	org	8195
  8196     2003  3FFF               	dw	16383
  8197                           
  8198                           	psect	config
  8199                           
  8200                           ;Config register CONFIG1 @ 0x2007
  8201                           ;	Oscillator Selection bits
  8202                           ;	FOSC = HS, HS oscillator: High-speed crystal/resonator on RA6/OSC2/CLKOUT and RA7/OSC1
      +                          /CLKIN
  8203                           ;	Watchdog Timer Enable bit
  8204                           ;	WDTE = OFF, WDT disabled and can be enabled by SWDTEN bit of the WDTCON register
  8205                           ;	Power-up Timer Enable bit
  8206                           ;	PWRTE = ON, PWRT enabled
  8207                           ;	RE3/MCLR pin function select bit
  8208                           ;	MCLRE = ON, RE3/MCLR pin function is MCLR
  8209                           ;	Code Protection bit
  8210                           ;	CP = OFF, Program memory code protection is disabled
  8211                           ;	Data Code Protection bit
  8212                           ;	CPD = OFF, Data memory code protection is disabled
  8213                           ;	Brown Out Reset Selection bits
  8214                           ;	BOREN = ON, BOR enabled
  8215                           ;	Internal External Switchover bit
  8216                           ;	IESO = OFF, Internal/External Switchover mode is disabled
  8217                           ;	Fail-Safe Clock Monitor Enabled bit
  8218                           ;	FCMEN = ON, Fail-Safe Clock Monitor is enabled
  8219                           ;	Low Voltage Programming Enable bit
  8220                           ;	LVP = OFF, RB3 pin has digital I/O, HV on MCLR must be used for programming
  8221                           ;	In-Circuit Debugger Mode bit
  8222                           ;	DEBUG = 0x1, unprogrammed default
  8223     2007                     	org	8199
  8224     2007  2BE2               	dw	11234
  8225                           
  8226                           ;Config register CONFIG2 @ 0x2008
  8227                           ;	Brown-out Reset Selection bit
  8228                           ;	BOR4V = BOR40V, Brown-out Reset set to 4.0V
  8229                           ;	Flash Program Memory Self Write Enable bits
  8230                           ;	WRT = OFF, Write protection off
  8231     2008                     	org	8200
  8232     2008  3FFF               	dw	16383

Data Sizes:
    Strings     0
    Constant    38
    Data        2
    BSS         13
    Persistent  0
    Stack       0

Auto Spaces:
    Space          Size  Autos    Used
    COMMON           14      7      10
    BANK0            80     80      80
    BANK1            80     67      79
    BANK3            96      0       0
    BANK2            96      0       0

Pointer List with Targets:

    frexp@eptr	PTR int  size(1) Largest target is 2
		 -> floor@expon(BANK1[2]), 

    eval_poly@d	PTR const  size(1) Largest target is 20
		 -> sin@coeff_a(CODE[20]), sin@coeff_b(CODE[16]), 


Critical Paths under _main in COMMON

    _main->_DAC_Write_Value
    _triang->_DAC_Write_Value
    _sinu->_DAC_Write_Value
    _floor->_frexp
    ___flmul->__Umul8_16
    ___fldiv->__Umul8_16
    _sierra->_DAC_Write_Value
    _DAC_Write_Value->_I2C_Write
    _DAC_Init->_I2C_Write

Critical Paths under _int_usart in COMMON

    None.

Critical Paths under _main in BANK0

    _triang->___awdiv
    _sinu->___fltol
    _floor->___fltol
    _frexp->___fleq
    ___fltol->___fladd
    _eval_poly->___fladd
    ___flmul->___xxtofl
    ___fladd->___fldiv
    ___fldiv->___flmul
    _sierra->_DAC_Write_Value

Critical Paths under _int_usart in BANK0

    None.

Critical Paths under _main in BANK1

    _main->_sinu
    _sinu->_sin
    _sin->___flsub
    _floor->___fltol
    ___fltol->___fladd
    _eval_poly->___fladd
    ___flsub->_floor

Critical Paths under _int_usart in BANK1

    None.

Critical Paths under _main in BANK3

    None.

Critical Paths under _int_usart in BANK3

    None.

Critical Paths under _main in BANK2

    None.

Critical Paths under _int_usart in BANK2

    None.

Call Graph Tables:

 ---------------------------------------------------------------------------------
 (Depth) Function   	        Calls       Base Space   Used Autos Params    Refs
 ---------------------------------------------------------------------------------
 (0) _main                                                 2     2      0   45742
                                             65 BANK1      2     2      0
                           _DAC_Init
                    _DAC_Write_Value
                    _I2C_Init_Master
                             _sierra
                               _sinu
                             _triang
 ---------------------------------------------------------------------------------
 (1) _triang                                               6     2      4    2084
                                              8 BANK0      6     2      4
                    _DAC_Write_Value
                            ___awdiv
 ---------------------------------------------------------------------------------
 (2) ___awdiv                                              8     4      4     625
                                              0 BANK0      8     4      4
 ---------------------------------------------------------------------------------
 (1) _sinu                                                14    10      4   41390
                                             51 BANK1     14    10      4
                    _DAC_Write_Value
                            ___fladd
                            ___fldiv
                            ___flmul
                            ___fltol
                           ___xxtofl
                                _sin
 ---------------------------------------------------------------------------------
 (2) _sin                                                 17    13      4   29052
                                             34 BANK1     17    13      4
                            ___fldiv
                             ___flge
                            ___flmul
                            ___flneg
                            ___flsub
                          _eval_poly
                              _floor
 ---------------------------------------------------------------------------------
 (3) _floor                                               10     6      4    7707
                                             16 BANK1     10     6      4
                            ___fladd
                             ___flge
                            ___fltol
                           ___xxtofl
                              _frexp
 ---------------------------------------------------------------------------------
 (4) _frexp                                                7     2      5     928
                                              4 COMMON     2     2      0
                                             12 BANK0      5     0      5
                             ___fleq
 ---------------------------------------------------------------------------------
 (5) ___fleq                                              12     4      8     450
                                              0 BANK0     12     4      8
 ---------------------------------------------------------------------------------
 (4) ___xxtofl                                            14    10      4     836
                                              0 BANK0     14    10      4
 ---------------------------------------------------------------------------------
 (4) ___fltol                                             10     6      4     517
                                             78 BANK0      2     2      0
                                              8 BANK1      8     4      4
                            ___fladd (ARG)
                            ___fldiv (ARG)
                            ___flmul (ARG)
                           ___xxtofl (ARG)
 ---------------------------------------------------------------------------------
 (4) ___flge                                              12     4      8    1306
                                              0 BANK0     12     4      8
 ---------------------------------------------------------------------------------
 (3) _eval_poly                                           16     9      7    8889
                                              8 BANK1     16     9      7
                            ___fladd
                            ___fldiv (ARG)
                            ___flmul
 ---------------------------------------------------------------------------------
 (4) ___flmul                                             26    18      8    4433
                                             14 BANK0     26    18      8
                          __Umul8_16
                           ___xxtofl (ARG)
 ---------------------------------------------------------------------------------
 (5) __Umul8_16                                            9     7      2     980
                                              4 COMMON     2     0      2
                                              0 BANK0      7     7      0
 ---------------------------------------------------------------------------------
 (3) ___flsub                                              8     0      8    4267
                                             26 BANK1      8     0      8
                            ___fladd
                              _floor (ARG)
 ---------------------------------------------------------------------------------
 (4) ___fladd                                             20    12      8    3662
                                             66 BANK0     12     4      8
                                              0 BANK1      8     8      0
                            ___fldiv (ARG)
                            ___flmul (ARG)
                           ___xxtofl (ARG)
 ---------------------------------------------------------------------------------
 (3) ___flneg                                              4     0      4     245
                                              0 BANK0      4     0      4
 ---------------------------------------------------------------------------------
 (3) ___fldiv                                             26    18      8    1425
                                             40 BANK0     26    18      8
                          __Umul8_16 (ARG)
                            ___flmul (ARG)
                           ___xxtofl (ARG)
 ---------------------------------------------------------------------------------
 (1) _sierra                                               6     2      4    1366
                                              3 BANK0      6     2      4
                    _DAC_Write_Value
 ---------------------------------------------------------------------------------
 (2) _DAC_Write_Value                                      5     3      2     764
                                              5 COMMON     2     0      2
                                              0 BANK0      3     3      0
                          _I2C_Start
                           _I2C_Stop
                          _I2C_Write
 ---------------------------------------------------------------------------------
 (1) _I2C_Init_Master                                      1     1      0      66
                                              4 COMMON     1     1      0
 ---------------------------------------------------------------------------------
 (1) _DAC_Init                                             1     1      0      72
                                              5 COMMON     1     1      0
                          _I2C_Start
                           _I2C_Stop
                          _I2C_Write
 ---------------------------------------------------------------------------------
 (3) _I2C_Write                                            3     3      0      41
                                              4 COMMON     1     1      0
 ---------------------------------------------------------------------------------
 (3) _I2C_Stop                                             0     0      0       0
 ---------------------------------------------------------------------------------
 (3) _I2C_Start                                            0     0      0       0
 ---------------------------------------------------------------------------------
 Estimated maximum stack depth 5
 ---------------------------------------------------------------------------------
 (Depth) Function   	        Calls       Base Space   Used Autos Params    Refs
 ---------------------------------------------------------------------------------
 (6) _int_usart                                            4     4      0       0
                                              0 COMMON     4     4      0
 ---------------------------------------------------------------------------------
 Estimated maximum stack depth 6
 ---------------------------------------------------------------------------------

 Call Graph Graphs:

 _main (ROOT)
   _DAC_Init
     _I2C_Start
     _I2C_Stop
     _I2C_Write
   _DAC_Write_Value
     _I2C_Start
     _I2C_Stop
     _I2C_Write
   _I2C_Init_Master
   _sierra
     _DAC_Write_Value
   _sinu
     _DAC_Write_Value
     ___fladd
       ___fldiv (ARG)
         __Umul8_16 (ARG)
         ___flmul (ARG)
           __Umul8_16
           ___xxtofl (ARG)
         ___xxtofl (ARG)
       ___flmul (ARG)
       ___xxtofl (ARG)
     ___fldiv
     ___flmul
     ___fltol
       ___fladd (ARG)
       ___fldiv (ARG)
       ___flmul (ARG)
       ___xxtofl (ARG)
     ___xxtofl
     _sin
       ___fldiv
       ___flge
       ___flmul
       ___flneg
       ___flsub
         ___fladd
         _floor (ARG)
           ___fladd
           ___flge
           ___fltol
           ___xxtofl
           _frexp
             ___fleq
       _eval_poly
         ___fladd
         ___fldiv (ARG)
         ___flmul (ARG)
       _floor
   _triang
     _DAC_Write_Value
     ___awdiv

 _int_usart (ROOT)

 Address spaces:
Name               Size   Autos  Total    Cost      Usage
BANK3               60      0       0       9        0.0%
BITBANK3            60      0       0       8        0.0%
SFR3                 0      0       0       4        0.0%
BITSFR3              0      0       0       4        0.0%
BANK2               60      0       0      11        0.0%
BITBANK2            60      0       0      10        0.0%
SFR2                 0      0       0       5        0.0%
BITSFR2              0      0       0       5        0.0%
BANK1               50     43      4F       7       98.8%
BITBANK1            50      0       0       6        0.0%
SFR1                 0      0       0       2        0.0%
BITSFR1              0      0       0       2        0.0%
BANK0               50     50      50       5      100.0%
BITBANK0            50      0       0       4        0.0%
SFR0                 0      0       0       1        0.0%
BITSFR0              0      0       0       1        0.0%
COMMON               E      7       A       1       71.4%
BITCOMMON            E      0       0       0        0.0%
CODE                 0      0       0       0        0.0%
DATA                 0      0      A9      12        0.0%
ABS                  0      0      A9       3        0.0%
NULL                 0      0       0       0        0.0%
STACK                0      0       0       2        0.0%
EEDATA             100      0       0       0        0.0%


Microchip Technology PIC Macro Assembler V2.41 build 20230208172133 
Symbol Table                                                                                   Thu Sep 10 12:34:24 2026

           ___fldiv@aexp 0061             ___fldiv@bexp 0060                        _n 00E5  
                      _t 0077                        pc 0002             ___fldiv@sign 0059  
     DAC_Init@add_device 0075                       l60 0B2D                       l96 07B1  
           ___awdiv@sign 0025                       _dl 102A                       fsr 0004  
       ?_DAC_Write_Value 0075      __Umul8_16@word_mpld 0024                      l110 07F6  
                    l102 15E7                      l104 1613                      l132 1377  
                    l141 0803                      l135 1345                      l143 0808  
                    l144 0809                      l137 134A                      l138 134B  
                    l165 080F                      l167 0813                      l183 139B  
                    l168 0817                      l441 14AA                      l425 1598  
                    l186 143B                      l450 1745                      l442 14C6  
                    l611 148B                      l443 14DB                      l621 0BAD  
                    l454 1358                      l446 16C0                      l623 0D25  
                    l608 0FFF                      l449 172C                      l465 168A  
                    l705 176A                      l458 16A1                      l643 0D11  
                    l571 0DEB                      l707 17FF                      l468 16A1  
                    l637 0C9F                      l565 0D89                      l661 0372  
                    l741 08F1                      l733 0520                      l590 0F53  
                    l718 17C9                      l734 066E                      l719 17D5  
                    l735 066E                      l680 13B2                      l569 0E1E  
                    l586 0F27                      l578 0FFF                      l682 13C4  
                    l667 02E2                      l596 0F75                      l756 152F  
                    l748 0A22                      _res 00EB                      _sin 0373  
                    fsr0 0004                      indf 0000             ___flmul@aexp 003C  
           ___flmul@bexp 0041             ___flmul@sign 003B             ___flmul@temp 0046  
           ___flmul@prod 0042             ___fltol@exp1 006F                     l3000 0E47  
                   l3010 0E60                     l3002 0E4B                     l3020 0EFF  
                   l3012 0E61                     l3004 0E4F                     l3100 003B  
                   l3030 0F2F                     l3022 0F03                     l3014 0E70  
                   l3006 0E5A                     l3110 0050                     l3102 003C  
                   l2400 0BD3                     l3040 0F52                     l3032 0F34  
                   l3024 0F05                     l3008 0E5C                     l3016 0E77  
                   l3120 0066                     l3112 0058                     l3104 0041  
                   l2410 0BFE                     l3042 0F57                     l3050 0F63  
                   l3026 0F0A                     l3018 0E8D                     l3210 0317  
                   l3202 02E7                     l3130 0082                     l3122 006B  
                   l3114 005D                     l3106 0046                     l3300 1342  
                   l2420 0C23                     l2412 0C06                     l2404 0BDC  
                   l3044 0F5A                     l3036 0F3D                     l3028 0F19  
                   l3052 0F67                     l3220 034E                     l3204 02EC  
                   l3212 031D                     l3140 00A3                     l3132 0087  
                   l3124 0070                     l3116 0061                     l3108 004E  
                   l3302 0800                     l2430 0C4E                     l2422 0C24  
                   l2414 0C08                     l2406 0BEE                     l2350 0B57  
                   l3310 134C                     l3070 0FCB                     l3062 0F7A  
                   l3054 0F68                     l3046 0F5C                     l3038 0F4C  
                   l3222 0350                     l3230 0366                     l3214 032A  
                   l3206 02FA                     l3150 012D                     l3142 00B0  
                   l3134 008C                     l3126 0078                     l3118 0065  
                   l3304 080B                     l2440 0C6B                     l2416 0C0D  
                   l2424 0C2D                     l2432 0C52                     l2408 0BF6  
                   l2360 0B6A                     l2352 0B5C                     l3312 1356  
                   l3080 0FE6                     l3064 0F7F                     l3072 0FCF  
                   l3056 0F6C                     l3048 0F61                     l3320 1440  
                   l3232 036A                     l3224 035C                     l3216 0335  
                   l3208 02FE                     l3160 018B                     l3152 0149  
                   l3144 00CB                     l3128 007A                     l3240 1752  
                   l3400 056D                     l3306 0814                     l2450 0C83  
                   l2442 0C6F                     l2434 0C58                     l2426 0C3F  
                   l2418 0C1F                     l2370 0B82                     l2362 0B6F  
                   l2354 0B60                     l3314 1358                     l3090 0FFA  
                   l3082 0FE7                     l3074 0FD4                     l3066 0F8D  
                   l3058 0F72                     l3226 0360                     l3218 0344  
                   l3170 0215                     l3162 01A8                     l3154 0152  
                   l3146 00E7                     l3138 0095                     l3250 177E  
                   l3242 1762                     l3330 093E                     l3402 058A  
                   l3410 1530                     l3500 07B2                     l2460 0CA4  
                   l2452 0C84                     l2444 0C70                     l2436 0C60  
                   l2428 0C40                     l2380 0B95                     l2372 0B87  
                   l2364 0B77                     l2356 0B64                     l3092 0FFE  
                   l3084 0FEB                     l3076 0FD9                     l3068 0F91  
                   l3228 0361                     l3180 02A5                     l3172 0240  
                   l3164 01BF                     l3156 0160                     l3148 0111  
                   l3260 17A4                     l3252 1782                     l3244 1772  
                   l3236 1749                     l3340 095D                     l3324 08F2  
                   l3404 0635                     l3420 1542                     l3412 1533  
                   l2630 1364                     l3510 07F2                     l3502 07B3  
                   l2462 0CA9                     l2470 0CDA                     l2454 0C88  
                   l2446 0C79                     l2438 0C62                     l2390 0BB5  
                   l2382 0B9A                     l2374 0B8B                     l2366 0B78  
                   l2358 0B65                     l3086 0FED                     l3078 0FE1  
                   l3318 143C                     l3182 02AE                     l3190 02C2  
                   l3174 0266                     l3166 01DC                     l3158 017D  
                   l3094 002E                     l3270 17CD                     l3262 17AD  
                   l3254 178B                     l3238 174E                     l3350 0A18  
                   l3342 095E                     l3334 0949                     l3326 0911  
                   l3406 063A                     l3430 1556                     l3422 1547  
                   l3414 1537                     l2632 1367                     l3504 07BF  
                   l2480 0D10                     l2472 0CE7                     l2464 0CB7  
                   l2456 0C9C                     l2448 0C7F                     l2392 0BC1  
                   l2384 0BA2                     l2376 0B8F                     l2368 0B7A  
                   l3088 0FF1                     l3192 02C6                     l3184 02B2  
                   l3176 028E                     l3168 0207                     l3096 0033  
                   l3360 08E9                     l3280 17F7                     l3272 17D7  
                   l3264 17B4                     l3256 1792                     l3248 177B  
                   l3344 09A1                     l3328 0917                     l3440 157C  
                   l3432 155D                     l3424 154B                     l3416 153C  
                   l3520 0A36                     l3512 0A23                     l2634 136D  
                   l2626 135A                     l3370 1411                     l3506 07CF  
                   l2482 0D15                     l2474 0CF5                     l2466 0CBB  
                   l2394 0BC5                     l2386 0BA3                     l2378 0B90  
                   l3194 02C7                     l3186 02B3                     l3178 0297  
                   l3098 0037                     l3354 0818                     l3274 17ED  
                   l3266 17BF                     l3258 1796                     l2810 148C  
                   l3290 1500                     l3346 09D8                     l3338 0954  
                   l3450 1594                     l3442 157D                     l3434 1561  
                   l3426 154D                     l3418 153E                     l3530 0A42  
                   l3522 0A38                     l3514 0A26                     l3460 138A  
                   l2636 1370                     l2628 135E                     l3372 1424  
                   l3364 13FE                     l3508 07DA                     l2484 0D19  
                   l2476 0D04                     l2468 0CD4                     l2388 0BA5  
                   l2900 0D37                     l3196 02CB                     l3188 02BC  
                   l3356 0847                     l3276 17F2                     l3268 17C3  
                   l2812 14A2                     l3292 151D                     l3284 14DC  
                   l3380 039D                     l3444 1584                     l3436 1565  
                   l3428 1553                     l3540 0A58                     l3532 0A44  
                   l3524 0A3B                     l3516 0A2C                     l3462 1390  
                   l3454 1379                     l2638 1375                     l3374 1436  
                   l3366 1403                     l2486 0D1B                     l2478 0D08  
                   l2398 0BCE                     l2910 0D4B                     l2902 0D38  
                   l2830 13BB                     l2822 139F                     l3198 02DF  
                   l3358 08E3                     l3278 17F6                     l2814 14BE  
                   l3294 152A                     l3286 14F7                     l3390 0480  
                   l3382 03D2                     l3470 06E5                     l3438 1576  
                   l3446 158A                     l3550 0AA3                     l3542 0A63  
                   l3534 0A47                     l3526 0A3E                     l3518 0A32  
                   l3456 137E                     l3368 140B                     l2488 0D1F  
                   l2920 0D5F                     l2904 0D3D                     l2912 0D4D  
                   l2832 13C0                     l2824 13A1                     l2840 16D4  
                   l2816 14D8                     l3296 152E                     l3392 04AB  
                   l3384 03D4                     l3376 0373                     l3480 07A2  
                   l3472 0774                     l3464 066F                     l3448 158F  
                   l3608 0B34                     l3560 0AED                     l3552 0AB1  
                   l3544 0A78                     l3536 0A4A                     l3528 0A3F  
                   l3458 1384                     l2930 0D76                     l2922 0D67  
                   l2914 0D55                     l2906 0D42                     l2826 13A8  
                   l2850 1742                     l2842 16DC                     l2818 14DA  
                   l3394 04CC                     l3386 0413                     l3378 0376  
                   l3482 07A6                     l3474 077E                     l3466 0670  
                   l3490 15AF                     l3562 0AFD                     l3554 0ABF  
                   l3546 0A82                     l3538 0A4E                     l3570 0B2D  
                   l2940 0D93                     l2932 0D7E                     l2924 0D6B  
                   l2916 0D58                     l2908 0D4A                     l2828 13AC  
                   l2852 1744                     l2844 16E0                     l2836 16A2  
                   l3396 04D4                     l3388 0441                     l3476 0788  
                   l3468 06CE                     l3492 15D2                     l3484 1599  
                   l3564 0B0D                     l3556 0ACD                     l3548 0A97  
                   l2950 0D9F                     l2942 0D97                     l2934 0D7F  
                   l2926 0D6C                     l2918 0D5E                     l2846 1704  
                   l2838 16B8                     l2870 1652                     l2862 162C  
                   l3398 04FF                     l3478 0793                     l3494 15DD  
                   l3486 159A                     l3566 0B1D                     l3558 0ADD  
                   l2960 0DA9                     l2952 0DA1                     l2944 0D99  
                   l2928 0D71                     l2936 0D81                     l2848 1708  
                   l2880 1669                     l2872 1656                     l2864 1643  
                   l2856 1614                     l3488 15A4                     l3496 15F5  
                   l2970 0DB3                     l2962 0DAB                     l2954 0DA3  
                   l2946 0D9B                     l2938 0D8F                     l2890 168F  
                   l2882 1674                     l2866 1646                     l2858 1621  
                   l3498 160D                     l2980 0DFA                     l2964 0DAD  
                   l2956 0DA5                     l2948 0D9D                     l2972 0DB5  
                   l2892 1694                     l2868 164E                     l2982 0DFC  
                   l2990 0E16                     l2974 0DB6                     l2966 0DAF  
                   l2958 0DA7                     l2894 0D26                     l2878 165E  
                   l2992 0E22                     l2984 0E00                     l2976 0DD3  
                   l2968 0DB1                     l2896 0D2B                     l2888 167B  
                   l2994 0E27                     l2986 0E01                     l2978 0DEF  
                   l2898 0D33                     l2988 0E10                     l2998 0E30  
                   ?_sin 00C2          sierra@amplitud3 0023                     u3200 0B6A  
                   u3201 0B69                     u3210 0B6F                     u4010 1673  
                   u3211 0B6E                     u4011 1672                     u3300 0C23  
                   u3220 0B8F                     u4100 0D6B                     u4020 167A  
                   u3301 0C22                     u3221 0B8E                     u4101 0D6A  
                   u4021 1679                     u4005 165F                     u3230 0B95  
                   u4110 0D71                     u3231 0B94                     u4111 0D70  
                   u3400 0C9C                     u3320 0C3F                     u3240 0B9A  
                   u4120 0D76                     u4040 168F                     u5000 17E2  
                   u3401 0C9B                     u3321 0C3E                     u3241 0B99  
                   u4121 0D75                     u4041 168E                     u3410 0CA3  
                   u3330 0C58                     u3250 0BB5                     u4210 0E1E  
                   u4130 0D8F                     u4050 1694                     u5010 17F2  
                   u3411 0CA2                     u3331 0C57                     u3315 0C26  
                   u3251 0BB4                     u4211 0E1D                     u4131 0D8E  
                   u4051 1693                     u4035 167F                     u5011 17F1  
                   u3420 0CA9                     u3340 0C60                     u3260 0BD3  
                   u4220 0E22                     u4140 0D93                     u4060 0D37  
                   u5020 17F6                     u5100 095D                     u3421 0CA8  
                   u3341 0C5F                     u3325 0C3B                     u3261 0BD2  
                   u4301 0EBC                     u4221 0E21                     u4205 0E05  
                   u4141 0D92                     u4061 0D36                     u5021 17F5  
                   u5005 17DD                     u5101 095C                     u3430 0CBB  
                   u3270 0C0D                     u3190 0B64                     u4310 0EDE  
                   u4302 0EBF                     u4230 0E27                     u4150 0DD3  
                   u4070 0D3D                     u5030 14F7                     u5110 09D8  
                   u3431 0CBA                     u3271 0C0C                     u3191 0B63  
                   u4311 0EDF                     u4303 0EC6                     u4231 0E26  
                   u4151 0DD2                     u4071 0D3C                     u5031 14F6  
                   u5111 09D7                     u5040 134A                     u3440 0CCA  
                   u3360 0C6F                     u4400 0F6C                     u4320 0F0A  
                   u4312 0EE4                     u4304 0EC9                     u4160 0DDE  
                   u4080 0D42                     u5200 04D3                     u5041 1349  
                   u3361 0C6E                     u4401 0F6B                     u4321 0F09  
                   u4313 0EE5                     u4305 0ED0                     u4241 0E39  
                   u4161 0DDC                     u4081 0D41                     u5050 0808  
                   u3450 0CE7                     u4410 0F72                     u4330 0F2F  
                   u4306 0ED3                     u4250 0E4B                     u4242 0E40  
                   u4170 0DDF                     u4090 0D5E                     u5210 04FF  
                   u5051 0807                     u3451 0CE6                     u3355 0C64  
                   u4411 0F71                     u4331 0F2E                     u4251 0E4A  
                   u4243 0E47                     u4155 0DCF                     u4091 0D5D  
                   u5211 04FE                     u5060 0813                     u3460 0D04  
                   u3380 0C83                     u4500 0FEB                     u4420 0F79  
                   u4340 0F34                     u4260 0E4F                     u4180 0DEF  
                   u5140 08E9                     u5220 063A                     u5061 0812  
                   u3461 0D03                     u3445 0CC5                     u3381 0C82  
                   u3285 0C0F                     u4501 0FEA                     u4421 0F78  
                   u4341 0F33                     u4261 0E4E                     u4181 0DEE  
                   u5141 08E8                     u5125 081D                     u5221 0639  
                   u3470 0D19                     u3390 0C88                     u5070 1356  
                   u4510 0FFE                     u4430 0F7F                     u4270 0E60  
                   u4190 0E00                     u5310 158A                     u5230 1537  
                   u3471 0D18                     u3455 0CE3                     u3391 0C87  
                   u3375 0C72                     u3295 0C18                     u5071 1355  
                   u4511 0FFD                     u4431 0F7E                     u4271 0E5F  
                   u4191 0DFF                     u5135 0850                     u5311 1589  
                   u5231 1536                     u4440 0F91                     u4360 0F52  
                   u4520 003B                     u5080 0917                     u5320 158F  
                   u5240 1542                     u3465 0D00                     u4441 0F90  
                   u4361 0F51                     u4601 00D9                     u4521 003A  
                   u5081 0916                     u5321 158E                     u5305 157E  
                   u5241 1541                     u3730 136D                     u4450 0FAE  
                   u4370 0F57                     u4290 0E8D                     u4602 00E0  
                   u4530 0041                     u5090 093E                     u5170 039D  
                   u5330 07A2                     u5250 1553                     u3731 136C  
                   u5155 1419                     u4371 0F56                     u4355 0F41  
                   u4291 0E8C                     u4611 00F5                     u4603 00E7  
                   u4531 0040                     u5091 093D                     u5171 039C  
                   u5331 07A1                     u5251 1552                     u3740 1375  
                   u4460 0FCB                     u4380 0F61                     u4612 00FC  
                   u4540 0046                     u3900 16D4                     u5180 04AB  
                   u5340 15D2                     u3741 1374                     u5165 142A  
                   u4461 0FCA                     u4381 0F60                     u4293 0E89  
                   u4285 0E65                     u4701 0224                     u4621 011F  
                   u4613 0103                     u4541 0045                     u3901 16D3  
                   u5181 04AA                     u5341 15D1                     u4470 0FD4  
                   u4390 0F67                     u4710 024C                     u4702 022B  
                   u4622 0126                     u4550 0065                     u3910 16E0  
                   u3830 14A2                     u5190 04D2                     u5270 1565  
                   u5350 160D                     u4471 0FD3                     u4455 0FA9  
                   u4391 0F66                     u4703 0232                     u4631 013B  
                   u4623 012D                     u4551 0064                     u3911 16DF  
                   u3831 14A1                     u5191 04D0                     u5335 079E  
                   u5271 1564                     u5351 160C                     u5407 0A9D  
                   u5360 07F2                     u4480 0FD9                     u4800 02CB  
                   u4632 0142                     u4560 006B                     u3840 14BE  
                   u5361 07F1                     u4481 0FD8                     u4801 02CA  
                   u4721 0258                     u4633 0149                     u4561 006A  
                   u3921 16EF                     u3841 14BD                     u5265 1557  
                   u5345 15CE                     u5417 15AA                     u4490 0FE6  
                   u4810 02DF                     u4730 0274                     u4722 025F  
                   u4570 0070                     u3930 1708                     u3922 16F0  
                   u3850 14D8                     u5290 1576                     u4491 0FE5  
                   u4811 02DE                     u4723 0266                     u4715 0247  
                   u4651 016F                     u4571 006F                     u3931 1707  
                   u3923 16F5                     u3851 14D7                     u5427 078E  
                   u5291 1575                     u5355 1609                     u3860 13AC  
                   u4820 02E6                     u4652 0176                     u4580 0087  
                   u3924 16F6                     u4900 1752                     u5365 07EE  
                   u3861 13AB                     u4821 02E5                     u4741 0280  
                   u4661 019A                     u4653 017D                     u4645 014B  
                   u4581 0086                     u3941 1717                     u3925 16FB  
                   u4901 1751                     u5437 07AC                     u5285 1566  
                   u4830 02EC                     u4742 0287                     u4662 01A1  
                   u4590 008C                     u3950 1742                     u3942 1718  
                   u3926 16FC                     u4910 1772                     u5447 07D5  
                   u4831 02EB                     u4743 028E                     u4735 026F  
                   u4663 01A8                     u4591 008B                     u3951 1741  
                   u3943 171D                     u4911 1771                     u3855 14D4  
                   u5295 1572                     u3880 13C0                     u4840 02FE  
                   u3944 171E                     u3960 1621                     i1l81 13DA  
                   u3881 13BF                     u4841 02FD                     u4681 01CE  
                   u3945 1723                     u3961 1620                     u5377 0A5E  
                   i1l90 13F4                     u4850 030D                     u4770 02B2  
                   u4682 01D5                     u3946 1724                     u3890 16B8  
                   u3970 163C                     u4930 1791                     u3875 13B3  
                   u4771 02B1                     u4755 0290                     u4691 01F9  
                   u4683 01DC                     u4675 01AA                     u3955 173E  
                   u3891 16B7                     u4931 1790                     u5387 0A73  
                   i1l84 13E4                     u4860 032A                     u4692 0200  
                   u3980 1656                     u4861 0329                     u4765 02A7  
                   u4693 0207                     u3981 1655                     u4925 1783  
                   u5397 0A88                     u4870 0344                     u4790 02C6  
                   u3990 165D                     u4950 17B3                     i1l87 13EE  
                   u4871 0343                     u4855 0308                     u4791 02C5  
                   u3991 165C                     u3975 1637                     u4951 17B2  
                   u4880 0360                     u4881 035F                     u4865 0326  
                   u4785 02B5                     u4945 17A5                     u4970 17C3  
                   u4890 174E                     u4875 0340                     u4971 17C2  
                   u4891 174D                     u4980 17C9                     u4981 17C8  
                   u4965 17B8                     u4990 17CD                     u4991 17CC  
                   _dato 0079                     _ampl 00E9                     _main 0A23  
                   _sinu 066F                     btemp 007E                     _vsin 00E7  
       __end_of_I2C_Stop 080A                     sin@f 00C2                     sin@y 00C6  
       __end_of_DAC_Init 139C                     start 000C         ?_I2C_Init_Master 0070  
        ___fldiv@new_exp 005A                    ??_sin 0076            ___fltol@sign1 006E  
        __end_of___fladd 1000                    ?_main 0070          __end_of___fldiv 0D26  
        __end_of___awdiv 1599          __end_of___flneg 1359          __end_of___flmul 0373  
                  ?_sinu 00D3          __end_of___flsub 148C          __end_of___fltol 16A2  
                  _ANSEL 0188          ___awdiv@divisor 0020          ___awdiv@counter 0024  
                  _RCREG 001A                    _SPBRG 0099       __end_ofsin@coeff_a 101A  
     __end_ofsin@coeff_b 102A                    _TXREG 0019                    _ascii 00ED  
                  _floor 08F2                    _frexp 14DC                    _errno 00E3  
      __end_of_I2C_Start 134C        __end_of_I2C_Write 0818                    pclath 000A  
                  sin@x2 00CE                    status 0003                    wtemp0 007E  
        __initialization 000F             __end_of_main 0B57             __end_of_sinu 07B2  
                 ??_main 00E1                   ??_sinu 00D7                   ?_floor 00B0  
                 ?_frexp 002C         ___awdiv@dividend 0022                   i1l2770 13EA  
                 i1l2764 13C5                   i1l2766 13CB                   i1l2768 13E0  
                 _INTCON 000B                   u380_20 13E0                   u380_21 13DF  
                 u381_20 13EA                   u381_21 13E9                   u382_20 13F4  
                 u382_21 13F3                   u379_20 13CB                   u379_21 13CA  
                 _SPBRGH 009A                   _SSPADD 0093                   _SSPCON 0014  
                 _SSPBUF 0013         __end_of___xxtofl 1800                   ___flge 16A2  
                 ___fleq 148C                ??___fladd 00A0                ??___fldiv 0050  
              ??___awdiv 0074                ??___flneg 0074                ??___flmul 0036  
              ??___flsub 0076                ??___fltol 00AC         ___awdiv@quotient 0026  
                 _sierra 07B2                   _triang 1599                   floor@i 00B4  
                 floor@x 00B0                ?_I2C_Stop 0070                   sin@sgn 00D2  
                 saved_w 007E                ?_DAC_Init 0070               ___flge@ff1 0020  
             ___flge@ff2 0024             ___xxtofl@arg 002A             ___xxtofl@exp 0029  
           ___xxtofl@val 0020               ___fleq@ff1 0020               ___fleq@ff2 0024  
__end_of__initialization 002A               ___flneg@f1 0020             eval_poly@res 00B4  
             ___fltol@f1 00A8           __pcstackCOMMON 0070             __pidataBANK1 07F7  
          __end_of_floor 0A23            __end_of_frexp 1530               __end_of_dl 102C  
             ??_I2C_Stop 0074               ??_DAC_Init 0075                  ??_floor 0076  
                ??_frexp 0074               __pbssBANK1 00E3        __end_of__Umul8_16 13C5  
             __pmaintext 0A23                  ?___flge 0020                  ?___fleq 0020  
             __pintentry 0004                  ?_sierra 0023                  ?_triang 0028  
              ?___xxtofl 0020                  _SSPCON2 0091                  _SSPSTAT 0094  
             __stringtab 1000          triang@amplitud2 0028                _I2C_Start 1342  
              _I2C_Write 080A                  ___fladd 0D26                  ___fldiv 0B57  
                ___awdiv 1530                  ___flneg 134C                  ___flmul 002E  
                ___flsub 143C                  ___fltol 1614        __end_of_eval_poly 08F2  
                __ptext1 1599                  __ptext2 1530                  __ptext3 066F  
                __ptext4 0373                  __ptext5 08F2                  __ptext6 14DC  
                __ptext7 148C                  __ptext8 1746                  __ptext9 1614  
      sierra@resolucion3 0025               ??___xxtofl 0024        __end_of_int_usart 13FB  
   end_of_initialization 002A   DAC_Write_Value@address 0022               ?_I2C_Start 0070  
             ?_I2C_Write 0070                _RCSTAbits 0018              ___fladd@grs 006D  
          ___xxtofl@sign 0028                _TRISCbits 0087              ___fldiv@grs 005C  
            ___fldiv@rem 0055              ___flmul@grs 003D                _TXSTAbits 0098  
      ??_DAC_Write_Value 0020           __end_of___flge 1746           __end_of___fleq 14DC  
            _BAUDCTLbits 0187               floor@expon 00B8           __end_of_sierra 07F7  
         __end_of_triang 1614      start_initialization 000F               eval_poly@d 00AC  
      ??_I2C_Init_Master 0074               eval_poly@n 00AD               eval_poly@x 00A8  
            __end_of_sin 066F    I2C_Init_Master@sp_i2c 0074               frexp@value 002C  
            ??_I2C_Start 0074              ??_I2C_Write 0074                 ??___flge 0028  
               ??___fleq 0028                __Umul8_16 139C              __pdataBANK1 00ED  
               ??_sierra 0027                 ??_triang 002C                ___fladd@a 0066  
              ___fladd@b 0062                ___fldiv@a 0048                ___fldiv@b 004C  
              ___flmul@a 0032                ___flmul@b 002E              __pbssCOMMON 0077  
              ___flsub@a 00BA                ___flsub@b 00BE                ___latbits 0002  
          __pcstackBANK0 0020            __pcstackBANK1 00A0               sin@coeff_a 1006  
             sin@coeff_b 101A                 ?___fladd 0062                 ?___fldiv 0048  
               ?___awdiv 0020                 ?___flneg 0020                 ?___flmul 002E  
               ?___flsub 00BA                 ?___fltol 00A8               ?__Umul8_16 0074  
              __pstrings 1000                _eval_poly 0818                 _I2C_Stop 0800  
               _DAC_Init 1378                _int_usart 13C5                _sinu$1060 00DD  
              _sinu$1059 00D9        interrupt_function 0004                 _PIE1bits 008C  
         sinu@resolucion 00D5                 _PIR1bits 000C              __stringbase 1005  
             ?_eval_poly 00A8        triang@resolucion2 002A          _DAC_Write_Value 13FB  
             ?_int_usart 0070                frexp@eptr 0030      DAC_Write_Value@data 0075  
        _I2C_Init_Master 1359            I2C_Write@data 0074              ??__Umul8_16 0020  
     __end_of__stringtab 1006                 ___xxtofl 1746                 __ptext10 16A2  
               __ptext11 0818                 __ptext20 1359                 __ptext12 002E  
               __ptext21 1378                 __ptext13 139C                 __ptext22 080A  
               __ptext14 143C                 __ptext23 0800                 __ptext15 0D26  
               __ptext24 1342                 __ptext16 134C                 __ptext25 13C5  
               __ptext17 0B57                 __ptext18 07B2                 __ptext19 13FB  
               _sin$1061 00CA  __end_of_DAC_Write_Value 143C              ??_eval_poly 00AF  
           sinu@amplitud 00D3                 intlevel1 0000              ??_int_usart 0070  
__end_of_I2C_Init_Master 1378                stringcode 1000   __Umul8_16@multiplicand 0074  
               stringdir 1000                 stringtab 1000              _SSPCON2bits 0091  
          ___fladd@signs 006A             ___fladd@aexp 006B             ___fladd@bexp 006C  
   __Umul8_16@multiplier 0026        __Umul8_16@product 0022  
